ISO-10303-21;
HEADER;
FILE_DESCRIPTION(('KiCad electronic assembly'),'2;1');
FILE_NAME('LSwarm Mk1.step','2026-07-27T15:48:52',('Pcbnew'),('Kicad'),
  'Open CASCADE STEP processor 7.9','KiCad to STEP converter','Unknown'
  );
FILE_SCHEMA(('AUTOMOTIVE_DESIGN { 1 0 10303 214 1 1 1 1 }'));
ENDSEC;
DATA;
#1 = APPLICATION_PROTOCOL_DEFINITION('international standard',
  'automotive_design',2000,#2);
#2 = APPLICATION_CONTEXT(
  'core data for automotive mechanical design processes');
#3 = SHAPE_DEFINITION_REPRESENTATION(#4,#10);
#4 = PRODUCT_DEFINITION_SHAPE('','',#5);
#5 = PRODUCT_DEFINITION('design','',#6,#9);
#6 = PRODUCT_DEFINITION_FORMATION('','',#7);
#7 = PRODUCT('LSwarm Mk1 1','LSwarm Mk1 1','',(#8));
#8 = PRODUCT_CONTEXT('',#2,'mechanical');
#9 = PRODUCT_DEFINITION_CONTEXT('part definition',#2,'design');
#10 = SHAPE_REPRESENTATION('',(#11,#15),#19);
#11 = AXIS2_PLACEMENT_3D('',#12,#13,#14);
#12 = CARTESIAN_POINT('',(0.,0.,0.));
#13 = DIRECTION('',(0.,0.,1.));
#14 = DIRECTION('',(1.,0.,-0.));
#15 = AXIS2_PLACEMENT_3D('',#16,#17,#18);
#16 = CARTESIAN_POINT('',(0.,0.,0.));
#17 = DIRECTION('',(0.,0.,1.));
#18 = DIRECTION('',(1.,0.,-0.));
#19 = ( GEOMETRIC_REPRESENTATION_CONTEXT(3) 
GLOBAL_UNCERTAINTY_ASSIGNED_CONTEXT((#23)) GLOBAL_UNIT_ASSIGNED_CONTEXT(
(#20,#21,#22)) REPRESENTATION_CONTEXT('Context #1',
  '3D Context with UNIT and UNCERTAINTY') );
#20 = ( LENGTH_UNIT() NAMED_UNIT(*) SI_UNIT(.MILLI.,.METRE.) );
#21 = ( NAMED_UNIT(*) PLANE_ANGLE_UNIT() SI_UNIT($,.RADIAN.) );
#22 = ( NAMED_UNIT(*) SI_UNIT($,.STERADIAN.) SOLID_ANGLE_UNIT() );
#23 = UNCERTAINTY_MEASURE_WITH_UNIT(LENGTH_MEASURE(1.E-07),#20,
  'distance_accuracy_value','confusion accuracy');
#24 = PRODUCT_RELATED_PRODUCT_CATEGORY('part',$,(#7));
#25 = SHAPE_DEFINITION_REPRESENTATION(#26,#32);
#26 = PRODUCT_DEFINITION_SHAPE('','',#27);
#27 = PRODUCT_DEFINITION('design','',#28,#31);
#28 = PRODUCT_DEFINITION_FORMATION('','',#29);
#29 = PRODUCT('LSwarm Drone PCB_PCB','LSwarm Drone PCB_PCB','',(#30));
#30 = PRODUCT_CONTEXT('',#2,'mechanical');
#31 = PRODUCT_DEFINITION_CONTEXT('part definition',#2,'design');
#32 = ADVANCED_BREP_SHAPE_REPRESENTATION('',(#11,#33),#12944);
#33 = MANIFOLD_SOLID_BREP('',#34);
#34 = CLOSED_SHELL('',(#35,#77,#108,#139,#3297,#6455,#6472,#6489,#6506,
    #6523,#6540,#6557,#6574,#6591,#6608,#6625,#6642,#6659,#6676,#6693,
    #6710,#6727,#6744,#6761,#6778,#6795,#6812,#6829,#6846,#6863,#6880,
    #6897,#6914,#6931,#6948,#6965,#6982,#6999,#7016,#7033,#7050,#7067,
    #7084,#7101,#7118,#7135,#7152,#7169,#7186,#7203,#7220,#7237,#7254,
    #7271,#7288,#7305,#7322,#7339,#7356,#7373,#7390,#7407,#7424,#7441,
    #7458,#7475,#7492,#7509,#7526,#7543,#7560,#7577,#7594,#7611,#7628,
    #7645,#7662,#7679,#7696,#7713,#7730,#7747,#7764,#7781,#7798,#7815,
    #7832,#7849,#7866,#7883,#7900,#7917,#7934,#7951,#7968,#7985,#8002,
    #8019,#8036,#8053,#8070,#8087,#8104,#8121,#8138,#8155,#8172,#8189,
    #8206,#8223,#8240,#8257,#8274,#8291,#8308,#8325,#8342,#8359,#8376,
    #8393,#8410,#8427,#8444,#8461,#8478,#8495,#8512,#8529,#8546,#8563,
    #8580,#8597,#8614,#8631,#8648,#8665,#8682,#8699,#8716,#8733,#8750,
    #8767,#8784,#8801,#8818,#8835,#8852,#8869,#8886,#8903,#8920,#8937,
    #8954,#8971,#8988,#9005,#9022,#9039,#9056,#9073,#9090,#9107,#9124,
    #9141,#9158,#9175,#9192,#9209,#9226,#9243,#9260,#9277,#9294,#9311,
    #9328,#9345,#9362,#9379,#9396,#9413,#9430,#9447,#9464,#9481,#9498,
    #9515,#9532,#9549,#9566,#9583,#9600,#9617,#9634,#9651,#9668,#9685,
    #9702,#9719,#9736,#9753,#9770,#9787,#9804,#9821,#9838,#9855,#9872,
    #9889,#9906,#9923,#9940,#9957,#9974,#9991,#10008,#10025,#10042,
    #10059,#10076,#10093,#10110,#10127,#10144,#10161,#10178,#10195,
    #10212,#10229,#10246,#10263,#10280,#10297,#10314,#10331,#10348,
    #10365,#10382,#10399,#10416,#10433,#10450,#10467,#10484,#10501,
    #10518,#10535,#10552,#10569,#10586,#10603,#10620,#10637,#10654,
    #10671,#10688,#10705,#10722,#10739,#10756,#10773,#10790,#10807,
    #10824,#10841,#10858,#10875,#10892,#10909,#10926,#10943,#10960,
    #10977,#10994,#11011,#11028,#11045,#11062,#11079,#11096,#11113,
    #11130,#11147,#11164,#11181,#11198,#11215,#11232,#11249,#11266,
    #11283,#11300,#11317,#11334,#11351,#11368,#11385,#11402,#11419,
    #11436,#11453,#11470,#11487,#11504,#11521,#11538,#11555,#11572,
    #11589,#11606,#11623,#11640,#11657,#11674,#11691,#11708,#11725,
    #11742,#11759,#11776,#11793,#11810,#11827,#11844,#11861,#11878,
    #11895,#11912,#11929,#11946,#11963,#11980,#11997,#12014,#12026,
    #12043,#12060,#12077,#12094,#12111,#12133,#12150,#12167,#12179,
    #12196,#12213,#12230,#12247,#12264,#12286,#12303,#12320,#12332,
    #12349,#12371,#12388,#12405,#12417,#12439,#12456,#12473,#12485,
    #12502,#12519,#12536,#12553,#12570,#12592,#12609,#12626,#12638,
    #12655,#12677,#12694,#12711,#12723,#12745,#12762,#12779,#12791,
    #12808,#12830,#12847,#12864,#12876,#12893,#12910,#12927));
#35 = ADVANCED_FACE('',(#36),#72,.T.);
#36 = FACE_BOUND('',#37,.T.);
#37 = EDGE_LOOP('',(#38,#48,#57,#65));
#38 = ORIENTED_EDGE('',*,*,#39,.T.);
#39 = EDGE_CURVE('',#40,#42,#44,.T.);
#40 = VERTEX_POINT('',#41);
#41 = CARTESIAN_POINT('',(91.376411,-1.269298,0.));
#42 = VERTEX_POINT('',#43);
#43 = CARTESIAN_POINT('',(91.376411,-1.269298,1.51));
#44 = LINE('',#45,#46);
#45 = CARTESIAN_POINT('',(91.376411,-1.269298,0.));
#46 = VECTOR('',#47,1.);
#47 = DIRECTION('',(0.,0.,1.));
#48 = ORIENTED_EDGE('',*,*,#49,.T.);
#49 = EDGE_CURVE('',#42,#50,#52,.T.);
#50 = VERTEX_POINT('',#51);
#51 = CARTESIAN_POINT('',(98.686218,-8.444875,1.51));
#52 = CIRCLE('',#53,5.200209687481);
#53 = AXIS2_PLACEMENT_3D('',#54,#55,#56);
#54 = CARTESIAN_POINT('',(94.400206740656,-5.5000000827,1.51));
#55 = DIRECTION('',(0.,0.,-1.));
#56 = DIRECTION('',(-0.581475733168,0.813563747801,0.));
#57 = ORIENTED_EDGE('',*,*,#58,.F.);
#58 = EDGE_CURVE('',#59,#50,#61,.T.);
#59 = VERTEX_POINT('',#60);
#60 = CARTESIAN_POINT('',(98.686218,-8.444875,0.));
#61 = LINE('',#62,#63);
#62 = CARTESIAN_POINT('',(98.686218,-8.444875,0.));
#63 = VECTOR('',#64,1.);
#64 = DIRECTION('',(0.,0.,1.));
#65 = ORIENTED_EDGE('',*,*,#66,.F.);
#66 = EDGE_CURVE('',#40,#59,#67,.T.);
#67 = CIRCLE('',#68,5.200209687481);
#68 = AXIS2_PLACEMENT_3D('',#69,#70,#71);
#69 = CARTESIAN_POINT('',(94.400206740656,-5.5000000827,0.));
#70 = DIRECTION('',(0.,0.,-1.));
#71 = DIRECTION('',(-0.581475733168,0.813563747801,0.));
#72 = CYLINDRICAL_SURFACE('',#73,5.200209687481);
#73 = AXIS2_PLACEMENT_3D('',#74,#75,#76);
#74 = CARTESIAN_POINT('',(94.400206740656,-5.5000000827,0.));
#75 = DIRECTION('',(0.,0.,-1.));
#76 = DIRECTION('',(-0.581475733168,0.813563747801,0.));
#77 = ADVANCED_FACE('',(#78),#103,.T.);
#78 = FACE_BOUND('',#79,.T.);
#79 = EDGE_LOOP('',(#80,#90,#96,#97));
#80 = ORIENTED_EDGE('',*,*,#81,.T.);
#81 = EDGE_CURVE('',#82,#84,#86,.T.);
#82 = VERTEX_POINT('',#83);
#83 = CARTESIAN_POINT('',(91.017629,-1.546511,0.));
#84 = VERTEX_POINT('',#85);
#85 = CARTESIAN_POINT('',(91.017629,-1.546511,1.51));
#86 = LINE('',#87,#88);
#87 = CARTESIAN_POINT('',(91.017629,-1.546511,0.));
#88 = VECTOR('',#89,1.);
#89 = DIRECTION('',(0.,0.,1.));
#90 = ORIENTED_EDGE('',*,*,#91,.T.);
#91 = EDGE_CURVE('',#84,#42,#92,.T.);
#92 = LINE('',#93,#94);
#93 = CARTESIAN_POINT('',(91.017629,-1.546511,1.51));
#94 = VECTOR('',#95,1.);
#95 = DIRECTION('',(0.791314491606,0.611409335367,0.));
#96 = ORIENTED_EDGE('',*,*,#39,.F.);
#97 = ORIENTED_EDGE('',*,*,#98,.F.);
#98 = EDGE_CURVE('',#82,#40,#99,.T.);
#99 = LINE('',#100,#101);
#100 = CARTESIAN_POINT('',(91.017629,-1.546511,0.));
#101 = VECTOR('',#102,1.);
#102 = DIRECTION('',(0.791314491606,0.611409335367,0.));
#103 = PLANE('',#104);
#104 = AXIS2_PLACEMENT_3D('',#105,#106,#107);
#105 = CARTESIAN_POINT('',(91.017629,-1.546511,0.));
#106 = DIRECTION('',(-0.611409335367,0.791314491606,0.));
#107 = DIRECTION('',(0.791314491606,0.611409335367,0.));
#108 = ADVANCED_FACE('',(#109),#134,.T.);
#109 = FACE_BOUND('',#110,.T.);
#110 = EDGE_LOOP('',(#111,#112,#120,#128));
#111 = ORIENTED_EDGE('',*,*,#58,.T.);
#112 = ORIENTED_EDGE('',*,*,#113,.T.);
#113 = EDGE_CURVE('',#50,#114,#116,.T.);
#114 = VERTEX_POINT('',#115);
#115 = CARTESIAN_POINT('',(98.686219,-8.444876,1.51));
#116 = LINE('',#117,#118);
#117 = CARTESIAN_POINT('',(98.686218,-8.444875,1.51));
#118 = VECTOR('',#119,1.);
#119 = DIRECTION('',(0.70710677993,-0.707106782443,0.));
#120 = ORIENTED_EDGE('',*,*,#121,.F.);
#121 = EDGE_CURVE('',#122,#114,#124,.T.);
#122 = VERTEX_POINT('',#123);
#123 = CARTESIAN_POINT('',(98.686219,-8.444876,0.));
#124 = LINE('',#125,#126);
#125 = CARTESIAN_POINT('',(98.686219,-8.444876,0.));
#126 = VECTOR('',#127,1.);
#127 = DIRECTION('',(0.,0.,1.));
#128 = ORIENTED_EDGE('',*,*,#129,.F.);
#129 = EDGE_CURVE('',#59,#122,#130,.T.);
#130 = LINE('',#131,#132);
#131 = CARTESIAN_POINT('',(98.686218,-8.444875,0.));
#132 = VECTOR('',#133,1.);
#133 = DIRECTION('',(0.70710677993,-0.707106782443,0.));
#134 = PLANE('',#135);
#135 = AXIS2_PLACEMENT_3D('',#136,#137,#138);
#136 = CARTESIAN_POINT('',(98.686218,-8.444875,0.));
#137 = DIRECTION('',(0.707106782443,0.70710677993,-0.));
#138 = DIRECTION('',(0.70710677993,-0.707106782443,0.));
#139 = ADVANCED_FACE('',(#140,#2770,#2781,#2792,#2803,#2814,#2825,#2859,
    #2870,#2881,#2892,#2903,#2914,#2948,#2959,#2993,#3029,#3040,#3051,
    #3062,#3073,#3084,#3120,#3131,#3167,#3201,#3212,#3248,#3259,#3270,
    #3281),#3292,.F.);
#140 = FACE_BOUND('',#141,.F.);
#141 = EDGE_LOOP('',(#142,#143,#144,#152,#160,#168,#176,#184,#192,#200,
    #208,#216,#224,#232,#240,#248,#256,#264,#272,#280,#288,#296,#304,
    #312,#320,#328,#336,#344,#352,#360,#368,#376,#384,#392,#400,#408,
    #416,#424,#432,#440,#448,#456,#464,#472,#480,#488,#496,#504,#512,
    #520,#528,#536,#544,#552,#560,#568,#576,#584,#592,#600,#608,#616,
    #624,#632,#640,#648,#656,#664,#672,#680,#688,#696,#704,#712,#720,
    #728,#736,#744,#752,#760,#768,#776,#784,#792,#801,#809,#817,#825,
    #833,#841,#849,#857,#865,#873,#881,#889,#897,#905,#913,#921,#929,
    #937,#945,#953,#961,#969,#977,#985,#993,#1001,#1009,#1017,#1025,
    #1033,#1041,#1049,#1057,#1065,#1073,#1081,#1089,#1097,#1105,#1113,
    #1121,#1129,#1137,#1145,#1153,#1161,#1169,#1177,#1185,#1193,#1201,
    #1209,#1217,#1225,#1233,#1241,#1249,#1257,#1265,#1273,#1281,#1289,
    #1297,#1305,#1313,#1321,#1329,#1337,#1345,#1353,#1361,#1369,#1377,
    #1385,#1393,#1401,#1409,#1417,#1425,#1433,#1441,#1449,#1457,#1466,
    #1474,#1482,#1490,#1498,#1506,#1514,#1522,#1530,#1538,#1546,#1554,
    #1562,#1570,#1578,#1586,#1594,#1602,#1610,#1618,#1626,#1634,#1642,
    #1650,#1658,#1666,#1674,#1682,#1690,#1698,#1706,#1714,#1722,#1730,
    #1738,#1746,#1754,#1762,#1770,#1778,#1786,#1794,#1802,#1810,#1818,
    #1826,#1834,#1842,#1850,#1858,#1866,#1874,#1882,#1890,#1898,#1906,
    #1914,#1922,#1930,#1938,#1946,#1954,#1962,#1970,#1978,#1986,#1994,
    #2002,#2010,#2018,#2026,#2034,#2042,#2050,#2058,#2066,#2074,#2082,
    #2090,#2098,#2106,#2114,#2122,#2131,#2139,#2147,#2155,#2163,#2171,
    #2179,#2187,#2195,#2203,#2211,#2219,#2227,#2235,#2243,#2251,#2259,
    #2267,#2275,#2283,#2291,#2299,#2307,#2315,#2323,#2331,#2339,#2347,
    #2355,#2363,#2371,#2379,#2387,#2395,#2403,#2411,#2419,#2427,#2435,
    #2443,#2451,#2459,#2467,#2475,#2483,#2491,#2499,#2507,#2515,#2523,
    #2531,#2539,#2547,#2555,#2563,#2571,#2579,#2587,#2595,#2603,#2611,
    #2619,#2627,#2635,#2643,#2651,#2659,#2667,#2675,#2683,#2691,#2699,
    #2707,#2715,#2723,#2731,#2739,#2747,#2755,#2763,#2769));
#142 = ORIENTED_EDGE('',*,*,#66,.F.);
#143 = ORIENTED_EDGE('',*,*,#98,.F.);
#144 = ORIENTED_EDGE('',*,*,#145,.F.);
#145 = EDGE_CURVE('',#146,#82,#148,.T.);
#146 = VERTEX_POINT('',#147);
#147 = CARTESIAN_POINT('',(88.992593,-3.082631,0.));
#148 = LINE('',#149,#150);
#149 = CARTESIAN_POINT('',(88.992593,-3.082631,0.));
#150 = VECTOR('',#151,1.);
#151 = DIRECTION('',(0.796712905857,0.60435796151,0.));
#152 = ORIENTED_EDGE('',*,*,#153,.F.);
#153 = EDGE_CURVE('',#154,#146,#156,.T.);
#154 = VERTEX_POINT('',#155);
#155 = CARTESIAN_POINT('',(87.034813,-4.519692,0.));
#156 = LINE('',#157,#158);
#157 = CARTESIAN_POINT('',(87.034813,-4.519692,0.));
#158 = VECTOR('',#159,1.);
#159 = DIRECTION('',(0.806138715011,0.591726602546,0.));
#160 = ORIENTED_EDGE('',*,*,#161,.F.);
#161 = EDGE_CURVE('',#162,#154,#164,.T.);
#162 = VERTEX_POINT('',#163);
#163 = CARTESIAN_POINT('',(85.138913,-5.863766,0.));
#164 = LINE('',#165,#166);
#165 = CARTESIAN_POINT('',(85.138913,-5.863766,0.));
#166 = VECTOR('',#167,1.);
#167 = DIRECTION('',(0.815792061055,0.578345323419,0.));
#168 = ORIENTED_EDGE('',*,*,#169,.F.);
#169 = EDGE_CURVE('',#170,#162,#172,.T.);
#170 = VERTEX_POINT('',#171);
#171 = CARTESIAN_POINT('',(83.300042,-7.120332,0.));
#172 = LINE('',#173,#174);
#173 = CARTESIAN_POINT('',(83.300042,-7.120332,0.));
#174 = VECTOR('',#175,1.);
#175 = DIRECTION('',(0.825643773522,0.564191775236,0.));
#176 = ORIENTED_EDGE('',*,*,#177,.F.);
#177 = EDGE_CURVE('',#178,#170,#180,.T.);
#178 = VERTEX_POINT('',#179);
#179 = CARTESIAN_POINT('',(81.513792,-8.294346,0.));
#180 = LINE('',#181,#182);
#181 = CARTESIAN_POINT('',(81.513792,-8.294346,0.));
#182 = VECTOR('',#183,1.);
#183 = DIRECTION('',(0.835664129984,0.549240804982,0.));
#184 = ORIENTED_EDGE('',*,*,#185,.F.);
#185 = EDGE_CURVE('',#186,#178,#188,.T.);
#186 = VERTEX_POINT('',#187);
#187 = CARTESIAN_POINT('',(79.776143,-9.39031,0.));
#188 = LINE('',#189,#190);
#189 = CARTESIAN_POINT('',(79.776143,-9.39031,0.));
#190 = VECTOR('',#191,1.);
#191 = DIRECTION('',(0.845818065761,0.533471460936,0.));
#192 = ORIENTED_EDGE('',*,*,#193,.F.);
#193 = EDGE_CURVE('',#194,#186,#196,.T.);
#194 = VERTEX_POINT('',#195);
#195 = CARTESIAN_POINT('',(78.083407,-10.412325,0.));
#196 = LINE('',#197,#198);
#197 = CARTESIAN_POINT('',(78.083407,-10.412325,0.));
#198 = VECTOR('',#199,1.);
#199 = DIRECTION('',(0.856067641399,0.516863805416,0.));
#200 = ORIENTED_EDGE('',*,*,#201,.F.);
#201 = EDGE_CURVE('',#202,#194,#204,.T.);
#202 = VERTEX_POINT('',#203);
#203 = CARTESIAN_POINT('',(76.432183,-11.364132,0.));
#204 = LINE('',#205,#206);
#205 = CARTESIAN_POINT('',(76.432183,-11.364132,0.));
#206 = VECTOR('',#207,1.);
#207 = DIRECTION('',(0.866372263308,0.499398739857,0.));
#208 = ORIENTED_EDGE('',*,*,#209,.F.);
#209 = EDGE_CURVE('',#210,#202,#212,.T.);
#210 = VERTEX_POINT('',#211);
#211 = CARTESIAN_POINT('',(74.819318,-12.249153,0.));
#212 = LINE('',#213,#214);
#213 = CARTESIAN_POINT('',(74.819318,-12.249153,0.));
#214 = VECTOR('',#215,1.);
#215 = DIRECTION('',(0.876687107289,0.481061031382,0.));
#216 = ORIENTED_EDGE('',*,*,#217,.F.);
#217 = EDGE_CURVE('',#218,#210,#220,.T.);
#218 = VERTEX_POINT('',#219);
#219 = CARTESIAN_POINT('',(73.241881,-13.070517,0.));
#220 = LINE('',#221,#222);
#221 = CARTESIAN_POINT('',(73.241881,-13.070517,0.));
#222 = VECTOR('',#223,1.);
#223 = DIRECTION('',(0.886964245653,0.461838096017,0.));
#224 = ORIENTED_EDGE('',*,*,#225,.F.);
#225 = EDGE_CURVE('',#226,#218,#228,.T.);
#226 = VERTEX_POINT('',#227);
#227 = CARTESIAN_POINT('',(71.697129,-13.831094,0.));
#228 = LINE('',#229,#230);
#229 = CARTESIAN_POINT('',(71.697129,-13.831094,0.));
#230 = VECTOR('',#231,1.);
#231 = DIRECTION('',(0.897151410626,0.441723155846,0.));
#232 = ORIENTED_EDGE('',*,*,#233,.F.);
#233 = EDGE_CURVE('',#234,#226,#236,.T.);
#234 = VERTEX_POINT('',#235);
#235 = CARTESIAN_POINT('',(70.182486,-14.533508,0.));
#236 = LINE('',#237,#238);
#237 = CARTESIAN_POINT('',(70.182486,-14.533508,0.));
#238 = VECTOR('',#239,1.);
#239 = DIRECTION('',(0.907194893665,0.420710618963,0.));
#240 = ORIENTED_EDGE('',*,*,#241,.F.);
#241 = EDGE_CURVE('',#242,#234,#244,.T.);
#242 = VERTEX_POINT('',#243);
#243 = CARTESIAN_POINT('',(68.695522,-15.180162,0.));
#244 = LINE('',#245,#246);
#245 = CARTESIAN_POINT('',(68.695522,-15.180162,0.));
#246 = VECTOR('',#247,1.);
#247 = DIRECTION('',(0.917036697355,0.398802828106,0.));
#248 = ORIENTED_EDGE('',*,*,#249,.F.);
#249 = EDGE_CURVE('',#250,#242,#252,.T.);
#250 = VERTEX_POINT('',#251);
#251 = CARTESIAN_POINT('',(67.233932,-15.77325,0.));
#252 = LINE('',#253,#254);
#253 = CARTESIAN_POINT('',(67.233932,-15.77325,0.));
#254 = VECTOR('',#255,1.);
#255 = DIRECTION('',(0.926617478884,0.376005382711,0.));
#256 = ORIENTED_EDGE('',*,*,#257,.F.);
#257 = EDGE_CURVE('',#258,#250,#260,.T.);
#258 = VERTEX_POINT('',#259);
#259 = CARTESIAN_POINT('',(65.795527,-16.314773,0.));
#260 = LINE('',#261,#262);
#261 = CARTESIAN_POINT('',(65.795527,-16.314773,0.));
#262 = VECTOR('',#263,1.);
#263 = DIRECTION('',(0.935874672455,0.352333077438,0.));
#264 = ORIENTED_EDGE('',*,*,#265,.F.);
#265 = EDGE_CURVE('',#266,#258,#268,.T.);
#266 = VERTEX_POINT('',#267);
#267 = CARTESIAN_POINT('',(64.378209,-16.806548,0.));
#268 = LINE('',#269,#270);
#269 = CARTESIAN_POINT('',(64.378209,-16.806548,0.));
#270 = VECTOR('',#271,1.);
#271 = DIRECTION('',(0.944745789381,0.327803894802,0.));
#272 = ORIENTED_EDGE('',*,*,#273,.F.);
#273 = EDGE_CURVE('',#274,#266,#276,.T.);
#274 = VERTEX_POINT('',#275);
#275 = CARTESIAN_POINT('',(62.97997,-17.250219,0.));
#276 = LINE('',#277,#278);
#277 = CARTESIAN_POINT('',(62.97997,-17.250219,0.));
#278 = VECTOR('',#279,1.);
#279 = DIRECTION('',(0.953166407566,0.302446358034,0.));
#280 = ORIENTED_EDGE('',*,*,#281,.F.);
#281 = EDGE_CURVE('',#282,#274,#284,.T.);
#282 = VERTEX_POINT('',#283);
#283 = CARTESIAN_POINT('',(61.598873,-17.647262,0.));
#284 = LINE('',#285,#286);
#285 = CARTESIAN_POINT('',(61.598873,-17.647262,0.));
#286 = VECTOR('',#287,1.);
#287 = DIRECTION('',(0.96107344082,0.276293035292,0.));
#288 = ORIENTED_EDGE('',*,*,#289,.F.);
#289 = EDGE_CURVE('',#290,#282,#292,.T.);
#290 = VERTEX_POINT('',#291);
#291 = CARTESIAN_POINT('',(60.233043,-17.998996,0.));
#292 = LINE('',#293,#294);
#293 = CARTESIAN_POINT('',(60.233043,-17.998996,0.));
#294 = VECTOR('',#295,1.);
#295 = DIRECTION('',(0.968403846624,0.24938722871,0.));
#296 = ORIENTED_EDGE('',*,*,#297,.F.);
#297 = EDGE_CURVE('',#298,#290,#300,.T.);
#298 = VERTEX_POINT('',#299);
#299 = CARTESIAN_POINT('',(58.880662,-18.306584,0.));
#300 = LINE('',#301,#302);
#301 = CARTESIAN_POINT('',(58.880662,-18.306584,0.));
#302 = VECTOR('',#303,1.);
#303 = DIRECTION('',(0.975097209941,0.221777887009,0.));
#304 = ORIENTED_EDGE('',*,*,#305,.F.);
#305 = EDGE_CURVE('',#306,#298,#308,.T.);
#306 = VERTEX_POINT('',#307);
#307 = CARTESIAN_POINT('',(57.539957,-18.571041,0.));
#308 = LINE('',#309,#310);
#309 = CARTESIAN_POINT('',(57.539957,-18.571041,0.));
#310 = VECTOR('',#311,1.);
#311 = DIRECTION('',(0.981095684583,0.193523274291,0.));
#312 = ORIENTED_EDGE('',*,*,#313,.F.);
#313 = EDGE_CURVE('',#314,#306,#316,.T.);
#314 = VERTEX_POINT('',#315);
#315 = CARTESIAN_POINT('',(56.209195,-18.793235,0.));
#316 = LINE('',#317,#318);
#317 = CARTESIAN_POINT('',(56.209195,-18.793235,0.));
#318 = VECTOR('',#319,1.);
#319 = DIRECTION('',(0.986345764413,0.164687683281,0.));
#320 = ORIENTED_EDGE('',*,*,#321,.F.);
#321 = EDGE_CURVE('',#322,#314,#324,.T.);
#322 = VERTEX_POINT('',#323);
#323 = CARTESIAN_POINT('',(54.886675,-18.973891,0.));
#324 = LINE('',#325,#326);
#325 = CARTESIAN_POINT('',(54.886675,-18.973891,0.));
#326 = VECTOR('',#327,1.);
#327 = DIRECTION('',(0.990798812829,0.135342944024,0.));
#328 = ORIENTED_EDGE('',*,*,#329,.F.);
#329 = EDGE_CURVE('',#330,#322,#332,.T.);
#330 = VERTEX_POINT('',#331);
#331 = CARTESIAN_POINT('',(53.570721,-19.113592,0.));
#332 = LINE('',#333,#334);
#333 = CARTESIAN_POINT('',(53.570721,-19.113592,0.));
#334 = VECTOR('',#335,1.);
#335 = DIRECTION('',(0.994412267303,0.105566294988,0.));
#336 = ORIENTED_EDGE('',*,*,#337,.F.);
#337 = EDGE_CURVE('',#338,#330,#340,.T.);
#338 = VERTEX_POINT('',#339);
#339 = CARTESIAN_POINT('',(52.259679,-19.212784,0.));
#340 = LINE('',#341,#342);
#341 = CARTESIAN_POINT('',(52.259679,-19.212784,0.));
#342 = VECTOR('',#343,1.);
#343 = DIRECTION('',(0.997150094571,7.544328265657E-02,0.));
#344 = ORIENTED_EDGE('',*,*,#345,.F.);
#345 = EDGE_CURVE('',#346,#338,#348,.T.);
#346 = VERTEX_POINT('',#347);
#347 = CARTESIAN_POINT('',(50.951912,-19.271774,0.));
#348 = LINE('',#349,#350);
#349 = CARTESIAN_POINT('',(50.951912,-19.271774,0.));
#350 = VECTOR('',#351,1.);
#351 = DIRECTION('',(0.998984210012,4.506160390087E-02,0.));
#352 = ORIENTED_EDGE('',*,*,#353,.F.);
#353 = EDGE_CURVE('',#354,#346,#356,.T.);
#354 = VERTEX_POINT('',#355);
#355 = CARTESIAN_POINT('',(49.64579,-19.290731,0.));
#356 = LINE('',#357,#358);
#357 = CARTESIAN_POINT('',(49.64579,-19.290731,0.));
#358 = VECTOR('',#359,1.);
#359 = DIRECTION('',(0.999894689148,1.451242963688E-02,0.));
#360 = ORIENTED_EDGE('',*,*,#361,.F.);
#361 = EDGE_CURVE('',#362,#354,#364,.T.);
#362 = VERTEX_POINT('',#363);
#363 = CARTESIAN_POINT('',(48.992767,-19.285211,0.));
#364 = LINE('',#365,#366);
#365 = CARTESIAN_POINT('',(48.992767,-19.285211,0.));
#366 = VECTOR('',#367,1.);
#367 = DIRECTION('',(0.999964275354,-8.452692784107E-03,0.));
#368 = ORIENTED_EDGE('',*,*,#369,.F.);
#369 = EDGE_CURVE('',#370,#362,#372,.T.);
#370 = VERTEX_POINT('',#371);
#371 = CARTESIAN_POINT('',(48.339691,-19.269687,0.));
#372 = LINE('',#373,#374);
#373 = CARTESIAN_POINT('',(48.339691,-19.269687,0.));
#374 = VECTOR('',#375,1.);
#375 = DIRECTION('',(0.999717599263,-2.376387435911E-02,0.));
#376 = ORIENTED_EDGE('',*,*,#377,.F.);
#377 = EDGE_CURVE('',#378,#370,#380,.T.);
#378 = VERTEX_POINT('',#379);
#379 = CARTESIAN_POINT('',(47.685932,-19.244128,0.));
#380 = LINE('',#381,#382);
#381 = CARTESIAN_POINT('',(47.685932,-19.244128,0.));
#382 = VECTOR('',#383,1.);
#383 = DIRECTION('',(0.999236647982,-3.906560289919E-02,0.));
#384 = ORIENTED_EDGE('',*,*,#385,.F.);
#385 = EDGE_CURVE('',#386,#378,#388,.T.);
#386 = VERTEX_POINT('',#387);
#387 = CARTESIAN_POINT('',(47.031993,-19.208538,0.));
#388 = LINE('',#389,#390);
#389 = CARTESIAN_POINT('',(47.031993,-19.208538,0.));
#390 = VECTOR('',#391,1.);
#391 = DIRECTION('',(0.998522294014,-5.434361376818E-02,0.));
#392 = ORIENTED_EDGE('',*,*,#393,.F.);
#393 = EDGE_CURVE('',#394,#386,#396,.T.);
#394 = VERTEX_POINT('',#395);
#395 = CARTESIAN_POINT('',(46.376685,-19.162828,0.));
#396 = LINE('',#397,#398);
#397 = CARTESIAN_POINT('',(46.376685,-19.162828,0.));
#398 = VECTOR('',#399,1.);
#399 = DIRECTION('',(0.997576069179,-6.958438188174E-02,0.));
#400 = ORIENTED_EDGE('',*,*,#401,.F.);
#401 = EDGE_CURVE('',#402,#394,#404,.T.);
#402 = VERTEX_POINT('',#403);
#403 = CARTESIAN_POINT('',(45.72107,-19.107044,0.));
#404 = LINE('',#405,#406);
#405 = CARTESIAN_POINT('',(45.72107,-19.107044,0.));
#406 = VECTOR('',#407,1.);
#407 = DIRECTION('',(0.996399679127,-8.47801830349E-02,0.));
#408 = ORIENTED_EDGE('',*,*,#409,.F.);
#409 = EDGE_CURVE('',#410,#402,#412,.T.);
#410 = VERTEX_POINT('',#411);
#411 = CARTESIAN_POINT('',(45.063397,-19.041,0.));
#412 = LINE('',#413,#414);
#413 = CARTESIAN_POINT('',(45.063397,-19.041,0.));
#414 = VECTOR('',#415,1.);
#415 = DIRECTION('',(0.994995656328,-9.991818597769E-02,0.));
#416 = ORIENTED_EDGE('',*,*,#417,.F.);
#417 = EDGE_CURVE('',#418,#410,#420,.T.);
#418 = VERTEX_POINT('',#419);
#419 = CARTESIAN_POINT('',(44.405287,-18.964823,0.));
#420 = LINE('',#421,#422);
#421 = CARTESIAN_POINT('',(44.405287,-18.964823,0.));
#422 = VECTOR('',#423,1.);
#423 = DIRECTION('',(0.993367409082,-0.114983436085,0.));
#424 = ORIENTED_EDGE('',*,*,#425,.F.);
#425 = EDGE_CURVE('',#426,#418,#428,.T.);
#426 = VERTEX_POINT('',#427);
#427 = CARTESIAN_POINT('',(43.744427,-18.878197,0.));
#428 = LINE('',#429,#430);
#429 = CARTESIAN_POINT('',(43.744427,-18.878197,0.));
#430 = VECTOR('',#431,1.);
#431 = DIRECTION('',(0.99151807151,-0.129968895776,0.));
#432 = ORIENTED_EDGE('',*,*,#433,.F.);
#433 = EDGE_CURVE('',#434,#426,#436,.T.);
#434 = VERTEX_POINT('',#435);
#435 = CARTESIAN_POINT('',(43.082997,-18.781359,0.));
#436 = LINE('',#437,#438);
#437 = CARTESIAN_POINT('',(43.082997,-18.781359,0.));
#438 = VECTOR('',#439,1.);
#439 = DIRECTION('',(0.989451767651,-0.144862691858,0.));
#440 = ORIENTED_EDGE('',*,*,#441,.F.);
#441 = EDGE_CURVE('',#442,#434,#444,.T.);
#442 = VERTEX_POINT('',#443);
#443 = CARTESIAN_POINT('',(42.418117,-18.673828,0.));
#444 = LINE('',#445,#446);
#445 = CARTESIAN_POINT('',(42.418117,-18.673828,0.));
#446 = VECTOR('',#447,1.);
#447 = DIRECTION('',(0.987172808939,-0.159655395437,0.));
#448 = ORIENTED_EDGE('',*,*,#449,.F.);
#449 = EDGE_CURVE('',#450,#442,#452,.T.);
#450 = VERTEX_POINT('',#451);
#451 = CARTESIAN_POINT('',(41.752532,-18.555991,0.));
#452 = LINE('',#453,#454);
#453 = CARTESIAN_POINT('',(41.752532,-18.555991,0.));
#454 = VECTOR('',#455,1.);
#455 = DIRECTION('',(0.984686986081,-0.174331693741,0.));
#456 = ORIENTED_EDGE('',*,*,#457,.F.);
#457 = EDGE_CURVE('',#458,#450,#460,.T.);
#458 = VERTEX_POINT('',#459);
#459 = CARTESIAN_POINT('',(41.082789,-18.427164,0.));
#460 = LINE('',#461,#462);
#461 = CARTESIAN_POINT('',(41.082789,-18.427164,0.));
#462 = VECTOR('',#463,1.);
#463 = DIRECTION('',(0.981998215491,-0.188890192368,0.));
#464 = ORIENTED_EDGE('',*,*,#465,.F.);
#465 = EDGE_CURVE('',#466,#458,#468,.T.);
#466 = VERTEX_POINT('',#467);
#467 = CARTESIAN_POINT('',(40.412201,-18.287917,0.));
#468 = LINE('',#469,#470);
#469 = CARTESIAN_POINT('',(40.412201,-18.287917,0.));
#470 = VECTOR('',#471,1.);
#471 = DIRECTION('',(0.979113973174,-0.203312143108,0.));
#472 = ORIENTED_EDGE('',*,*,#473,.F.);
#473 = EDGE_CURVE('',#474,#466,#476,.T.);
#474 = VERTEX_POINT('',#475);
#475 = CARTESIAN_POINT('',(39.736736,-18.13733,0.));
#476 = LINE('',#477,#478);
#477 = CARTESIAN_POINT('',(39.736736,-18.13733,0.));
#478 = VECTOR('',#479,1.);
#479 = DIRECTION('',(0.976038832221,-0.21759641081,0.));
#480 = ORIENTED_EDGE('',*,*,#481,.F.);
#481 = EDGE_CURVE('',#482,#474,#484,.T.);
#482 = VERTEX_POINT('',#483);
#483 = CARTESIAN_POINT('',(39.060282,-17.97619,0.));
#484 = LINE('',#485,#486);
#485 = CARTESIAN_POINT('',(39.060282,-17.97619,0.));
#486 = VECTOR('',#487,1.);
#487 = DIRECTION('',(0.972780440879,-0.231728750578,0.));
#488 = ORIENTED_EDGE('',*,*,#489,.F.);
#489 = EDGE_CURVE('',#490,#482,#492,.T.);
#490 = VERTEX_POINT('',#491);
#491 = CARTESIAN_POINT('',(38.378219,-17.803304,0.));
#492 = LINE('',#493,#494);
#493 = CARTESIAN_POINT('',(38.378219,-17.803304,0.));
#494 = VECTOR('',#495,1.);
#495 = DIRECTION('',(0.96934471066,-0.245704765758,0.));
#496 = ORIENTED_EDGE('',*,*,#497,.F.);
#497 = EDGE_CURVE('',#498,#490,#500,.T.);
#498 = VERTEX_POINT('',#499);
#499 = CARTESIAN_POINT('',(37.695015,-17.619714,0.));
#500 = LINE('',#501,#502);
#501 = CARTESIAN_POINT('',(37.695015,-17.619714,0.));
#502 = VECTOR('',#503,1.);
#503 = DIRECTION('',(0.965739681845,-0.259512749032,0.));
#504 = ORIENTED_EDGE('',*,*,#505,.F.);
#505 = EDGE_CURVE('',#506,#498,#508,.T.);
#506 = VERTEX_POINT('',#507);
#507 = CARTESIAN_POINT('',(37.005457,-17.423915,0.));
#508 = LINE('',#509,#510);
#509 = CARTESIAN_POINT('',(37.005457,-17.423915,0.));
#510 = VECTOR('',#511,1.);
#511 = DIRECTION('',(0.961971346524,-0.273150377021,0.));
#512 = ORIENTED_EDGE('',*,*,#513,.F.);
#513 = EDGE_CURVE('',#514,#506,#516,.T.);
#514 = VERTEX_POINT('',#515);
#515 = CARTESIAN_POINT('',(36.314599,-17.217241,0.));
#516 = LINE('',#517,#518);
#517 = CARTESIAN_POINT('',(36.314599,-17.217241,0.));
#518 = VECTOR('',#519,1.);
#519 = DIRECTION('',(0.958048666744,-0.286605568946,0.));
#520 = ORIENTED_EDGE('',*,*,#521,.F.);
#521 = EDGE_CURVE('',#522,#514,#524,.T.);
#522 = VERTEX_POINT('',#523);
#523 = CARTESIAN_POINT('',(35.616622,-16.997836,0.));
#524 = LINE('',#525,#526);
#525 = CARTESIAN_POINT('',(35.616622,-16.997836,0.));
#526 = VECTOR('',#527,1.);
#527 = DIRECTION('',(0.9539777651,-0.299877347752,0.));
#528 = ORIENTED_EDGE('',*,*,#529,.F.);
#529 = EDGE_CURVE('',#530,#522,#532,.T.);
#530 = VERTEX_POINT('',#531);
#531 = CARTESIAN_POINT('',(34.917179,-16.767365,0.));
#532 = LINE('',#533,#534);
#533 = CARTESIAN_POINT('',(34.917179,-16.767365,0.));
#534 = VECTOR('',#535,1.);
#535 = DIRECTION('',(0.949768045642,-0.312954724326,0.));
#536 = ORIENTED_EDGE('',*,*,#537,.F.);
#537 = EDGE_CURVE('',#538,#530,#540,.T.);
#538 = VERTEX_POINT('',#539);
#539 = CARTESIAN_POINT('',(34.20983,-16.52358,0.));
#540 = LINE('',#541,#542);
#541 = CARTESIAN_POINT('',(34.20983,-16.52358,0.));
#542 = VECTOR('',#543,1.);
#543 = DIRECTION('',(0.945425878277,-0.325837242628,0.));
#544 = ORIENTED_EDGE('',*,*,#545,.F.);
#545 = EDGE_CURVE('',#546,#538,#548,.T.);
#546 = VERTEX_POINT('',#547);
#547 = CARTESIAN_POINT('',(33.500841,-16.268517,0.));
#548 = LINE('',#549,#550);
#549 = CARTESIAN_POINT('',(33.500841,-16.268517,0.));
#550 = VECTOR('',#551,1.);
#551 = DIRECTION('',(0.940960580663,-0.338516152699,0.));
#552 = ORIENTED_EDGE('',*,*,#553,.F.);
#553 = EDGE_CURVE('',#554,#546,#556,.T.);
#554 = VERTEX_POINT('',#555);
#555 = CARTESIAN_POINT('',(32.783133,-15.999493,0.));
#556 = LINE('',#557,#558);
#557 = CARTESIAN_POINT('',(32.783133,-15.999493,0.));
#558 = VECTOR('',#559,1.);
#559 = DIRECTION('',(0.936379139111,-0.350990181968,0.));
#560 = ORIENTED_EDGE('',*,*,#561,.F.);
#561 = EDGE_CURVE('',#562,#554,#564,.T.);
#562 = VERTEX_POINT('',#563);
#563 = CARTESIAN_POINT('',(32.0636,-15.718959,0.));
#564 = LINE('',#565,#566);
#565 = CARTESIAN_POINT('',(32.0636,-15.718959,0.));
#566 = VECTOR('',#567,1.);
#567 = DIRECTION('',(0.931691312615,-0.363251012383,0.));
#568 = ORIENTED_EDGE('',*,*,#569,.F.);
#569 = EDGE_CURVE('',#570,#562,#572,.T.);
#570 = VERTEX_POINT('',#571);
#571 = CARTESIAN_POINT('',(31.334506,-15.42375,0.));
#572 = LINE('',#573,#574);
#573 = CARTESIAN_POINT('',(31.334506,-15.42375,0.));
#574 = VECTOR('',#575,1.);
#575 = DIRECTION('',(0.926902803378,-0.375301469608,0.));
#576 = ORIENTED_EDGE('',*,*,#577,.F.);
#577 = EDGE_CURVE('',#578,#570,#580,.T.);
#578 = VERTEX_POINT('',#579);
#579 = CARTESIAN_POINT('',(30.603392,-15.116774,0.));
#580 = LINE('',#581,#582);
#581 = CARTESIAN_POINT('',(30.603392,-15.116774,0.));
#582 = VECTOR('',#583,1.);
#583 = DIRECTION('',(0.922023469071,-0.387133985181,0.));
#584 = ORIENTED_EDGE('',*,*,#585,.F.);
#585 = EDGE_CURVE('',#586,#578,#588,.T.);
#586 = VERTEX_POINT('',#587);
#587 = CARTESIAN_POINT('',(29.86184,-14.79434,0.));
#588 = LINE('',#589,#590);
#589 = CARTESIAN_POINT('',(29.86184,-14.79434,0.));
#590 = VECTOR('',#591,1.);
#591 = DIRECTION('',(0.917060972626,-0.398747003107,0.));
#592 = ORIENTED_EDGE('',*,*,#593,.F.);
#593 = EDGE_CURVE('',#594,#586,#596,.T.);
#594 = VERTEX_POINT('',#595);
#595 = CARTESIAN_POINT('',(29.118058,-14.459859,0.));
#596 = LINE('',#597,#598);
#597 = CARTESIAN_POINT('',(29.118058,-14.459859,0.));
#598 = VECTOR('',#599,1.);
#599 = DIRECTION('',(0.912022841228,-0.410139411759,0.));
#600 = ORIENTED_EDGE('',*,*,#601,.F.);
#601 = EDGE_CURVE('',#602,#594,#604,.T.);
#602 = VERTEX_POINT('',#603);
#603 = CARTESIAN_POINT('',(28.362923,-14.10906,0.));
#604 = LINE('',#605,#606);
#605 = CARTESIAN_POINT('',(28.362923,-14.10906,0.));
#606 = VECTOR('',#607,1.);
#607 = DIRECTION('',(0.906916922797,-0.421309500421,0.));
#608 = ORIENTED_EDGE('',*,*,#609,.F.);
#609 = EDGE_CURVE('',#610,#602,#612,.T.);
#610 = VERTEX_POINT('',#611);
#611 = CARTESIAN_POINT('',(27.605336,-13.74591,0.));
#612 = LINE('',#613,#614);
#613 = CARTESIAN_POINT('',(27.605336,-13.74591,0.));
#614 = VECTOR('',#615,1.);
#615 = DIRECTION('',(0.90175128266,-0.432255276685,0.));
#616 = ORIENTED_EDGE('',*,*,#617,.F.);
#617 = EDGE_CURVE('',#618,#610,#620,.T.);
#618 = VERTEX_POINT('',#619);
#619 = CARTESIAN_POINT('',(26.835433,-13.365501,0.));
#620 = LINE('',#621,#622);
#621 = CARTESIAN_POINT('',(26.835433,-13.365501,0.));
#622 = VECTOR('',#623,1.);
#623 = DIRECTION('',(0.896533032084,-0.442976886961,0.));
#624 = ORIENTED_EDGE('',*,*,#625,.F.);
#625 = EDGE_CURVE('',#626,#618,#628,.T.);
#626 = VERTEX_POINT('',#627);
#627 = CARTESIAN_POINT('',(26.06284,-12.972411,0.));
#628 = LINE('',#629,#630);
#629 = CARTESIAN_POINT('',(26.06284,-12.972411,0.));
#630 = VECTOR('',#631,1.);
#631 = DIRECTION('',(0.891270399045,-0.453472243679,0.));
#632 = ORIENTED_EDGE('',*,*,#633,.F.);
#633 = EDGE_CURVE('',#634,#626,#636,.T.);
#634 = VERTEX_POINT('',#635);
#635 = CARTESIAN_POINT('',(25.276917,-12.561034,0.));
#636 = LINE('',#637,#638);
#637 = CARTESIAN_POINT('',(25.276917,-12.561034,0.));
#638 = VECTOR('',#639,1.);
#639 = DIRECTION('',(0.885969090825,-0.463744293876,0.));
#640 = ORIENTED_EDGE('',*,*,#641,.F.);
#641 = EDGE_CURVE('',#642,#634,#644,.T.);
#642 = VERTEX_POINT('',#643);
#643 = CARTESIAN_POINT('',(24.488047,-12.136617,0.));
#644 = LINE('',#645,#646);
#645 = CARTESIAN_POINT('',(24.488047,-12.136617,0.));
#646 = VECTOR('',#647,1.);
#647 = DIRECTION('',(0.880638407349,-0.473788977819,0.));
#648 = ORIENTED_EDGE('',*,*,#649,.F.);
#649 = EDGE_CURVE('',#650,#642,#652,.T.);
#650 = VERTEX_POINT('',#651);
#651 = CARTESIAN_POINT('',(23.684772,-11.692793,0.));
#652 = LINE('',#653,#654);
#653 = CARTESIAN_POINT('',(23.684772,-11.692793,0.));
#654 = VECTOR('',#655,1.);
#655 = DIRECTION('',(0.875283570415,-0.483610040591,0.));
#656 = ORIENTED_EDGE('',*,*,#657,.F.);
#657 = EDGE_CURVE('',#658,#650,#660,.T.);
#658 = VERTEX_POINT('',#659);
#659 = CARTESIAN_POINT('',(22.878274,-11.235538,0.));
#660 = LINE('',#661,#662);
#661 = CARTESIAN_POINT('',(22.878274,-11.235538,0.));
#662 = VECTOR('',#663,1.);
#663 = DIRECTION('',(0.869911372722,-0.493208073342,0.));
#664 = ORIENTED_EDGE('',*,*,#665,.F.);
#665 = EDGE_CURVE('',#666,#658,#668,.T.);
#666 = VERTEX_POINT('',#667);
#667 = CARTESIAN_POINT('',(22.056227,-10.757651,0.));
#668 = LINE('',#669,#670);
#669 = CARTESIAN_POINT('',(22.056227,-10.757651,0.));
#670 = VECTOR('',#671,1.);
#671 = DIRECTION('',(0.864528801822,-0.502583277497,0.));
#672 = ORIENTED_EDGE('',*,*,#673,.F.);
#673 = EDGE_CURVE('',#674,#666,#676,.T.);
#674 = VERTEX_POINT('',#675);
#675 = CARTESIAN_POINT('',(21.23066,-10.265912,0.));
#676 = LINE('',#677,#678);
#677 = CARTESIAN_POINT('',(21.23066,-10.265912,0.));
#678 = VECTOR('',#679,1.);
#679 = DIRECTION('',(0.859141875939,-0.511737468833,0.));
#680 = ORIENTED_EDGE('',*,*,#681,.F.);
#681 = EDGE_CURVE('',#682,#674,#684,.T.);
#682 = VERTEX_POINT('',#683);
#683 = CARTESIAN_POINT('',(20.388317,-9.752201,0.));
#684 = LINE('',#685,#686);
#685 = CARTESIAN_POINT('',(20.388317,-9.752201,0.));
#686 = VECTOR('',#687,1.);
#687 = DIRECTION('',(0.853756879614,-0.520671864529,0.));
#688 = ORIENTED_EDGE('',*,*,#689,.F.);
#689 = EDGE_CURVE('',#690,#682,#692,.T.);
#690 = VERTEX_POINT('',#691);
#691 = CARTESIAN_POINT('',(19.542134,-9.224183,0.));
#692 = LINE('',#693,#694);
#693 = CARTESIAN_POINT('',(19.542134,-9.224183,0.));
#694 = VECTOR('',#695,1.);
#695 = DIRECTION('',(0.848379465113,-0.529388593732,0.));
#696 = ORIENTED_EDGE('',*,*,#697,.F.);
#697 = EDGE_CURVE('',#698,#690,#700,.T.);
#698 = VERTEX_POINT('',#699);
#699 = CARTESIAN_POINT('',(18.677855,-8.672724,0.));
#700 = LINE('',#701,#702);
#701 = CARTESIAN_POINT('',(18.677855,-8.672724,0.));
#702 = VECTOR('',#703,1.);
#703 = DIRECTION('',(0.843014406488,-0.5378909838,0.));
#704 = ORIENTED_EDGE('',*,*,#705,.F.);
#705 = EDGE_CURVE('',#706,#698,#708,.T.);
#706 = VERTEX_POINT('',#707);
#707 = CARTESIAN_POINT('',(17.809389,-8.106466,0.));
#708 = LINE('',#709,#710);
#709 = CARTESIAN_POINT('',(17.809389,-8.106466,0.));
#710 = VECTOR('',#711,1.);
#711 = DIRECTION('',(0.837669231884,-0.546177862931,0.));
#712 = ORIENTED_EDGE('',*,*,#713,.F.);
#713 = EDGE_CURVE('',#714,#706,#716,.T.);
#714 = VERTEX_POINT('',#715);
#715 = CARTESIAN_POINT('',(16.9214,-7.515158,0.));
#716 = LINE('',#717,#718);
#717 = CARTESIAN_POINT('',(16.9214,-7.515158,0.));
#718 = VECTOR('',#719,1.);
#719 = DIRECTION('',(0.832346374715,-0.554255818642,0.));
#720 = ORIENTED_EDGE('',*,*,#721,.F.);
#721 = EDGE_CURVE('',#722,#714,#724,.T.);
#722 = VERTEX_POINT('',#723);
#723 = CARTESIAN_POINT('',(16.028847,-6.908514,0.));
#724 = LINE('',#725,#726);
#725 = CARTESIAN_POINT('',(16.028847,-6.908514,0.));
#726 = VECTOR('',#727,1.);
#727 = DIRECTION('',(0.82705231132,-0.562124963278,0.));
#728 = ORIENTED_EDGE('',*,*,#729,.F.);
#729 = EDGE_CURVE('',#730,#722,#732,.T.);
#730 = VERTEX_POINT('',#731);
#731 = CARTESIAN_POINT('',(15.115219,-6.275052,0.));
#732 = LINE('',#733,#734);
#733 = CARTESIAN_POINT('',(15.115219,-6.275052,0.));
#734 = VECTOR('',#735,1.);
#735 = DIRECTION('',(0.821791949367,-0.569787672696,0.));
#736 = ORIENTED_EDGE('',*,*,#737,.F.);
#737 = EDGE_CURVE('',#738,#730,#740,.T.);
#738 = VERTEX_POINT('',#739);
#739 = CARTESIAN_POINT('',(14.196615,-5.625674,0.));
#740 = LINE('',#741,#742);
#741 = CARTESIAN_POINT('',(14.196615,-5.625674,0.));
#742 = VECTOR('',#743,1.);
#743 = DIRECTION('',(0.816569118173,-0.577247672361,0.));
#744 = ORIENTED_EDGE('',*,*,#745,.F.);
#745 = EDGE_CURVE('',#746,#738,#748,.T.);
#746 = VERTEX_POINT('',#747);
#747 = CARTESIAN_POINT('',(13.25524,-4.947526,0.));
#748 = LINE('',#749,#750);
#749 = CARTESIAN_POINT('',(13.25524,-4.947526,0.));
#750 = VECTOR('',#751,1.);
#751 = DIRECTION('',(0.811387998853,-0.584507925796,0.));
#752 = ORIENTED_EDGE('',*,*,#753,.F.);
#753 = EDGE_CURVE('',#754,#746,#756,.T.);
#754 = VERTEX_POINT('',#755);
#755 = CARTESIAN_POINT('',(12.308441,-4.252831,0.));
#756 = LINE('',#757,#758);
#757 = CARTESIAN_POINT('',(12.308441,-4.252831,0.));
#758 = VECTOR('',#759,1.);
#759 = DIRECTION('',(0.806252387895,-0.591571709105,0.));
#760 = ORIENTED_EDGE('',*,*,#761,.F.);
#761 = EDGE_CURVE('',#762,#754,#764,.T.);
#762 = VERTEX_POINT('',#763);
#763 = CARTESIAN_POINT('',(11.337004,-3.527205,0.));
#764 = LINE('',#765,#766);
#765 = CARTESIAN_POINT('',(11.337004,-3.527205,0.));
#766 = VECTOR('',#767,1.);
#767 = DIRECTION('',(0.801166984226,-0.598440860391,0.));
#768 = ORIENTED_EDGE('',*,*,#769,.F.);
#769 = EDGE_CURVE('',#770,#762,#772,.T.);
#770 = VERTEX_POINT('',#771);
#771 = CARTESIAN_POINT('',(10.35965,-2.784348,0.));
#772 = LINE('',#773,#774);
#773 = CARTESIAN_POINT('',(10.35965,-2.784348,0.));
#774 = VECTOR('',#775,1.);
#775 = DIRECTION('',(0.796135524445,-0.605118357609,0.));
#776 = ORIENTED_EDGE('',*,*,#777,.F.);
#777 = EDGE_CURVE('',#778,#770,#780,.T.);
#778 = VERTEX_POINT('',#779);
#779 = CARTESIAN_POINT('',(9.355594,-2.008157,0.));
#780 = LINE('',#781,#782);
#781 = CARTESIAN_POINT('',(9.355594,-2.008157,0.));
#782 = VECTOR('',#783,1.);
#783 = DIRECTION('',(0.791159348873,-0.611610075694,0.));
#784 = ORIENTED_EDGE('',*,*,#785,.F.);
#785 = EDGE_CURVE('',#786,#778,#788,.T.);
#786 = VERTEX_POINT('',#787);
#787 = CARTESIAN_POINT('',(8.345081,-1.213986,0.));
#788 = LINE('',#789,#790);
#789 = CARTESIAN_POINT('',(8.345081,-1.213986,0.));
#790 = VECTOR('',#791,1.);
#791 = DIRECTION('',(0.786244058683,-0.617916078594,0.));
#792 = ORIENTED_EDGE('',*,*,#793,.F.);
#793 = EDGE_CURVE('',#794,#786,#796,.T.);
#794 = VERTEX_POINT('',#795);
#795 = CARTESIAN_POINT('',(1.169503,-8.523795,0.));
#796 = CIRCLE('',#797,5.200211176412);
#797 = AXIS2_PLACEMENT_3D('',#798,#799,#800);
#798 = CARTESIAN_POINT('',(5.400207442145,-5.499999999922,0.));
#799 = DIRECTION('',(0.,0.,-1.));
#800 = DIRECTION('',(-0.813563968582,-0.581475424266,-0.));
#801 = ORIENTED_EDGE('',*,*,#802,.F.);
#802 = EDGE_CURVE('',#803,#794,#805,.T.);
#803 = VERTEX_POINT('',#804);
#804 = CARTESIAN_POINT('',(1.875484,-9.469801,0.));
#805 = LINE('',#806,#807);
#806 = CARTESIAN_POINT('',(1.875484,-9.469801,0.));
#807 = VECTOR('',#808,1.);
#808 = DIRECTION('',(-0.598087880731,0.801430525325,0.));
#809 = ORIENTED_EDGE('',*,*,#810,.F.);
#810 = EDGE_CURVE('',#811,#803,#813,.T.);
#811 = VERTEX_POINT('',#812);
#812 = CARTESIAN_POINT('',(3.279733,-11.39972,0.));
#813 = LINE('',#814,#815);
#814 = CARTESIAN_POINT('',(3.279733,-11.39972,0.));
#815 = VECTOR('',#816,1.);
#816 = DIRECTION('',(-0.588355710871,0.808602224512,0.));
#817 = ORIENTED_EDGE('',*,*,#818,.F.);
#818 = EDGE_CURVE('',#819,#811,#821,.T.);
#819 = VERTEX_POINT('',#820);
#820 = CARTESIAN_POINT('',(4.606628,-13.289333,0.));
#821 = LINE('',#822,#823);
#822 = CARTESIAN_POINT('',(4.606628,-13.289333,0.));
#823 = VECTOR('',#824,1.);
#824 = DIRECTION('',(-0.574672613013,0.818383399058,0.));
#825 = ORIENTED_EDGE('',*,*,#826,.F.);
#826 = EDGE_CURVE('',#827,#819,#829,.T.);
#827 = VERTEX_POINT('',#828);
#828 = CARTESIAN_POINT('',(5.859084,-15.140561,0.));
#829 = LINE('',#830,#831);
#830 = CARTESIAN_POINT('',(5.859084,-15.140561,0.));
#831 = VECTOR('',#832,1.);
#832 = DIRECTION('',(-0.560356852934,0.828251288782,0.));
#833 = ORIENTED_EDGE('',*,*,#834,.F.);
#834 = EDGE_CURVE('',#835,#827,#837,.T.);
#835 = VERTEX_POINT('',#836);
#836 = CARTESIAN_POINT('',(7.039862,-16.955237,0.));
#837 = LINE('',#838,#839);
#838 = CARTESIAN_POINT('',(7.039862,-16.955237,0.));
#839 = VECTOR('',#840,1.);
#840 = DIRECTION('',(-0.545390465694,0.838182104277,0.));
#841 = ORIENTED_EDGE('',*,*,#842,.F.);
#842 = EDGE_CURVE('',#843,#835,#845,.T.);
#843 = VERTEX_POINT('',#844);
#844 = CARTESIAN_POINT('',(8.151572,-18.735111,0.));
#845 = LINE('',#846,#847);
#846 = CARTESIAN_POINT('',(8.151572,-18.735111,0.));
#847 = VECTOR('',#848,1.);
#848 = DIRECTION('',(-0.529755195425,0.848150595661,0.));
#849 = ORIENTED_EDGE('',*,*,#850,.F.);
#850 = EDGE_CURVE('',#851,#843,#853,.T.);
#851 = VERTEX_POINT('',#852);
#852 = CARTESIAN_POINT('',(9.196683,-20.481864,0.));
#853 = LINE('',#854,#855);
#854 = CARTESIAN_POINT('',(9.196683,-20.481864,0.));
#855 = VECTOR('',#856,1.);
#856 = DIRECTION('',(-0.513433058639,0.858129648886,0.));
#857 = ORIENTED_EDGE('',*,*,#858,.F.);
#858 = EDGE_CURVE('',#859,#851,#861,.T.);
#859 = VERTEX_POINT('',#860);
#860 = CARTESIAN_POINT('',(10.177533,-22.197107,0.));
#861 = LINE('',#862,#863);
#862 = CARTESIAN_POINT('',(10.177533,-22.197107,0.));
#863 = VECTOR('',#864,1.);
#864 = DIRECTION('',(-0.496410231568,0.868088061198,0.));
#865 = ORIENTED_EDGE('',*,*,#866,.F.);
#866 = EDGE_CURVE('',#867,#859,#869,.T.);
#867 = VERTEX_POINT('',#868);
#868 = CARTESIAN_POINT('',(11.09633,-23.882392,0.));
#869 = LINE('',#870,#871);
#870 = CARTESIAN_POINT('',(11.09633,-23.882392,0.));
#871 = VECTOR('',#872,1.);
#872 = DIRECTION('',(-0.478671693446,0.877993969167,0.));
#873 = ORIENTED_EDGE('',*,*,#874,.F.);
#874 = EDGE_CURVE('',#875,#867,#877,.T.);
#875 = VERTEX_POINT('',#876);
#876 = CARTESIAN_POINT('',(11.955163,-25.539217,0.));
#877 = LINE('',#878,#879);
#878 = CARTESIAN_POINT('',(11.955163,-25.539217,0.));
#879 = VECTOR('',#880,1.);
#880 = DIRECTION('',(-0.460206750624,0.887811774353,0.));
#881 = ORIENTED_EDGE('',*,*,#882,.F.);
#882 = EDGE_CURVE('',#883,#875,#885,.T.);
#883 = VERTEX_POINT('',#884);
#884 = CARTESIAN_POINT('',(12.756,-27.16903,0.));
#885 = LINE('',#886,#887);
#886 = CARTESIAN_POINT('',(12.756,-27.16903,0.));
#887 = VECTOR('',#888,1.);
#888 = DIRECTION('',(-0.441004627491,0.897504829253,0.));
#889 = ORIENTED_EDGE('',*,*,#890,.F.);
#890 = EDGE_CURVE('',#891,#883,#893,.T.);
#891 = VERTEX_POINT('',#892);
#892 = CARTESIAN_POINT('',(13.5007,-28.773232,0.));
#893 = LINE('',#894,#895);
#894 = CARTESIAN_POINT('',(13.5007,-28.773232,0.));
#895 = VECTOR('',#896,1.);
#896 = DIRECTION('',(-0.421061037096,0.9070323054,0.));
#897 = ORIENTED_EDGE('',*,*,#898,.F.);
#898 = EDGE_CURVE('',#899,#891,#901,.T.);
#899 = VERTEX_POINT('',#900);
#900 = CARTESIAN_POINT('',(14.19101,-30.353186,0.));
#901 = LINE('',#902,#903);
#902 = CARTESIAN_POINT('',(14.19101,-30.353186,0.));
#903 = VECTOR('',#904,1.);
#904 = DIRECTION('',(-0.400370982756,0.916353139443,0.));
#905 = ORIENTED_EDGE('',*,*,#906,.F.);
#906 = EDGE_CURVE('',#907,#899,#909,.T.);
#907 = VERTEX_POINT('',#908);
#908 = CARTESIAN_POINT('',(14.828571,-31.910217,0.));
#909 = LINE('',#910,#911);
#910 = CARTESIAN_POINT('',(14.828571,-31.910217,0.));
#911 = VECTOR('',#912,1.);
#912 = DIRECTION('',(-0.378935140942,0.925423232343,0.));
#913 = ORIENTED_EDGE('',*,*,#914,.F.);
#914 = EDGE_CURVE('',#915,#907,#917,.T.);
#915 = VERTEX_POINT('',#916);
#916 = CARTESIAN_POINT('',(15.41492,-33.445617,0.));
#917 = LINE('',#918,#919);
#918 = CARTESIAN_POINT('',(15.41492,-33.445617,0.));
#919 = VECTOR('',#920,1.);
#920 = DIRECTION('',(-0.356757515562,0.934197021559,0.));
#921 = ORIENTED_EDGE('',*,*,#922,.F.);
#922 = EDGE_CURVE('',#923,#915,#925,.T.);
#923 = VERTEX_POINT('',#924);
#924 = CARTESIAN_POINT('',(15.951493,-34.960649,0.));
#925 = LINE('',#926,#927);
#926 = CARTESIAN_POINT('',(15.951493,-34.960649,0.));
#927 = VECTOR('',#928,1.);
#928 = DIRECTION('',(-0.333846681546,0.942627388325,0.));
#929 = ORIENTED_EDGE('',*,*,#930,.F.);
#930 = EDGE_CURVE('',#931,#923,#933,.T.);
#931 = VERTEX_POINT('',#932);
#932 = CARTESIAN_POINT('',(16.439625,-36.456548,0.));
#933 = LINE('',#934,#935);
#934 = CARTESIAN_POINT('',(16.439625,-36.456548,0.));
#935 = VECTOR('',#936,1.);
#936 = DIRECTION('',(-0.310215239028,0.950666348134,0.));
#937 = ORIENTED_EDGE('',*,*,#938,.F.);
#938 = EDGE_CURVE('',#939,#931,#941,.T.);
#939 = VERTEX_POINT('',#940);
#940 = CARTESIAN_POINT('',(16.880552,-37.934525,0.));
#941 = LINE('',#942,#943);
#942 = CARTESIAN_POINT('',(16.880552,-37.934525,0.));
#943 = VECTOR('',#944,1.);
#944 = DIRECTION('',(-0.285880642729,0.958265233697,0.));
#945 = ORIENTED_EDGE('',*,*,#946,.F.);
#946 = EDGE_CURVE('',#947,#939,#949,.T.);
#947 = VERTEX_POINT('',#948);
#948 = CARTESIAN_POINT('',(17.275414,-39.395769,0.));
#949 = LINE('',#950,#951);
#950 = CARTESIAN_POINT('',(17.275414,-39.395769,0.));
#951 = VECTOR('',#952,1.);
#952 = DIRECTION('',(-0.260866659467,0.965374842213,0.));
#953 = ORIENTED_EDGE('',*,*,#954,.F.);
#954 = EDGE_CURVE('',#955,#947,#957,.T.);
#955 = VERTEX_POINT('',#956);
#956 = CARTESIAN_POINT('',(17.625253,-40.841451,0.));
#957 = LINE('',#958,#959);
#958 = CARTESIAN_POINT('',(17.625253,-40.841451,0.));
#959 = VECTOR('',#960,1.);
#960 = DIRECTION('',(-0.235200364748,0.971946906175,0.));
#961 = ORIENTED_EDGE('',*,*,#962,.F.);
#962 = EDGE_CURVE('',#963,#955,#965,.T.);
#963 = VERTEX_POINT('',#964);
#964 = CARTESIAN_POINT('',(17.931016,-42.272721,0.));
#965 = LINE('',#966,#967);
#966 = CARTESIAN_POINT('',(17.931016,-42.272721,0.));
#967 = VECTOR('',#968,1.);
#968 = DIRECTION('',(-0.208916470886,0.977933488634,0.));
#969 = ORIENTED_EDGE('',*,*,#970,.F.);
#970 = EDGE_CURVE('',#971,#963,#973,.T.);
#971 = VERTEX_POINT('',#972);
#972 = CARTESIAN_POINT('',(18.193554,-43.690717,0.));
#973 = LINE('',#974,#975);
#974 = CARTESIAN_POINT('',(18.193554,-43.690717,0.));
#975 = VECTOR('',#976,1.);
#976 = DIRECTION('',(-0.182053155433,0.983288690364,0.));
#977 = ORIENTED_EDGE('',*,*,#978,.F.);
#978 = EDGE_CURVE('',#979,#971,#981,.T.);
#979 = VERTEX_POINT('',#980);
#980 = CARTESIAN_POINT('',(18.413622,-45.096559,0.));
#981 = LINE('',#982,#983);
#982 = CARTESIAN_POINT('',(18.413622,-45.096559,0.));
#983 = VECTOR('',#984,1.);
#984 = DIRECTION('',(-0.154654837247,0.987968562919,0.));
#985 = ORIENTED_EDGE('',*,*,#986,.F.);
#986 = EDGE_CURVE('',#987,#979,#989,.T.);
#987 = VERTEX_POINT('',#988);
#988 = CARTESIAN_POINT('',(18.591881,-46.491357,0.));
#989 = LINE('',#990,#991);
#990 = CARTESIAN_POINT('',(18.591881,-46.491357,0.));
#991 = VECTOR('',#992,1.);
#992 = DIRECTION('',(-0.126771614435,0.991931932026,0.));
#993 = ORIENTED_EDGE('',*,*,#994,.F.);
#994 = EDGE_CURVE('',#995,#987,#997,.T.);
#995 = VERTEX_POINT('',#996);
#996 = CARTESIAN_POINT('',(18.728896,-47.876208,0.));
#997 = LINE('',#998,#999);
#998 = CARTESIAN_POINT('',(18.728896,-47.876208,0.));
#999 = VECTOR('',#1000,1.);
#1000 = DIRECTION('',(-9.845772307373E-02,0.995141234583,0.));
#1001 = ORIENTED_EDGE('',*,*,#1002,.F.);
#1002 = EDGE_CURVE('',#1003,#995,#1005,.T.);
#1003 = VERTEX_POINT('',#1004);
#1004 = CARTESIAN_POINT('',(18.825137,-49.252196,0.));
#1005 = LINE('',#1006,#1007);
#1006 = CARTESIAN_POINT('',(18.825137,-49.252196,0.));
#1007 = VECTOR('',#1008,1.);
#1008 = DIRECTION('',(-6.977273950246E-02,0.997562912714,0.));
#1009 = ORIENTED_EDGE('',*,*,#1010,.F.);
#1010 = EDGE_CURVE('',#1011,#1003,#1013,.T.);
#1011 = VERTEX_POINT('',#1012);
#1012 = CARTESIAN_POINT('',(18.880979,-50.620398,0.));
#1013 = LINE('',#1014,#1015);
#1014 = CARTESIAN_POINT('',(18.880979,-50.620398,0.));
#1015 = VECTOR('',#1016,1.);
#1016 = DIRECTION('',(-4.078019720216E-02,0.999168141764,0.));
#1017 = ORIENTED_EDGE('',*,*,#1018,.F.);
#1018 = EDGE_CURVE('',#1019,#1011,#1021,.T.);
#1019 = VERTEX_POINT('',#1020);
#1020 = CARTESIAN_POINT('',(18.896701,-51.981881,0.));
#1021 = LINE('',#1022,#1023);
#1022 = CARTESIAN_POINT('',(18.896701,-51.981881,0.));
#1023 = VECTOR('',#1024,1.);
#1024 = DIRECTION('',(-1.154693216516E-02,0.999933331956,0.));
#1025 = ORIENTED_EDGE('',*,*,#1026,.F.);
#1026 = EDGE_CURVE('',#1027,#1019,#1029,.T.);
#1027 = VERTEX_POINT('',#1028);
#1028 = CARTESIAN_POINT('',(18.872487,-53.337701,0.));
#1029 = LINE('',#1030,#1031);
#1030 = CARTESIAN_POINT('',(18.872487,-53.337701,0.));
#1031 = VECTOR('',#1032,1.);
#1032 = DIRECTION('',(1.785645538418E-02,0.99984056079,0.));
#1033 = ORIENTED_EDGE('',*,*,#1034,.F.);
#1034 = EDGE_CURVE('',#1035,#1027,#1037,.T.);
#1035 = VERTEX_POINT('',#1036);
#1036 = CARTESIAN_POINT('',(18.808424,-54.68891,0.));
#1037 = LINE('',#1038,#1039);
#1038 = CARTESIAN_POINT('',(18.808424,-54.68891,0.));
#1039 = VECTOR('',#1040,1.);
#1040 = DIRECTION('',(4.735841664491E-02,0.9988779607,0.));
#1041 = ORIENTED_EDGE('',*,*,#1042,.F.);
#1042 = EDGE_CURVE('',#1043,#1035,#1045,.T.);
#1043 = VERTEX_POINT('',#1044);
#1044 = CARTESIAN_POINT('',(18.761446,-55.363169,0.));
#1045 = LINE('',#1046,#1047);
#1046 = CARTESIAN_POINT('',(18.761446,-55.363169,0.));
#1047 = VECTOR('',#1048,1.);
#1048 = DIRECTION('',(6.950502473466E-02,0.997581601443,0.));
#1049 = ORIENTED_EDGE('',*,*,#1050,.F.);
#1050 = EDGE_CURVE('',#1051,#1043,#1053,.T.);
#1051 = VERTEX_POINT('',#1052);
#1052 = CARTESIAN_POINT('',(18.704504,-56.036548,0.));
#1053 = LINE('',#1054,#1055);
#1054 = CARTESIAN_POINT('',(18.704504,-56.036548,0.));
#1055 = VECTOR('',#1056,1.);
#1056 = DIRECTION('',(8.426086772581E-02,0.996443729555,0.));
#1057 = ORIENTED_EDGE('',*,*,#1058,.F.);
#1058 = EDGE_CURVE('',#1059,#1051,#1061,.T.);
#1059 = VERTEX_POINT('',#1060);
#1060 = CARTESIAN_POINT('',(18.637552,-56.709513,0.));
#1061 = LINE('',#1062,#1063);
#1062 = CARTESIAN_POINT('',(18.637552,-56.709513,0.));
#1063 = VECTOR('',#1064,1.);
#1064 = DIRECTION('',(9.899935087422E-02,0.995087497925,0.));
#1065 = ORIENTED_EDGE('',*,*,#1066,.F.);
#1066 = EDGE_CURVE('',#1067,#1059,#1069,.T.);
#1067 = VERTEX_POINT('',#1068);
#1068 = CARTESIAN_POINT('',(18.560623,-57.381652,0.));
#1069 = LINE('',#1070,#1071);
#1070 = CARTESIAN_POINT('',(18.560623,-57.381652,0.));
#1071 = VECTOR('',#1072,1.);
#1072 = DIRECTION('',(0.11371163239,0.993513796914,0.));
#1073 = ORIENTED_EDGE('',*,*,#1074,.F.);
#1074 = EDGE_CURVE('',#1075,#1067,#1077,.T.);
#1075 = VERTEX_POINT('',#1076);
#1076 = CARTESIAN_POINT('',(18.473601,-58.053836,0.));
#1077 = LINE('',#1078,#1079);
#1078 = CARTESIAN_POINT('',(18.473601,-58.053836,0.));
#1079 = VECTOR('',#1080,1.);
#1080 = DIRECTION('',(0.128390118401,0.991723740513,0.));
#1081 = ORIENTED_EDGE('',*,*,#1082,.F.);
#1082 = EDGE_CURVE('',#1083,#1075,#1085,.T.);
#1083 = VERTEX_POINT('',#1084);
#1084 = CARTESIAN_POINT('',(18.376577,-58.725249,0.));
#1085 = LINE('',#1086,#1087);
#1086 = CARTESIAN_POINT('',(18.376577,-58.725249,0.));
#1087 = VECTOR('',#1088,1.);
#1088 = DIRECTION('',(0.143021585088,0.989719569474,0.));
#1089 = ORIENTED_EDGE('',*,*,#1090,.F.);
#1090 = EDGE_CURVE('',#1091,#1083,#1093,.T.);
#1091 = VERTEX_POINT('',#1092);
#1092 = CARTESIAN_POINT('',(18.269344,-59.397165,0.));
#1093 = LINE('',#1094,#1095);
#1094 = CARTESIAN_POINT('',(18.269344,-59.397165,0.));
#1095 = VECTOR('',#1096,1.);
#1096 = DIRECTION('',(0.157598477755,0.987503275847,0.));
#1097 = ORIENTED_EDGE('',*,*,#1098,.F.);
#1098 = EDGE_CURVE('',#1099,#1091,#1101,.T.);
#1099 = VERTEX_POINT('',#1100);
#1100 = CARTESIAN_POINT('',(18.152071,-60.068363,0.));
#1101 = LINE('',#1102,#1103);
#1102 = CARTESIAN_POINT('',(18.152071,-60.068363,0.));
#1103 = VECTOR('',#1104,1.);
#1104 = DIRECTION('',(0.172114530467,0.985076945422,0.));
#1105 = ORIENTED_EDGE('',*,*,#1106,.F.);
#1106 = EDGE_CURVE('',#1107,#1099,#1109,.T.);
#1107 = VERTEX_POINT('',#1108);
#1108 = CARTESIAN_POINT('',(18.024433,-60.740519,0.));
#1109 = LINE('',#1110,#1111);
#1110 = CARTESIAN_POINT('',(18.024433,-60.740519,0.));
#1111 = VECTOR('',#1112,1.);
#1112 = DIRECTION('',(0.186559582002,0.982443648442,0.));
#1113 = ORIENTED_EDGE('',*,*,#1114,.F.);
#1114 = EDGE_CURVE('',#1115,#1107,#1117,.T.);
#1115 = VERTEX_POINT('',#1116);
#1116 = CARTESIAN_POINT('',(17.886707,-61.412011,0.));
#1117 = LINE('',#1118,#1119);
#1118 = CARTESIAN_POINT('',(17.886707,-61.412011,0.));
#1119 = VECTOR('',#1120,1.);
#1120 = DIRECTION('',(0.200921816334,0.979607280353,0.));
#1121 = ORIENTED_EDGE('',*,*,#1122,.F.);
#1122 = EDGE_CURVE('',#1123,#1115,#1125,.T.);
#1123 = VERTEX_POINT('',#1124);
#1124 = CARTESIAN_POINT('',(17.738427,-62.084914,0.));
#1125 = LINE('',#1126,#1127);
#1126 = CARTESIAN_POINT('',(17.738427,-62.084914,0.));
#1127 = VECTOR('',#1128,1.);
#1128 = DIRECTION('',(0.215195852519,0.976570911434,0.));
#1129 = ORIENTED_EDGE('',*,*,#1130,.F.);
#1130 = EDGE_CURVE('',#1131,#1123,#1133,.T.);
#1131 = VERTEX_POINT('',#1132);
#1132 = CARTESIAN_POINT('',(17.579995,-62.757206,0.));
#1133 = LINE('',#1134,#1135);
#1134 = CARTESIAN_POINT('',(17.579995,-62.757206,0.));
#1135 = VECTOR('',#1136,1.);
#1136 = DIRECTION('',(0.229376308614,0.973337818564,0.));
#1137 = ORIENTED_EDGE('',*,*,#1138,.F.);
#1138 = EDGE_CURVE('',#1139,#1131,#1141,.T.);
#1139 = VERTEX_POINT('',#1140);
#1140 = CARTESIAN_POINT('',(17.410782,-63.431359,0.));
#1141 = LINE('',#1142,#1143);
#1142 = CARTESIAN_POINT('',(17.410782,-63.431359,0.));
#1143 = VECTOR('',#1144,1.);
#1144 = DIRECTION('',(0.243449185773,0.96991365283,0.));
#1145 = ORIENTED_EDGE('',*,*,#1146,.F.);
#1146 = EDGE_CURVE('',#1147,#1139,#1149,.T.);
#1147 = VERTEX_POINT('',#1148);
#1148 = CARTESIAN_POINT('',(17.231345,-64.104955,0.));
#1149 = LINE('',#1150,#1151);
#1150 = CARTESIAN_POINT('',(17.231345,-64.104955,0.));
#1151 = VECTOR('',#1152,1.);
#1152 = DIRECTION('',(0.257410049134,0.966302264618,0.));
#1153 = ORIENTED_EDGE('',*,*,#1154,.F.);
#1154 = EDGE_CURVE('',#1155,#1147,#1157,.T.);
#1155 = VERTEX_POINT('',#1156);
#1156 = CARTESIAN_POINT('',(17.040862,-64.780861,0.));
#1157 = LINE('',#1158,#1159);
#1158 = CARTESIAN_POINT('',(17.040862,-64.780861,0.));
#1159 = VECTOR('',#1160,1.);
#1160 = DIRECTION('',(0.271252858785,0.962508122875,0.));
#1161 = ORIENTED_EDGE('',*,*,#1162,.F.);
#1162 = EDGE_CURVE('',#1163,#1155,#1165,.T.);
#1163 = VERTEX_POINT('',#1164);
#1164 = CARTESIAN_POINT('',(16.840068,-65.456264,0.));
#1165 = LINE('',#1166,#1167);
#1166 = CARTESIAN_POINT('',(16.840068,-65.456264,0.));
#1167 = VECTOR('',#1168,1.);
#1168 = DIRECTION('',(0.284968329769,0.958536932532,0.));
#1169 = ORIENTED_EDGE('',*,*,#1170,.F.);
#1170 = EDGE_CURVE('',#1171,#1163,#1173,.T.);
#1171 = VERTEX_POINT('',#1172);
#1172 = CARTESIAN_POINT('',(16.627929,-66.134423,0.));
#1173 = LINE('',#1174,#1175);
#1174 = CARTESIAN_POINT('',(16.627929,-66.134423,0.));
#1175 = VECTOR('',#1176,1.);
#1176 = DIRECTION('',(0.298549755861,0.95439407127,0.));
#1177 = ORIENTED_EDGE('',*,*,#1178,.F.);
#1178 = EDGE_CURVE('',#1179,#1171,#1181,.T.);
#1179 = VERTEX_POINT('',#1180);
#1180 = CARTESIAN_POINT('',(16.40538,-66.812136,0.));
#1181 = LINE('',#1182,#1183);
#1182 = CARTESIAN_POINT('',(16.40538,-66.812136,0.));
#1183 = VECTOR('',#1184,1.);
#1184 = DIRECTION('',(0.311991163577,0.950085003487,0.));
#1185 = ORIENTED_EDGE('',*,*,#1186,.F.);
#1186 = EDGE_CURVE('',#1187,#1179,#1189,.T.);
#1187 = VERTEX_POINT('',#1188);
#1188 = CARTESIAN_POINT('',(16.171148,-67.49305,0.));
#1189 = LINE('',#1190,#1191);
#1190 = CARTESIAN_POINT('',(16.171148,-67.49305,0.));
#1191 = VECTOR('',#1192,1.);
#1192 = DIRECTION('',(0.325288181309,0.945614931725,0.));
#1193 = ORIENTED_EDGE('',*,*,#1194,.F.);
#1194 = EDGE_CURVE('',#1195,#1187,#1197,.T.);
#1195 = VERTEX_POINT('',#1196);
#1196 = CARTESIAN_POINT('',(15.926395,-68.173572,0.));
#1197 = LINE('',#1198,#1199);
#1198 = CARTESIAN_POINT('',(15.926395,-68.173572,0.));
#1199 = VECTOR('',#1200,1.);
#1200 = DIRECTION('',(0.338431885776,0.940990891927,0.));
#1201 = ORIENTED_EDGE('',*,*,#1202,.F.);
#1202 = EDGE_CURVE('',#1203,#1195,#1205,.T.);
#1203 = VERTEX_POINT('',#1204);
#1204 = CARTESIAN_POINT('',(15.669585,-68.857741,0.));
#1205 = LINE('',#1206,#1207);
#1206 = CARTESIAN_POINT('',(15.669585,-68.857741,0.));
#1207 = VECTOR('',#1208,1.);
#1208 = DIRECTION('',(0.351419298798,0.936218177794,0.));
#1209 = ORIENTED_EDGE('',*,*,#1210,.F.);
#1210 = EDGE_CURVE('',#1211,#1203,#1213,.T.);
#1211 = VERTEX_POINT('',#1212);
#1212 = CARTESIAN_POINT('',(15.40213,-69.541576,0.));
#1213 = LINE('',#1214,#1215);
#1214 = CARTESIAN_POINT('',(15.40213,-69.541576,0.));
#1215 = VECTOR('',#1216,1.);
#1216 = DIRECTION('',(0.364242726749,0.931304051323,0.));
#1217 = ORIENTED_EDGE('',*,*,#1218,.F.);
#1218 = EDGE_CURVE('',#1219,#1211,#1221,.T.);
#1219 = VERTEX_POINT('',#1220);
#1220 = CARTESIAN_POINT('',(15.122207,-70.229501,0.));
#1221 = LINE('',#1222,#1223);
#1222 = CARTESIAN_POINT('',(15.122207,-70.229501,0.));
#1223 = VECTOR('',#1224,1.);
#1224 = DIRECTION('',(0.37690106441,0.92625352234,0.));
#1225 = ORIENTED_EDGE('',*,*,#1226,.F.);
#1226 = EDGE_CURVE('',#1227,#1219,#1229,.T.);
#1227 = VERTEX_POINT('',#1228);
#1228 = CARTESIAN_POINT('',(14.831501,-70.91715,0.));
#1229 = LINE('',#1230,#1231);
#1230 = CARTESIAN_POINT('',(14.831501,-70.91715,0.));
#1231 = VECTOR('',#1232,1.);
#1232 = DIRECTION('',(0.389387281556,0.921074125661,0.));
#1233 = ORIENTED_EDGE('',*,*,#1234,.F.);
#1234 = EDGE_CURVE('',#1235,#1227,#1237,.T.);
#1235 = VERTEX_POINT('',#1236);
#1236 = CARTESIAN_POINT('',(14.527878,-71.609334,0.));
#1237 = LINE('',#1238,#1239);
#1238 = CARTESIAN_POINT('',(14.527878,-71.609334,0.));
#1239 = VECTOR('',#1240,1.);
#1240 = DIRECTION('',(0.401698694646,0.915771892296,0.));
#1241 = ORIENTED_EDGE('',*,*,#1242,.F.);
#1242 = EDGE_CURVE('',#1243,#1235,#1245,.T.);
#1243 = VERTEX_POINT('',#1244);
#1244 = CARTESIAN_POINT('',(14.213322,-72.301302,0.));
#1245 = LINE('',#1246,#1247);
#1246 = CARTESIAN_POINT('',(14.213322,-72.301302,0.));
#1247 = VECTOR('',#1248,1.);
#1248 = DIRECTION('',(0.413830301414,0.910354041915,0.));
#1249 = ORIENTED_EDGE('',*,*,#1250,.F.);
#1250 = EDGE_CURVE('',#1251,#1243,#1253,.T.);
#1251 = VERTEX_POINT('',#1252);
#1252 = CARTESIAN_POINT('',(13.885362,-72.99825,0.));
#1253 = LINE('',#1254,#1255);
#1254 = CARTESIAN_POINT('',(13.885362,-72.99825,0.));
#1255 = VECTOR('',#1256,1.);
#1256 = DIRECTION('',(0.425780530213,0.904826469602,0.));
#1257 = ORIENTED_EDGE('',*,*,#1258,.F.);
#1258 = EDGE_CURVE('',#1259,#1251,#1261,.T.);
#1259 = VERTEX_POINT('',#1260);
#1260 = CARTESIAN_POINT('',(13.546305,-73.695045,0.));
#1261 = LINE('',#1262,#1263);
#1262 = CARTESIAN_POINT('',(13.546305,-73.695045,0.));
#1263 = VECTOR('',#1264,1.);
#1264 = DIRECTION('',(0.437544657202,0.899196682019,0.));
#1265 = ORIENTED_EDGE('',*,*,#1266,.F.);
#1266 = EDGE_CURVE('',#1267,#1259,#1269,.T.);
#1267 = VERTEX_POINT('',#1268);
#1268 = CARTESIAN_POINT('',(13.19332,-74.397265,0.));
#1269 = LINE('',#1270,#1271);
#1270 = CARTESIAN_POINT('',(13.19332,-74.397265,0.));
#1271 = VECTOR('',#1272,1.);
#1272 = DIRECTION('',(0.449121105116,0.89347089093,0.));
#1273 = ORIENTED_EDGE('',*,*,#1274,.F.);
#1274 = EDGE_CURVE('',#1275,#1267,#1277,.T.);
#1275 = VERTEX_POINT('',#1276);
#1276 = CARTESIAN_POINT('',(12.82906,-75.099398,0.));
#1277 = LINE('',#1278,#1279);
#1278 = CARTESIAN_POINT('',(12.82906,-75.099398,0.));
#1279 = VECTOR('',#1280,1.);
#1280 = DIRECTION('',(0.460507493227,0.887655816565,0.));
#1281 = ORIENTED_EDGE('',*,*,#1282,.F.);
#1282 = EDGE_CURVE('',#1283,#1275,#1285,.T.);
#1283 = VERTEX_POINT('',#1284);
#1284 = CARTESIAN_POINT('',(12.450306,-75.807404,0.));
#1285 = LINE('',#1286,#1287);
#1286 = CARTESIAN_POINT('',(12.450306,-75.807404,0.));
#1287 = VECTOR('',#1288,1.);
#1288 = DIRECTION('',(0.471703685246,0.88175712831,0.));
#1289 = ORIENTED_EDGE('',*,*,#1290,.F.);
#1290 = EDGE_CURVE('',#1291,#1283,#1293,.T.);
#1291 = VERTEX_POINT('',#1292);
#1292 = CARTESIAN_POINT('',(12.060087,-76.51539,0.));
#1293 = LINE('',#1294,#1295);
#1294 = CARTESIAN_POINT('',(12.060087,-76.51539,0.));
#1295 = VECTOR('',#1296,1.);
#1296 = DIRECTION('',(0.482703687822,0.875783734585,0.));
#1297 = ORIENTED_EDGE('',*,*,#1298,.F.);
#1298 = EDGE_CURVE('',#1299,#1291,#1301,.T.);
#1299 = VERTEX_POINT('',#1300);
#1300 = CARTESIAN_POINT('',(11.65477,-77.229702,0.));
#1301 = LINE('',#1302,#1303);
#1302 = CARTESIAN_POINT('',(11.65477,-77.229702,0.));
#1303 = VECTOR('',#1304,1.);
#1304 = DIRECTION('',(0.493510362098,0.869739916586,0.));
#1305 = ORIENTED_EDGE('',*,*,#1306,.F.);
#1306 = EDGE_CURVE('',#1307,#1299,#1309,.T.);
#1307 = VERTEX_POINT('',#1308);
#1308 = CARTESIAN_POINT('',(11.237782,-77.944064,0.));
#1309 = LINE('',#1310,#1311);
#1310 = CARTESIAN_POINT('',(11.237782,-77.944064,0.));
#1311 = VECTOR('',#1312,1.);
#1312 = DIRECTION('',(0.504120713673,0.863633201102,0.));
#1313 = ORIENTED_EDGE('',*,*,#1314,.F.);
#1314 = EDGE_CURVE('',#1315,#1307,#1317,.T.);
#1315 = VERTEX_POINT('',#1316);
#1316 = CARTESIAN_POINT('',(10.805051,-78.665209,0.));
#1317 = LINE('',#1318,#1319);
#1318 = CARTESIAN_POINT('',(10.805051,-78.665209,0.));
#1319 = VECTOR('',#1320,1.);
#1320 = DIRECTION('',(0.514534223833,0.857469843496,0.));
#1321 = ORIENTED_EDGE('',*,*,#1322,.F.);
#1322 = EDGE_CURVE('',#1323,#1315,#1325,.T.);
#1323 = VERTEX_POINT('',#1324);
#1324 = CARTESIAN_POINT('',(10.360428,-79.386478,0.));
#1325 = LINE('',#1326,#1327);
#1326 = CARTESIAN_POINT('',(10.360428,-79.386478,0.));
#1327 = VECTOR('',#1328,1.);
#1328 = DIRECTION('',(0.524752271646,0.851254987299,0.));
#1329 = ORIENTED_EDGE('',*,*,#1330,.F.);
#1330 = EDGE_CURVE('',#1331,#1323,#1333,.T.);
#1331 = VERTEX_POINT('',#1332);
#1332 = CARTESIAN_POINT('',(9.899373,-80.114991,0.));
#1333 = LINE('',#1334,#1335);
#1334 = CARTESIAN_POINT('',(9.899373,-80.114991,0.));
#1335 = VECTOR('',#1336,1.);
#1336 = DIRECTION('',(0.534773429955,0.844995490292,0.));
#1337 = ORIENTED_EDGE('',*,*,#1338,.F.);
#1338 = EDGE_CURVE('',#1339,#1331,#1341,.T.);
#1339 = VERTEX_POINT('',#1340);
#1340 = CARTESIAN_POINT('',(9.426193,-80.843706,0.));
#1341 = LINE('',#1342,#1343);
#1342 = CARTESIAN_POINT('',(9.426193,-80.843706,0.));
#1343 = VECTOR('',#1344,1.);
#1344 = DIRECTION('',(0.544596085471,0.838698458142,0.));
#1345 = ORIENTED_EDGE('',*,*,#1346,.F.);
#1346 = EDGE_CURVE('',#1347,#1339,#1349,.T.);
#1347 = VERTEX_POINT('',#1348);
#1348 = CARTESIAN_POINT('',(8.93585,-81.580135,0.));
#1349 = LINE('',#1350,#1351);
#1350 = CARTESIAN_POINT('',(8.93585,-81.580135,0.));
#1351 = VECTOR('',#1352,1.);
#1352 = DIRECTION('',(0.554223041532,0.832368199918,0.));
#1353 = ORIENTED_EDGE('',*,*,#1354,.F.);
#1354 = EDGE_CURVE('',#1355,#1347,#1357,.T.);
#1355 = VERTEX_POINT('',#1356);
#1356 = CARTESIAN_POINT('',(8.433131,-82.316847,0.));
#1357 = LINE('',#1358,#1359);
#1358 = CARTESIAN_POINT('',(8.433131,-82.316847,0.));
#1359 = VECTOR('',#1360,1.);
#1360 = DIRECTION('',(0.563654701169,0.826010519212,0.));
#1361 = ORIENTED_EDGE('',*,*,#1362,.F.);
#1362 = EDGE_CURVE('',#1363,#1355,#1365,.T.);
#1363 = VERTEX_POINT('',#1364);
#1364 = CARTESIAN_POINT('',(7.912471,-83.06175,0.));
#1365 = LINE('',#1366,#1367);
#1366 = CARTESIAN_POINT('',(7.912471,-83.06175,0.));
#1367 = VECTOR('',#1368,1.);
#1368 = DIRECTION('',(0.572892033516,0.819630842473,0.));
#1369 = ORIENTED_EDGE('',*,*,#1370,.F.);
#1370 = EDGE_CURVE('',#1371,#1363,#1373,.T.);
#1371 = VERTEX_POINT('',#1372);
#1372 = CARTESIAN_POINT('',(7.379169,-83.807023,0.));
#1373 = LINE('',#1374,#1375);
#1374 = CARTESIAN_POINT('',(7.379169,-83.807023,0.));
#1375 = VECTOR('',#1376,1.);
#1376 = DIRECTION('',(0.58193461803,0.813235574934,0.));
#1377 = ORIENTED_EDGE('',*,*,#1378,.F.);
#1378 = EDGE_CURVE('',#1379,#1371,#1381,.T.);
#1379 = VERTEX_POINT('',#1380);
#1380 = CARTESIAN_POINT('',(6.827102,-84.560976,0.));
#1381 = LINE('',#1382,#1383);
#1382 = CARTESIAN_POINT('',(6.827102,-84.560976,0.));
#1383 = VECTOR('',#1384,1.);
#1384 = DIRECTION('',(0.590784619271,0.806829308858,0.));
#1385 = ORIENTED_EDGE('',*,*,#1386,.F.);
#1386 = EDGE_CURVE('',#1387,#1379,#1389,.T.);
#1387 = VERTEX_POINT('',#1388);
#1388 = CARTESIAN_POINT('',(6.262112,-85.315389,0.));
#1389 = LINE('',#1390,#1391);
#1390 = CARTESIAN_POINT('',(6.262112,-85.315389,0.));
#1391 = VECTOR('',#1392,1.);
#1392 = DIRECTION('',(0.599443222093,0.800417280852,0.));
#1393 = ORIENTED_EDGE('',*,*,#1394,.F.);
#1394 = EDGE_CURVE('',#1395,#1387,#1397,.T.);
#1395 = VERTEX_POINT('',#1396);
#1396 = CARTESIAN_POINT('',(5.677482,-86.078983,0.));
#1397 = LINE('',#1398,#1399);
#1398 = CARTESIAN_POINT('',(5.677482,-86.078983,0.));
#1399 = VECTOR('',#1400,1.);
#1400 = DIRECTION('',(0.607912694717,0.794003876314,0.));
#1401 = ORIENTED_EDGE('',*,*,#1402,.F.);
#1402 = EDGE_CURVE('',#1403,#1395,#1405,.T.);
#1403 = VERTEX_POINT('',#1404);
#1404 = CARTESIAN_POINT('',(5.079629,-86.843132,0.));
#1405 = LINE('',#1406,#1407);
#1406 = CARTESIAN_POINT('',(5.079629,-86.843132,0.));
#1407 = VECTOR('',#1408,1.);
#1408 = DIRECTION('',(0.616195340847,0.787593360764,0.));
#1409 = ORIENTED_EDGE('',*,*,#1410,.F.);
#1410 = EDGE_CURVE('',#1411,#1403,#1413,.T.);
#1411 = VERTEX_POINT('',#1412);
#1412 = CARTESIAN_POINT('',(4.46121,-87.616977,0.));
#1413 = LINE('',#1414,#1415);
#1414 = CARTESIAN_POINT('',(4.46121,-87.616977,0.));
#1415 = VECTOR('',#1416,1.);
#1416 = DIRECTION('',(0.624290550449,0.781192235381,0.));
#1417 = ORIENTED_EDGE('',*,*,#1418,.F.);
#1418 = EDGE_CURVE('',#1419,#1411,#1421,.T.);
#1419 = VERTEX_POINT('',#1420);
#1420 = CARTESIAN_POINT('',(3.829252,-88.391479,0.));
#1421 = LINE('',#1422,#1423);
#1422 = CARTESIAN_POINT('',(3.829252,-88.391479,0.));
#1423 = VECTOR('',#1424,1.);
#1424 = DIRECTION('',(0.632203259693,0.774802580296,0.));
#1425 = ORIENTED_EDGE('',*,*,#1426,.F.);
#1426 = EDGE_CURVE('',#1427,#1419,#1429,.T.);
#1427 = VERTEX_POINT('',#1428);
#1428 = CARTESIAN_POINT('',(3.175744,-89.176208,0.));
#1429 = LINE('',#1430,#1431);
#1430 = CARTESIAN_POINT('',(3.175744,-89.176208,0.));
#1431 = VECTOR('',#1432,1.);
#1432 = DIRECTION('',(0.639934228809,0.768429686307,0.));
#1433 = ORIENTED_EDGE('',*,*,#1434,.F.);
#1434 = EDGE_CURVE('',#1435,#1427,#1437,.T.);
#1435 = VERTEX_POINT('',#1436);
#1436 = CARTESIAN_POINT('',(2.508364,-89.961703,0.));
#1437 = LINE('',#1438,#1439);
#1438 = CARTESIAN_POINT('',(2.508364,-89.961703,0.));
#1439 = VECTOR('',#1440,1.);
#1440 = DIRECTION('',(0.647484641763,0.762078499028,0.));
#1441 = ORIENTED_EDGE('',*,*,#1442,.F.);
#1442 = EDGE_CURVE('',#1443,#1435,#1445,.T.);
#1443 = VERTEX_POINT('',#1444);
#1444 = CARTESIAN_POINT('',(1.818393,-90.757974,0.));
#1445 = LINE('',#1446,#1447);
#1446 = CARTESIAN_POINT('',(1.818393,-90.757974,0.));
#1447 = VECTOR('',#1448,1.);
#1448 = DIRECTION('',(0.654859785749,0.75575039597,0.));
#1449 = ORIENTED_EDGE('',*,*,#1450,.F.);
#1450 = EDGE_CURVE('',#1451,#1443,#1453,.T.);
#1451 = VERTEX_POINT('',#1452);
#1452 = CARTESIAN_POINT('',(1.114195,-91.555125,0.));
#1453 = LINE('',#1454,#1455);
#1454 = CARTESIAN_POINT('',(1.114195,-91.555125,0.));
#1455 = VECTOR('',#1456,1.);
#1456 = DIRECTION('',(0.662059992344,0.74945084331,0.));
#1457 = ORIENTED_EDGE('',*,*,#1458,.F.);
#1458 = EDGE_CURVE('',#1459,#1451,#1461,.T.);
#1459 = VERTEX_POINT('',#1460);
#1460 = CARTESIAN_POINT('',(8.424002,-98.730703,0.));
#1461 = CIRCLE('',#1462,5.200210176757);
#1462 = AXIS2_PLACEMENT_3D('',#1463,#1464,#1465);
#1463 = CARTESIAN_POINT('',(5.400206887662,-94.49999986682,0.));
#1464 = DIRECTION('',(0.,0.,-1.));
#1465 = DIRECTION('',(0.581475557633,-0.813563873261,0.));
#1466 = ORIENTED_EDGE('',*,*,#1467,.F.);
#1467 = EDGE_CURVE('',#1468,#1459,#1470,.T.);
#1468 = VERTEX_POINT('',#1469);
#1469 = CARTESIAN_POINT('',(9.370008,-98.024722,0.));
#1470 = LINE('',#1471,#1472);
#1471 = CARTESIAN_POINT('',(9.370008,-98.024722,0.));
#1472 = VECTOR('',#1473,1.);
#1473 = DIRECTION('',(-0.801430525325,-0.598087880731,0.));
#1474 = ORIENTED_EDGE('',*,*,#1475,.F.);
#1475 = EDGE_CURVE('',#1476,#1468,#1478,.T.);
#1476 = VERTEX_POINT('',#1477);
#1477 = CARTESIAN_POINT('',(11.299927,-96.620473,0.));
#1478 = LINE('',#1479,#1480);
#1479 = CARTESIAN_POINT('',(11.299927,-96.620473,0.));
#1480 = VECTOR('',#1481,1.);
#1481 = DIRECTION('',(-0.808602224512,-0.588355710871,0.));
#1482 = ORIENTED_EDGE('',*,*,#1483,.F.);
#1483 = EDGE_CURVE('',#1484,#1476,#1486,.T.);
#1484 = VERTEX_POINT('',#1485);
#1485 = CARTESIAN_POINT('',(13.18954,-95.293578,0.));
#1486 = LINE('',#1487,#1488);
#1487 = CARTESIAN_POINT('',(13.18954,-95.293578,0.));
#1488 = VECTOR('',#1489,1.);
#1489 = DIRECTION('',(-0.818383399058,-0.574672613013,0.));
#1490 = ORIENTED_EDGE('',*,*,#1491,.F.);
#1491 = EDGE_CURVE('',#1492,#1484,#1494,.T.);
#1492 = VERTEX_POINT('',#1493);
#1493 = CARTESIAN_POINT('',(15.040768,-94.041122,0.));
#1494 = LINE('',#1495,#1496);
#1495 = CARTESIAN_POINT('',(15.040768,-94.041122,0.));
#1496 = VECTOR('',#1497,1.);
#1497 = DIRECTION('',(-0.828251288782,-0.560356852934,0.));
#1498 = ORIENTED_EDGE('',*,*,#1499,.F.);
#1499 = EDGE_CURVE('',#1500,#1492,#1502,.T.);
#1500 = VERTEX_POINT('',#1501);
#1501 = CARTESIAN_POINT('',(16.855444,-92.860344,0.));
#1502 = LINE('',#1503,#1504);
#1503 = CARTESIAN_POINT('',(16.855444,-92.860344,0.));
#1504 = VECTOR('',#1505,1.);
#1505 = DIRECTION('',(-0.838182104277,-0.545390465694,0.));
#1506 = ORIENTED_EDGE('',*,*,#1507,.F.);
#1507 = EDGE_CURVE('',#1508,#1500,#1510,.T.);
#1508 = VERTEX_POINT('',#1509);
#1509 = CARTESIAN_POINT('',(18.635318,-91.748634,0.));
#1510 = LINE('',#1511,#1512);
#1511 = CARTESIAN_POINT('',(18.635318,-91.748634,0.));
#1512 = VECTOR('',#1513,1.);
#1513 = DIRECTION('',(-0.848150595661,-0.529755195425,0.));
#1514 = ORIENTED_EDGE('',*,*,#1515,.F.);
#1515 = EDGE_CURVE('',#1516,#1508,#1518,.T.);
#1516 = VERTEX_POINT('',#1517);
#1517 = CARTESIAN_POINT('',(20.382071,-90.703523,0.));
#1518 = LINE('',#1519,#1520);
#1519 = CARTESIAN_POINT('',(20.382071,-90.703523,0.));
#1520 = VECTOR('',#1521,1.);
#1521 = DIRECTION('',(-0.858129648886,-0.513433058639,0.));
#1522 = ORIENTED_EDGE('',*,*,#1523,.F.);
#1523 = EDGE_CURVE('',#1524,#1516,#1526,.T.);
#1524 = VERTEX_POINT('',#1525);
#1525 = CARTESIAN_POINT('',(22.097314,-89.722673,0.));
#1526 = LINE('',#1527,#1528);
#1527 = CARTESIAN_POINT('',(22.097314,-89.722673,0.));
#1528 = VECTOR('',#1529,1.);
#1529 = DIRECTION('',(-0.868088061198,-0.496410231568,0.));
#1530 = ORIENTED_EDGE('',*,*,#1531,.F.);
#1531 = EDGE_CURVE('',#1532,#1524,#1534,.T.);
#1532 = VERTEX_POINT('',#1533);
#1533 = CARTESIAN_POINT('',(23.782599,-88.803876,0.));
#1534 = LINE('',#1535,#1536);
#1535 = CARTESIAN_POINT('',(23.782599,-88.803876,0.));
#1536 = VECTOR('',#1537,1.);
#1537 = DIRECTION('',(-0.877993969167,-0.478671693446,0.));
#1538 = ORIENTED_EDGE('',*,*,#1539,.F.);
#1539 = EDGE_CURVE('',#1540,#1532,#1542,.T.);
#1540 = VERTEX_POINT('',#1541);
#1541 = CARTESIAN_POINT('',(25.439424,-87.945043,0.));
#1542 = LINE('',#1543,#1544);
#1543 = CARTESIAN_POINT('',(25.439424,-87.945043,0.));
#1544 = VECTOR('',#1545,1.);
#1545 = DIRECTION('',(-0.887811774353,-0.460206750624,0.));
#1546 = ORIENTED_EDGE('',*,*,#1547,.F.);
#1547 = EDGE_CURVE('',#1548,#1540,#1550,.T.);
#1548 = VERTEX_POINT('',#1549);
#1549 = CARTESIAN_POINT('',(27.069237,-87.144206,0.));
#1550 = LINE('',#1551,#1552);
#1551 = CARTESIAN_POINT('',(27.069237,-87.144206,0.));
#1552 = VECTOR('',#1553,1.);
#1553 = DIRECTION('',(-0.897504829253,-0.441004627491,0.));
#1554 = ORIENTED_EDGE('',*,*,#1555,.F.);
#1555 = EDGE_CURVE('',#1556,#1548,#1558,.T.);
#1556 = VERTEX_POINT('',#1557);
#1557 = CARTESIAN_POINT('',(28.673439,-86.399506,0.));
#1558 = LINE('',#1559,#1560);
#1559 = CARTESIAN_POINT('',(28.673439,-86.399506,0.));
#1560 = VECTOR('',#1561,1.);
#1561 = DIRECTION('',(-0.9070323054,-0.421061037096,0.));
#1562 = ORIENTED_EDGE('',*,*,#1563,.F.);
#1563 = EDGE_CURVE('',#1564,#1556,#1566,.T.);
#1564 = VERTEX_POINT('',#1565);
#1565 = CARTESIAN_POINT('',(30.253393,-85.709196,0.));
#1566 = LINE('',#1567,#1568);
#1567 = CARTESIAN_POINT('',(30.253393,-85.709196,0.));
#1568 = VECTOR('',#1569,1.);
#1569 = DIRECTION('',(-0.916353139443,-0.400370982756,0.));
#1570 = ORIENTED_EDGE('',*,*,#1571,.F.);
#1571 = EDGE_CURVE('',#1572,#1564,#1574,.T.);
#1572 = VERTEX_POINT('',#1573);
#1573 = CARTESIAN_POINT('',(31.810424,-85.071635,0.));
#1574 = LINE('',#1575,#1576);
#1575 = CARTESIAN_POINT('',(31.810424,-85.071635,0.));
#1576 = VECTOR('',#1577,1.);
#1577 = DIRECTION('',(-0.925423232343,-0.378935140942,0.));
#1578 = ORIENTED_EDGE('',*,*,#1579,.F.);
#1579 = EDGE_CURVE('',#1580,#1572,#1582,.T.);
#1580 = VERTEX_POINT('',#1581);
#1581 = CARTESIAN_POINT('',(33.345824,-84.485286,0.));
#1582 = LINE('',#1583,#1584);
#1583 = CARTESIAN_POINT('',(33.345824,-84.485286,0.));
#1584 = VECTOR('',#1585,1.);
#1585 = DIRECTION('',(-0.934197021559,-0.356757515562,0.));
#1586 = ORIENTED_EDGE('',*,*,#1587,.F.);
#1587 = EDGE_CURVE('',#1588,#1580,#1590,.T.);
#1588 = VERTEX_POINT('',#1589);
#1589 = CARTESIAN_POINT('',(34.860856,-83.948713,0.));
#1590 = LINE('',#1591,#1592);
#1591 = CARTESIAN_POINT('',(34.860856,-83.948713,0.));
#1592 = VECTOR('',#1593,1.);
#1593 = DIRECTION('',(-0.942627388325,-0.333846681546,0.));
#1594 = ORIENTED_EDGE('',*,*,#1595,.F.);
#1595 = EDGE_CURVE('',#1596,#1588,#1598,.T.);
#1596 = VERTEX_POINT('',#1597);
#1597 = CARTESIAN_POINT('',(36.356755,-83.460581,0.));
#1598 = LINE('',#1599,#1600);
#1599 = CARTESIAN_POINT('',(36.356755,-83.460581,0.));
#1600 = VECTOR('',#1601,1.);
#1601 = DIRECTION('',(-0.950666348134,-0.310215239028,0.));
#1602 = ORIENTED_EDGE('',*,*,#1603,.F.);
#1603 = EDGE_CURVE('',#1604,#1596,#1606,.T.);
#1604 = VERTEX_POINT('',#1605);
#1605 = CARTESIAN_POINT('',(37.834732,-83.019654,0.));
#1606 = LINE('',#1607,#1608);
#1607 = CARTESIAN_POINT('',(37.834732,-83.019654,0.));
#1608 = VECTOR('',#1609,1.);
#1609 = DIRECTION('',(-0.958265233697,-0.285880642729,0.));
#1610 = ORIENTED_EDGE('',*,*,#1611,.F.);
#1611 = EDGE_CURVE('',#1612,#1604,#1614,.T.);
#1612 = VERTEX_POINT('',#1613);
#1613 = CARTESIAN_POINT('',(39.295976,-82.624792,0.));
#1614 = LINE('',#1615,#1616);
#1615 = CARTESIAN_POINT('',(39.295976,-82.624792,0.));
#1616 = VECTOR('',#1617,1.);
#1617 = DIRECTION('',(-0.965374842213,-0.260866659467,0.));
#1618 = ORIENTED_EDGE('',*,*,#1619,.F.);
#1619 = EDGE_CURVE('',#1620,#1612,#1622,.T.);
#1620 = VERTEX_POINT('',#1621);
#1621 = CARTESIAN_POINT('',(40.741658,-82.274953,0.));
#1622 = LINE('',#1623,#1624);
#1623 = CARTESIAN_POINT('',(40.741658,-82.274953,0.));
#1624 = VECTOR('',#1625,1.);
#1625 = DIRECTION('',(-0.971946906175,-0.235200364748,0.));
#1626 = ORIENTED_EDGE('',*,*,#1627,.F.);
#1627 = EDGE_CURVE('',#1628,#1620,#1630,.T.);
#1628 = VERTEX_POINT('',#1629);
#1629 = CARTESIAN_POINT('',(42.172928,-81.96919,0.));
#1630 = LINE('',#1631,#1632);
#1631 = CARTESIAN_POINT('',(42.172928,-81.96919,0.));
#1632 = VECTOR('',#1633,1.);
#1633 = DIRECTION('',(-0.977933488634,-0.208916470886,0.));
#1634 = ORIENTED_EDGE('',*,*,#1635,.F.);
#1635 = EDGE_CURVE('',#1636,#1628,#1638,.T.);
#1636 = VERTEX_POINT('',#1637);
#1637 = CARTESIAN_POINT('',(43.590924,-81.706652,0.));
#1638 = LINE('',#1639,#1640);
#1639 = CARTESIAN_POINT('',(43.590924,-81.706652,0.));
#1640 = VECTOR('',#1641,1.);
#1641 = DIRECTION('',(-0.983288690364,-0.182053155433,0.));
#1642 = ORIENTED_EDGE('',*,*,#1643,.F.);
#1643 = EDGE_CURVE('',#1644,#1636,#1646,.T.);
#1644 = VERTEX_POINT('',#1645);
#1645 = CARTESIAN_POINT('',(44.996766,-81.486584,0.));
#1646 = LINE('',#1647,#1648);
#1647 = CARTESIAN_POINT('',(44.996766,-81.486584,0.));
#1648 = VECTOR('',#1649,1.);
#1649 = DIRECTION('',(-0.987968562919,-0.154654837247,0.));
#1650 = ORIENTED_EDGE('',*,*,#1651,.F.);
#1651 = EDGE_CURVE('',#1652,#1644,#1654,.T.);
#1652 = VERTEX_POINT('',#1653);
#1653 = CARTESIAN_POINT('',(46.391564,-81.308325,0.));
#1654 = LINE('',#1655,#1656);
#1655 = CARTESIAN_POINT('',(46.391564,-81.308325,0.));
#1656 = VECTOR('',#1657,1.);
#1657 = DIRECTION('',(-0.991931932026,-0.126771614435,0.));
#1658 = ORIENTED_EDGE('',*,*,#1659,.F.);
#1659 = EDGE_CURVE('',#1660,#1652,#1662,.T.);
#1660 = VERTEX_POINT('',#1661);
#1661 = CARTESIAN_POINT('',(47.776415,-81.17131,0.));
#1662 = LINE('',#1663,#1664);
#1663 = CARTESIAN_POINT('',(47.776415,-81.17131,0.));
#1664 = VECTOR('',#1665,1.);
#1665 = DIRECTION('',(-0.995141234583,-9.845772307372E-02,0.));
#1666 = ORIENTED_EDGE('',*,*,#1667,.F.);
#1667 = EDGE_CURVE('',#1668,#1660,#1670,.T.);
#1668 = VERTEX_POINT('',#1669);
#1669 = CARTESIAN_POINT('',(49.152403,-81.075069,0.));
#1670 = LINE('',#1671,#1672);
#1671 = CARTESIAN_POINT('',(49.152403,-81.075069,0.));
#1672 = VECTOR('',#1673,1.);
#1673 = DIRECTION('',(-0.997562912714,-6.977273950246E-02,0.));
#1674 = ORIENTED_EDGE('',*,*,#1675,.F.);
#1675 = EDGE_CURVE('',#1676,#1668,#1678,.T.);
#1676 = VERTEX_POINT('',#1677);
#1677 = CARTESIAN_POINT('',(50.520605,-81.019227,0.));
#1678 = LINE('',#1679,#1680);
#1679 = CARTESIAN_POINT('',(50.520605,-81.019227,0.));
#1680 = VECTOR('',#1681,1.);
#1681 = DIRECTION('',(-0.999168141764,-4.078019720216E-02,0.));
#1682 = ORIENTED_EDGE('',*,*,#1683,.F.);
#1683 = EDGE_CURVE('',#1684,#1676,#1686,.T.);
#1684 = VERTEX_POINT('',#1685);
#1685 = CARTESIAN_POINT('',(51.882088,-81.003505,0.));
#1686 = LINE('',#1687,#1688);
#1687 = CARTESIAN_POINT('',(51.882088,-81.003505,0.));
#1688 = VECTOR('',#1689,1.);
#1689 = DIRECTION('',(-0.999933331956,-1.154693216516E-02,0.));
#1690 = ORIENTED_EDGE('',*,*,#1691,.F.);
#1691 = EDGE_CURVE('',#1692,#1684,#1694,.T.);
#1692 = VERTEX_POINT('',#1693);
#1693 = CARTESIAN_POINT('',(53.237908,-81.027719,0.));
#1694 = LINE('',#1695,#1696);
#1695 = CARTESIAN_POINT('',(53.237908,-81.027719,0.));
#1696 = VECTOR('',#1697,1.);
#1697 = DIRECTION('',(-0.99984056079,1.785645538418E-02,0.));
#1698 = ORIENTED_EDGE('',*,*,#1699,.F.);
#1699 = EDGE_CURVE('',#1700,#1692,#1702,.T.);
#1700 = VERTEX_POINT('',#1701);
#1701 = CARTESIAN_POINT('',(54.589117,-81.091782,0.));
#1702 = LINE('',#1703,#1704);
#1703 = CARTESIAN_POINT('',(54.589117,-81.091782,0.));
#1704 = VECTOR('',#1705,1.);
#1705 = DIRECTION('',(-0.9988779607,4.73584166449E-02,0.));
#1706 = ORIENTED_EDGE('',*,*,#1707,.F.);
#1707 = EDGE_CURVE('',#1708,#1700,#1710,.T.);
#1708 = VERTEX_POINT('',#1709);
#1709 = CARTESIAN_POINT('',(55.263376,-81.13876,0.));
#1710 = LINE('',#1711,#1712);
#1711 = CARTESIAN_POINT('',(55.263376,-81.13876,0.));
#1712 = VECTOR('',#1713,1.);
#1713 = DIRECTION('',(-0.997581601443,6.950502473467E-02,0.));
#1714 = ORIENTED_EDGE('',*,*,#1715,.F.);
#1715 = EDGE_CURVE('',#1716,#1708,#1718,.T.);
#1716 = VERTEX_POINT('',#1717);
#1717 = CARTESIAN_POINT('',(55.936755,-81.195702,0.));
#1718 = LINE('',#1719,#1720);
#1719 = CARTESIAN_POINT('',(55.936755,-81.195702,0.));
#1720 = VECTOR('',#1721,1.);
#1721 = DIRECTION('',(-0.996443729555,8.42608677258E-02,0.));
#1722 = ORIENTED_EDGE('',*,*,#1723,.F.);
#1723 = EDGE_CURVE('',#1724,#1716,#1726,.T.);
#1724 = VERTEX_POINT('',#1725);
#1725 = CARTESIAN_POINT('',(56.60972,-81.262654,0.));
#1726 = LINE('',#1727,#1728);
#1727 = CARTESIAN_POINT('',(56.60972,-81.262654,0.));
#1728 = VECTOR('',#1729,1.);
#1729 = DIRECTION('',(-0.995087497925,9.899935087422E-02,0.));
#1730 = ORIENTED_EDGE('',*,*,#1731,.F.);
#1731 = EDGE_CURVE('',#1732,#1724,#1734,.T.);
#1732 = VERTEX_POINT('',#1733);
#1733 = CARTESIAN_POINT('',(57.281859,-81.339583,0.));
#1734 = LINE('',#1735,#1736);
#1735 = CARTESIAN_POINT('',(57.281859,-81.339583,0.));
#1736 = VECTOR('',#1737,1.);
#1737 = DIRECTION('',(-0.993513796914,0.11371163239,0.));
#1738 = ORIENTED_EDGE('',*,*,#1739,.F.);
#1739 = EDGE_CURVE('',#1740,#1732,#1742,.T.);
#1740 = VERTEX_POINT('',#1741);
#1741 = CARTESIAN_POINT('',(57.954043,-81.426605,0.));
#1742 = LINE('',#1743,#1744);
#1743 = CARTESIAN_POINT('',(57.954043,-81.426605,0.));
#1744 = VECTOR('',#1745,1.);
#1745 = DIRECTION('',(-0.991723740513,0.1283901184,0.));
#1746 = ORIENTED_EDGE('',*,*,#1747,.F.);
#1747 = EDGE_CURVE('',#1748,#1740,#1750,.T.);
#1748 = VERTEX_POINT('',#1749);
#1749 = CARTESIAN_POINT('',(58.625456,-81.523629,0.));
#1750 = LINE('',#1751,#1752);
#1751 = CARTESIAN_POINT('',(58.625456,-81.523629,0.));
#1752 = VECTOR('',#1753,1.);
#1753 = DIRECTION('',(-0.989719569474,0.143021585088,0.));
#1754 = ORIENTED_EDGE('',*,*,#1755,.F.);
#1755 = EDGE_CURVE('',#1756,#1748,#1758,.T.);
#1756 = VERTEX_POINT('',#1757);
#1757 = CARTESIAN_POINT('',(59.297372,-81.630862,0.));
#1758 = LINE('',#1759,#1760);
#1759 = CARTESIAN_POINT('',(59.297372,-81.630862,0.));
#1760 = VECTOR('',#1761,1.);
#1761 = DIRECTION('',(-0.987503275847,0.157598477755,0.));
#1762 = ORIENTED_EDGE('',*,*,#1763,.F.);
#1763 = EDGE_CURVE('',#1764,#1756,#1766,.T.);
#1764 = VERTEX_POINT('',#1765);
#1765 = CARTESIAN_POINT('',(59.96857,-81.748135,0.));
#1766 = LINE('',#1767,#1768);
#1767 = CARTESIAN_POINT('',(59.96857,-81.748135,0.));
#1768 = VECTOR('',#1769,1.);
#1769 = DIRECTION('',(-0.985076945422,0.172114530467,0.));
#1770 = ORIENTED_EDGE('',*,*,#1771,.F.);
#1771 = EDGE_CURVE('',#1772,#1764,#1774,.T.);
#1772 = VERTEX_POINT('',#1773);
#1773 = CARTESIAN_POINT('',(60.640726,-81.875773,0.));
#1774 = LINE('',#1775,#1776);
#1775 = CARTESIAN_POINT('',(60.640726,-81.875773,0.));
#1776 = VECTOR('',#1777,1.);
#1777 = DIRECTION('',(-0.982443648442,0.186559582001,0.));
#1778 = ORIENTED_EDGE('',*,*,#1779,.F.);
#1779 = EDGE_CURVE('',#1780,#1772,#1782,.T.);
#1780 = VERTEX_POINT('',#1781);
#1781 = CARTESIAN_POINT('',(61.312218,-82.013499,0.));
#1782 = LINE('',#1783,#1784);
#1783 = CARTESIAN_POINT('',(61.312218,-82.013499,0.));
#1784 = VECTOR('',#1785,1.);
#1785 = DIRECTION('',(-0.979607280353,0.200921816334,0.));
#1786 = ORIENTED_EDGE('',*,*,#1787,.F.);
#1787 = EDGE_CURVE('',#1788,#1780,#1790,.T.);
#1788 = VERTEX_POINT('',#1789);
#1789 = CARTESIAN_POINT('',(61.985121,-82.161779,0.));
#1790 = LINE('',#1791,#1792);
#1791 = CARTESIAN_POINT('',(61.985121,-82.161779,0.));
#1792 = VECTOR('',#1793,1.);
#1793 = DIRECTION('',(-0.976570911434,0.215195852519,0.));
#1794 = ORIENTED_EDGE('',*,*,#1795,.F.);
#1795 = EDGE_CURVE('',#1796,#1788,#1798,.T.);
#1796 = VERTEX_POINT('',#1797);
#1797 = CARTESIAN_POINT('',(62.657413,-82.320211,0.));
#1798 = LINE('',#1799,#1800);
#1799 = CARTESIAN_POINT('',(62.657413,-82.320211,0.));
#1800 = VECTOR('',#1801,1.);
#1801 = DIRECTION('',(-0.973337818564,0.229376308614,0.));
#1802 = ORIENTED_EDGE('',*,*,#1803,.F.);
#1803 = EDGE_CURVE('',#1804,#1796,#1806,.T.);
#1804 = VERTEX_POINT('',#1805);
#1805 = CARTESIAN_POINT('',(63.331566,-82.489424,0.));
#1806 = LINE('',#1807,#1808);
#1807 = CARTESIAN_POINT('',(63.331566,-82.489424,0.));
#1808 = VECTOR('',#1809,1.);
#1809 = DIRECTION('',(-0.96991365283,0.243449185773,0.));
#1810 = ORIENTED_EDGE('',*,*,#1811,.F.);
#1811 = EDGE_CURVE('',#1812,#1804,#1814,.T.);
#1812 = VERTEX_POINT('',#1813);
#1813 = CARTESIAN_POINT('',(64.005162,-82.668861,0.));
#1814 = LINE('',#1815,#1816);
#1815 = CARTESIAN_POINT('',(64.005162,-82.668861,0.));
#1816 = VECTOR('',#1817,1.);
#1817 = DIRECTION('',(-0.966302264618,0.257410049134,0.));
#1818 = ORIENTED_EDGE('',*,*,#1819,.F.);
#1819 = EDGE_CURVE('',#1820,#1812,#1822,.T.);
#1820 = VERTEX_POINT('',#1821);
#1821 = CARTESIAN_POINT('',(64.681068,-82.859344,0.));
#1822 = LINE('',#1823,#1824);
#1823 = CARTESIAN_POINT('',(64.681068,-82.859344,0.));
#1824 = VECTOR('',#1825,1.);
#1825 = DIRECTION('',(-0.962508122875,0.271252858785,0.));
#1826 = ORIENTED_EDGE('',*,*,#1827,.F.);
#1827 = EDGE_CURVE('',#1828,#1820,#1830,.T.);
#1828 = VERTEX_POINT('',#1829);
#1829 = CARTESIAN_POINT('',(65.356471,-83.060138,0.));
#1830 = LINE('',#1831,#1832);
#1831 = CARTESIAN_POINT('',(65.356471,-83.060138,0.));
#1832 = VECTOR('',#1833,1.);
#1833 = DIRECTION('',(-0.958536932532,0.284968329769,0.));
#1834 = ORIENTED_EDGE('',*,*,#1835,.F.);
#1835 = EDGE_CURVE('',#1836,#1828,#1838,.T.);
#1836 = VERTEX_POINT('',#1837);
#1837 = CARTESIAN_POINT('',(66.03463,-83.272277,0.));
#1838 = LINE('',#1839,#1840);
#1839 = CARTESIAN_POINT('',(66.03463,-83.272277,0.));
#1840 = VECTOR('',#1841,1.);
#1841 = DIRECTION('',(-0.95439407127,0.298549755861,0.));
#1842 = ORIENTED_EDGE('',*,*,#1843,.F.);
#1843 = EDGE_CURVE('',#1844,#1836,#1846,.T.);
#1844 = VERTEX_POINT('',#1845);
#1845 = CARTESIAN_POINT('',(66.712343,-83.494826,0.));
#1846 = LINE('',#1847,#1848);
#1847 = CARTESIAN_POINT('',(66.712343,-83.494826,0.));
#1848 = VECTOR('',#1849,1.);
#1849 = DIRECTION('',(-0.950085003487,0.311991163577,0.));
#1850 = ORIENTED_EDGE('',*,*,#1851,.F.);
#1851 = EDGE_CURVE('',#1852,#1844,#1854,.T.);
#1852 = VERTEX_POINT('',#1853);
#1853 = CARTESIAN_POINT('',(67.393257,-83.729058,0.));
#1854 = LINE('',#1855,#1856);
#1855 = CARTESIAN_POINT('',(67.393257,-83.729058,0.));
#1856 = VECTOR('',#1857,1.);
#1857 = DIRECTION('',(-0.945614931725,0.325288181309,0.));
#1858 = ORIENTED_EDGE('',*,*,#1859,.F.);
#1859 = EDGE_CURVE('',#1860,#1852,#1862,.T.);
#1860 = VERTEX_POINT('',#1861);
#1861 = CARTESIAN_POINT('',(68.073779,-83.973811,0.));
#1862 = LINE('',#1863,#1864);
#1863 = CARTESIAN_POINT('',(68.073779,-83.973811,0.));
#1864 = VECTOR('',#1865,1.);
#1865 = DIRECTION('',(-0.940990891927,0.338431885776,0.));
#1866 = ORIENTED_EDGE('',*,*,#1867,.F.);
#1867 = EDGE_CURVE('',#1868,#1860,#1870,.T.);
#1868 = VERTEX_POINT('',#1869);
#1869 = CARTESIAN_POINT('',(68.757948,-84.230621,0.));
#1870 = LINE('',#1871,#1872);
#1871 = CARTESIAN_POINT('',(68.757948,-84.230621,0.));
#1872 = VECTOR('',#1873,1.);
#1873 = DIRECTION('',(-0.936218177794,0.351419298798,0.));
#1874 = ORIENTED_EDGE('',*,*,#1875,.F.);
#1875 = EDGE_CURVE('',#1876,#1868,#1878,.T.);
#1876 = VERTEX_POINT('',#1877);
#1877 = CARTESIAN_POINT('',(69.441783,-84.498076,0.));
#1878 = LINE('',#1879,#1880);
#1879 = CARTESIAN_POINT('',(69.441783,-84.498076,0.));
#1880 = VECTOR('',#1881,1.);
#1881 = DIRECTION('',(-0.931304051323,0.364242726749,0.));
#1882 = ORIENTED_EDGE('',*,*,#1883,.F.);
#1883 = EDGE_CURVE('',#1884,#1876,#1886,.T.);
#1884 = VERTEX_POINT('',#1885);
#1885 = CARTESIAN_POINT('',(70.129708,-84.777999,0.));
#1886 = LINE('',#1887,#1888);
#1887 = CARTESIAN_POINT('',(70.129708,-84.777999,0.));
#1888 = VECTOR('',#1889,1.);
#1889 = DIRECTION('',(-0.92625352234,0.37690106441,0.));
#1890 = ORIENTED_EDGE('',*,*,#1891,.F.);
#1891 = EDGE_CURVE('',#1892,#1884,#1894,.T.);
#1892 = VERTEX_POINT('',#1893);
#1893 = CARTESIAN_POINT('',(70.817357,-85.068705,0.));
#1894 = LINE('',#1895,#1896);
#1895 = CARTESIAN_POINT('',(70.817357,-85.068705,0.));
#1896 = VECTOR('',#1897,1.);
#1897 = DIRECTION('',(-0.921074125661,0.389387281556,0.));
#1898 = ORIENTED_EDGE('',*,*,#1899,.F.);
#1899 = EDGE_CURVE('',#1900,#1892,#1902,.T.);
#1900 = VERTEX_POINT('',#1901);
#1901 = CARTESIAN_POINT('',(71.509541,-85.372328,0.));
#1902 = LINE('',#1903,#1904);
#1903 = CARTESIAN_POINT('',(71.509541,-85.372328,0.));
#1904 = VECTOR('',#1905,1.);
#1905 = DIRECTION('',(-0.915771892296,0.401698694646,0.));
#1906 = ORIENTED_EDGE('',*,*,#1907,.F.);
#1907 = EDGE_CURVE('',#1908,#1900,#1910,.T.);
#1908 = VERTEX_POINT('',#1909);
#1909 = CARTESIAN_POINT('',(72.201509,-85.686884,0.));
#1910 = LINE('',#1911,#1912);
#1911 = CARTESIAN_POINT('',(72.201509,-85.686884,0.));
#1912 = VECTOR('',#1913,1.);
#1913 = DIRECTION('',(-0.910354041915,0.413830301414,0.));
#1914 = ORIENTED_EDGE('',*,*,#1915,.F.);
#1915 = EDGE_CURVE('',#1916,#1908,#1918,.T.);
#1916 = VERTEX_POINT('',#1917);
#1917 = CARTESIAN_POINT('',(72.898457,-86.014844,0.));
#1918 = LINE('',#1919,#1920);
#1919 = CARTESIAN_POINT('',(72.898457,-86.014844,0.));
#1920 = VECTOR('',#1921,1.);
#1921 = DIRECTION('',(-0.904826469602,0.425780530213,0.));
#1922 = ORIENTED_EDGE('',*,*,#1923,.F.);
#1923 = EDGE_CURVE('',#1924,#1916,#1926,.T.);
#1924 = VERTEX_POINT('',#1925);
#1925 = CARTESIAN_POINT('',(73.595252,-86.353901,0.));
#1926 = LINE('',#1927,#1928);
#1927 = CARTESIAN_POINT('',(73.595252,-86.353901,0.));
#1928 = VECTOR('',#1929,1.);
#1929 = DIRECTION('',(-0.899196682019,0.437544657202,0.));
#1930 = ORIENTED_EDGE('',*,*,#1931,.F.);
#1931 = EDGE_CURVE('',#1932,#1924,#1934,.T.);
#1932 = VERTEX_POINT('',#1933);
#1933 = CARTESIAN_POINT('',(74.297472,-86.706886,0.));
#1934 = LINE('',#1935,#1936);
#1935 = CARTESIAN_POINT('',(74.297472,-86.706886,0.));
#1936 = VECTOR('',#1937,1.);
#1937 = DIRECTION('',(-0.89347089093,0.449121105116,0.));
#1938 = ORIENTED_EDGE('',*,*,#1939,.F.);
#1939 = EDGE_CURVE('',#1940,#1932,#1942,.T.);
#1940 = VERTEX_POINT('',#1941);
#1941 = CARTESIAN_POINT('',(74.999605,-87.071146,0.));
#1942 = LINE('',#1943,#1944);
#1943 = CARTESIAN_POINT('',(74.999605,-87.071146,0.));
#1944 = VECTOR('',#1945,1.);
#1945 = DIRECTION('',(-0.887655816565,0.460507493227,0.));
#1946 = ORIENTED_EDGE('',*,*,#1947,.F.);
#1947 = EDGE_CURVE('',#1948,#1940,#1950,.T.);
#1948 = VERTEX_POINT('',#1949);
#1949 = CARTESIAN_POINT('',(75.707611,-87.4499,0.));
#1950 = LINE('',#1951,#1952);
#1951 = CARTESIAN_POINT('',(75.707611,-87.4499,0.));
#1952 = VECTOR('',#1953,1.);
#1953 = DIRECTION('',(-0.88175712831,0.471703685246,0.));
#1954 = ORIENTED_EDGE('',*,*,#1955,.F.);
#1955 = EDGE_CURVE('',#1956,#1948,#1958,.T.);
#1956 = VERTEX_POINT('',#1957);
#1957 = CARTESIAN_POINT('',(76.415597,-87.840119,0.));
#1958 = LINE('',#1959,#1960);
#1959 = CARTESIAN_POINT('',(76.415597,-87.840119,0.));
#1960 = VECTOR('',#1961,1.);
#1961 = DIRECTION('',(-0.875783734585,0.482703687822,0.));
#1962 = ORIENTED_EDGE('',*,*,#1963,.F.);
#1963 = EDGE_CURVE('',#1964,#1956,#1966,.T.);
#1964 = VERTEX_POINT('',#1965);
#1965 = CARTESIAN_POINT('',(77.129909,-88.245436,0.));
#1966 = LINE('',#1967,#1968);
#1967 = CARTESIAN_POINT('',(77.129909,-88.245436,0.));
#1968 = VECTOR('',#1969,1.);
#1969 = DIRECTION('',(-0.869739916586,0.493510362098,0.));
#1970 = ORIENTED_EDGE('',*,*,#1971,.F.);
#1971 = EDGE_CURVE('',#1972,#1964,#1974,.T.);
#1972 = VERTEX_POINT('',#1973);
#1973 = CARTESIAN_POINT('',(77.844271,-88.662424,0.));
#1974 = LINE('',#1975,#1976);
#1975 = CARTESIAN_POINT('',(77.844271,-88.662424,0.));
#1976 = VECTOR('',#1977,1.);
#1977 = DIRECTION('',(-0.863633201102,0.504120713673,0.));
#1978 = ORIENTED_EDGE('',*,*,#1979,.F.);
#1979 = EDGE_CURVE('',#1980,#1972,#1982,.T.);
#1980 = VERTEX_POINT('',#1981);
#1981 = CARTESIAN_POINT('',(78.565416,-89.095155,0.));
#1982 = LINE('',#1983,#1984);
#1983 = CARTESIAN_POINT('',(78.565416,-89.095155,0.));
#1984 = VECTOR('',#1985,1.);
#1985 = DIRECTION('',(-0.857469843496,0.514534223833,0.));
#1986 = ORIENTED_EDGE('',*,*,#1987,.F.);
#1987 = EDGE_CURVE('',#1988,#1980,#1990,.T.);
#1988 = VERTEX_POINT('',#1989);
#1989 = CARTESIAN_POINT('',(79.286685,-89.539778,0.));
#1990 = LINE('',#1991,#1992);
#1991 = CARTESIAN_POINT('',(79.286685,-89.539778,0.));
#1992 = VECTOR('',#1993,1.);
#1993 = DIRECTION('',(-0.851254987299,0.524752271646,0.));
#1994 = ORIENTED_EDGE('',*,*,#1995,.F.);
#1995 = EDGE_CURVE('',#1996,#1988,#1998,.T.);
#1996 = VERTEX_POINT('',#1997);
#1997 = CARTESIAN_POINT('',(80.015198,-90.000833,0.));
#1998 = LINE('',#1999,#2000);
#1999 = CARTESIAN_POINT('',(80.015198,-90.000833,0.));
#2000 = VECTOR('',#2001,1.);
#2001 = DIRECTION('',(-0.844995490292,0.534773429955,0.));
#2002 = ORIENTED_EDGE('',*,*,#2003,.F.);
#2003 = EDGE_CURVE('',#2004,#1996,#2006,.T.);
#2004 = VERTEX_POINT('',#2005);
#2005 = CARTESIAN_POINT('',(80.743913,-90.474013,0.));
#2006 = LINE('',#2007,#2008);
#2007 = CARTESIAN_POINT('',(80.743913,-90.474013,0.));
#2008 = VECTOR('',#2009,1.);
#2009 = DIRECTION('',(-0.838698458142,0.544596085471,0.));
#2010 = ORIENTED_EDGE('',*,*,#2011,.F.);
#2011 = EDGE_CURVE('',#2012,#2004,#2014,.T.);
#2012 = VERTEX_POINT('',#2013);
#2013 = CARTESIAN_POINT('',(81.480342,-90.964356,0.));
#2014 = LINE('',#2015,#2016);
#2015 = CARTESIAN_POINT('',(81.480342,-90.964356,0.));
#2016 = VECTOR('',#2017,1.);
#2017 = DIRECTION('',(-0.832368199918,0.554223041532,0.));
#2018 = ORIENTED_EDGE('',*,*,#2019,.F.);
#2019 = EDGE_CURVE('',#2020,#2012,#2022,.T.);
#2020 = VERTEX_POINT('',#2021);
#2021 = CARTESIAN_POINT('',(82.217054,-91.467075,0.));
#2022 = LINE('',#2023,#2024);
#2023 = CARTESIAN_POINT('',(82.217054,-91.467075,0.));
#2024 = VECTOR('',#2025,1.);
#2025 = DIRECTION('',(-0.826010519212,0.563654701169,0.));
#2026 = ORIENTED_EDGE('',*,*,#2027,.F.);
#2027 = EDGE_CURVE('',#2028,#2020,#2030,.T.);
#2028 = VERTEX_POINT('',#2029);
#2029 = CARTESIAN_POINT('',(82.961957,-91.987735,0.));
#2030 = LINE('',#2031,#2032);
#2031 = CARTESIAN_POINT('',(82.961957,-91.987735,0.));
#2032 = VECTOR('',#2033,1.);
#2033 = DIRECTION('',(-0.819630842473,0.572892033516,0.));
#2034 = ORIENTED_EDGE('',*,*,#2035,.F.);
#2035 = EDGE_CURVE('',#2036,#2028,#2038,.T.);
#2036 = VERTEX_POINT('',#2037);
#2037 = CARTESIAN_POINT('',(83.70723,-92.521037,0.));
#2038 = LINE('',#2039,#2040);
#2039 = CARTESIAN_POINT('',(83.70723,-92.521037,0.));
#2040 = VECTOR('',#2041,1.);
#2041 = DIRECTION('',(-0.813235574934,0.58193461803,0.));
#2042 = ORIENTED_EDGE('',*,*,#2043,.F.);
#2043 = EDGE_CURVE('',#2044,#2036,#2046,.T.);
#2044 = VERTEX_POINT('',#2045);
#2045 = CARTESIAN_POINT('',(84.461183,-93.073104,0.));
#2046 = LINE('',#2047,#2048);
#2047 = CARTESIAN_POINT('',(84.461183,-93.073104,0.));
#2048 = VECTOR('',#2049,1.);
#2049 = DIRECTION('',(-0.806829308858,0.590784619271,0.));
#2050 = ORIENTED_EDGE('',*,*,#2051,.F.);
#2051 = EDGE_CURVE('',#2052,#2044,#2054,.T.);
#2052 = VERTEX_POINT('',#2053);
#2053 = CARTESIAN_POINT('',(85.215596,-93.638094,0.));
#2054 = LINE('',#2055,#2056);
#2055 = CARTESIAN_POINT('',(85.215596,-93.638094,0.));
#2056 = VECTOR('',#2057,1.);
#2057 = DIRECTION('',(-0.800417280852,0.599443222093,0.));
#2058 = ORIENTED_EDGE('',*,*,#2059,.F.);
#2059 = EDGE_CURVE('',#2060,#2052,#2062,.T.);
#2060 = VERTEX_POINT('',#2061);
#2061 = CARTESIAN_POINT('',(85.97919,-94.222724,0.));
#2062 = LINE('',#2063,#2064);
#2063 = CARTESIAN_POINT('',(85.97919,-94.222724,0.));
#2064 = VECTOR('',#2065,1.);
#2065 = DIRECTION('',(-0.794003876314,0.607912694717,0.));
#2066 = ORIENTED_EDGE('',*,*,#2067,.F.);
#2067 = EDGE_CURVE('',#2068,#2060,#2070,.T.);
#2068 = VERTEX_POINT('',#2069);
#2069 = CARTESIAN_POINT('',(86.743339,-94.820577,0.));
#2070 = LINE('',#2071,#2072);
#2071 = CARTESIAN_POINT('',(86.743339,-94.820577,0.));
#2072 = VECTOR('',#2073,1.);
#2073 = DIRECTION('',(-0.787593360764,0.616195340847,0.));
#2074 = ORIENTED_EDGE('',*,*,#2075,.F.);
#2075 = EDGE_CURVE('',#2076,#2068,#2078,.T.);
#2076 = VERTEX_POINT('',#2077);
#2077 = CARTESIAN_POINT('',(87.517184,-95.438996,0.));
#2078 = LINE('',#2079,#2080);
#2079 = CARTESIAN_POINT('',(87.517184,-95.438996,0.));
#2080 = VECTOR('',#2081,1.);
#2081 = DIRECTION('',(-0.781192235381,0.624290550449,0.));
#2082 = ORIENTED_EDGE('',*,*,#2083,.F.);
#2083 = EDGE_CURVE('',#2084,#2076,#2086,.T.);
#2084 = VERTEX_POINT('',#2085);
#2085 = CARTESIAN_POINT('',(88.291686,-96.070954,0.));
#2086 = LINE('',#2087,#2088);
#2087 = CARTESIAN_POINT('',(88.291686,-96.070954,0.));
#2088 = VECTOR('',#2089,1.);
#2089 = DIRECTION('',(-0.774802580296,0.632203259693,0.));
#2090 = ORIENTED_EDGE('',*,*,#2091,.F.);
#2091 = EDGE_CURVE('',#2092,#2084,#2094,.T.);
#2092 = VERTEX_POINT('',#2093);
#2093 = CARTESIAN_POINT('',(89.076415,-96.724462,0.));
#2094 = LINE('',#2095,#2096);
#2095 = CARTESIAN_POINT('',(89.076415,-96.724462,0.));
#2096 = VECTOR('',#2097,1.);
#2097 = DIRECTION('',(-0.768429686307,0.639934228809,0.));
#2098 = ORIENTED_EDGE('',*,*,#2099,.F.);
#2099 = EDGE_CURVE('',#2100,#2092,#2102,.T.);
#2100 = VERTEX_POINT('',#2101);
#2101 = CARTESIAN_POINT('',(89.86191,-97.391842,0.));
#2102 = LINE('',#2103,#2104);
#2103 = CARTESIAN_POINT('',(89.86191,-97.391842,0.));
#2104 = VECTOR('',#2105,1.);
#2105 = DIRECTION('',(-0.762078499028,0.647484641763,0.));
#2106 = ORIENTED_EDGE('',*,*,#2107,.F.);
#2107 = EDGE_CURVE('',#2108,#2100,#2110,.T.);
#2108 = VERTEX_POINT('',#2109);
#2109 = CARTESIAN_POINT('',(90.658181,-98.081813,0.));
#2110 = LINE('',#2111,#2112);
#2111 = CARTESIAN_POINT('',(90.658181,-98.081813,0.));
#2112 = VECTOR('',#2113,1.);
#2113 = DIRECTION('',(-0.75575039597,0.654859785749,0.));
#2114 = ORIENTED_EDGE('',*,*,#2115,.F.);
#2115 = EDGE_CURVE('',#2116,#2108,#2118,.T.);
#2116 = VERTEX_POINT('',#2117);
#2117 = CARTESIAN_POINT('',(91.455332,-98.786011,0.));
#2118 = LINE('',#2119,#2120);
#2119 = CARTESIAN_POINT('',(91.455332,-98.786011,0.));
#2120 = VECTOR('',#2121,1.);
#2121 = DIRECTION('',(-0.74945084331,0.662059992344,0.));
#2122 = ORIENTED_EDGE('',*,*,#2123,.F.);
#2123 = EDGE_CURVE('',#2124,#2116,#2126,.T.);
#2124 = VERTEX_POINT('',#2125);
#2125 = CARTESIAN_POINT('',(98.630909,-91.476204,0.));
#2126 = CIRCLE('',#2127,5.200209687481);
#2127 = AXIS2_PLACEMENT_3D('',#2128,#2129,#2130);
#2128 = CARTESIAN_POINT('',(94.4002069173,-94.49999974065,0.));
#2129 = DIRECTION('',(0.,0.,-1.));
#2130 = DIRECTION('',(0.813563747801,0.581475733168,0.));
#2131 = ORIENTED_EDGE('',*,*,#2132,.F.);
#2132 = EDGE_CURVE('',#2133,#2124,#2135,.T.);
#2133 = VERTEX_POINT('',#2134);
#2134 = CARTESIAN_POINT('',(97.549106,-89.97167,0.));
#2135 = LINE('',#2136,#2137);
#2136 = CARTESIAN_POINT('',(97.549106,-89.97167,0.));
#2137 = VECTOR('',#2138,1.);
#2138 = DIRECTION('',(0.583785194647,-0.811908151524,0.));
#2139 = ORIENTED_EDGE('',*,*,#2140,.F.);
#2140 = EDGE_CURVE('',#2141,#2133,#2143,.T.);
#2141 = VERTEX_POINT('',#2142);
#2142 = CARTESIAN_POINT('',(96.195712,-88.030787,0.));
#2143 = LINE('',#2144,#2145);
#2144 = CARTESIAN_POINT('',(96.195712,-88.030787,0.));
#2145 = VECTOR('',#2146,1.);
#2146 = DIRECTION('',(0.571979633812,-0.820267821205,0.));
#2147 = ORIENTED_EDGE('',*,*,#2148,.F.);
#2148 = EDGE_CURVE('',#2149,#2141,#2151,.T.);
#2149 = VERTEX_POINT('',#2150);
#2150 = CARTESIAN_POINT('',(94.917748,-86.130147,0.));
#2151 = LINE('',#2152,#2153);
#2152 = CARTESIAN_POINT('',(94.917748,-86.130147,0.));
#2153 = VECTOR('',#2154,1.);
#2154 = DIRECTION('',(0.557981788793,-0.82985319387,0.));
#2155 = ORIENTED_EDGE('',*,*,#2156,.F.);
#2156 = EDGE_CURVE('',#2157,#2149,#2159,.T.);
#2157 = VERTEX_POINT('',#2158);
#2158 = CARTESIAN_POINT('',(93.71239,-84.267811,0.));
#2159 = LINE('',#2160,#2161);
#2160 = CARTESIAN_POINT('',(93.71239,-84.267811,0.));
#2161 = VECTOR('',#2162,1.);
#2162 = DIRECTION('',(0.543352018216,-0.839504963833,0.));
#2163 = ORIENTED_EDGE('',*,*,#2164,.F.);
#2164 = EDGE_CURVE('',#2165,#2157,#2167,.T.);
#2165 = VERTEX_POINT('',#2166);
#2166 = CARTESIAN_POINT('',(92.57697,-82.441929,0.));
#2167 = LINE('',#2168,#2169);
#2168 = CARTESIAN_POINT('',(92.57697,-82.441929,0.));
#2169 = VECTOR('',#2170,1.);
#2170 = DIRECTION('',(0.528072415406,-0.849199342962,0.));
#2171 = ORIENTED_EDGE('',*,*,#2172,.F.);
#2172 = EDGE_CURVE('',#2173,#2165,#2175,.T.);
#2173 = VERTEX_POINT('',#2174);
#2174 = CARTESIAN_POINT('',(91.508966,-80.650731,0.));
#2175 = LINE('',#2176,#2177);
#2176 = CARTESIAN_POINT('',(91.508966,-80.650731,0.));
#2177 = VECTOR('',#2178,1.);
#2178 = DIRECTION('',(0.512126248901,-0.858910184587,0.));
#2179 = ORIENTED_EDGE('',*,*,#2180,.F.);
#2180 = EDGE_CURVE('',#2181,#2173,#2183,.T.);
#2181 = VERTEX_POINT('',#2182);
#2182 = CARTESIAN_POINT('',(90.505992,-78.892522,0.));
#2183 = LINE('',#2184,#2185);
#2184 = CARTESIAN_POINT('',(90.505992,-78.892522,0.));
#2185 = VECTOR('',#2186,1.);
#2186 = DIRECTION('',(0.495499407187,-0.868608276197,0.));
#2187 = ORIENTED_EDGE('',*,*,#2188,.F.);
#2188 = EDGE_CURVE('',#2189,#2181,#2191,.T.);
#2189 = VERTEX_POINT('',#2190);
#2190 = CARTESIAN_POINT('',(89.565794,-77.165671,0.));
#2191 = LINE('',#2192,#2193);
#2192 = CARTESIAN_POINT('',(89.565794,-77.165671,0.));
#2193 = VECTOR('',#2194,1.);
#2194 = DIRECTION('',(0.478177511671,-0.878263210736,0.));
#2195 = ORIENTED_EDGE('',*,*,#2196,.F.);
#2196 = EDGE_CURVE('',#2197,#2189,#2199,.T.);
#2197 = VERTEX_POINT('',#2198);
#2198 = CARTESIAN_POINT('',(88.686244,-75.468611,0.));
#2199 = LINE('',#2200,#2201);
#2200 = CARTESIAN_POINT('',(88.686244,-75.468611,0.));
#2201 = VECTOR('',#2202,1.);
#2202 = DIRECTION('',(0.460149330716,-0.887841536222,0.));
#2203 = ORIENTED_EDGE('',*,*,#2204,.F.);
#2204 = EDGE_CURVE('',#2205,#2197,#2207,.T.);
#2205 = VERTEX_POINT('',#2206);
#2206 = CARTESIAN_POINT('',(87.865333,-73.799828,0.));
#2207 = LINE('',#2208,#2209);
#2208 = CARTESIAN_POINT('',(87.865333,-73.799828,0.));
#2209 = VECTOR('',#2210,1.);
#2210 = DIRECTION('',(0.441405404282,-0.897307789485,0.));
#2211 = ORIENTED_EDGE('',*,*,#2212,.F.);
#2212 = EDGE_CURVE('',#2213,#2205,#2215,.T.);
#2213 = VERTEX_POINT('',#2214);
#2214 = CARTESIAN_POINT('',(87.101169,-72.157859,0.));
#2215 = LINE('',#2216,#2217);
#2216 = CARTESIAN_POINT('',(87.101169,-72.157859,0.));
#2217 = VECTOR('',#2218,1.);
#2218 = DIRECTION('',(0.421938416423,-0.906624493794,0.));
#2219 = ORIENTED_EDGE('',*,*,#2220,.F.);
#2220 = EDGE_CURVE('',#2221,#2213,#2223,.T.);
#2221 = VERTEX_POINT('',#2222);
#2222 = CARTESIAN_POINT('',(86.391969,-70.541286,0.));
#2223 = LINE('',#2224,#2225);
#2224 = CARTESIAN_POINT('',(86.391969,-70.541286,0.));
#2225 = VECTOR('',#2226,1.);
#2226 = DIRECTION('',(0.401745466954,-0.915751374436,0.));
#2227 = ORIENTED_EDGE('',*,*,#2228,.F.);
#2228 = EDGE_CURVE('',#2229,#2221,#2231,.T.);
#2229 = VERTEX_POINT('',#2230);
#2230 = CARTESIAN_POINT('',(85.73606,-68.948733,0.));
#2231 = LINE('',#2232,#2233);
#2232 = CARTESIAN_POINT('',(85.73606,-68.948733,0.));
#2233 = VECTOR('',#2234,1.);
#2234 = DIRECTION('',(0.380825203851,-0.924647048399,0.));
#2235 = ORIENTED_EDGE('',*,*,#2236,.F.);
#2236 = EDGE_CURVE('',#2237,#2229,#2239,.T.);
#2237 = VERTEX_POINT('',#2238);
#2238 = CARTESIAN_POINT('',(85.131872,-67.378859,0.));
#2239 = LINE('',#2240,#2241);
#2240 = CARTESIAN_POINT('',(85.131872,-67.378859,0.));
#2241 = VECTOR('',#2242,1.);
#2242 = DIRECTION('',(0.3591812022,-0.933267841504,0.));
#2243 = ORIENTED_EDGE('',*,*,#2244,.F.);
#2244 = EDGE_CURVE('',#2245,#2237,#2247,.T.);
#2245 = VERTEX_POINT('',#2246);
#2246 = CARTESIAN_POINT('',(84.57794,-65.83036,0.));
#2247 = LINE('',#2248,#2249);
#2248 = CARTESIAN_POINT('',(84.57794,-65.83036,0.));
#2249 = VECTOR('',#2250,1.);
#2250 = DIRECTION('',(0.336819883927,-0.941569097725,0.));
#2251 = ORIENTED_EDGE('',*,*,#2252,.F.);
#2252 = EDGE_CURVE('',#2253,#2245,#2255,.T.);
#2253 = VERTEX_POINT('',#2254);
#2254 = CARTESIAN_POINT('',(84.072899,-64.301958,0.));
#2255 = LINE('',#2256,#2257);
#2256 = CARTESIAN_POINT('',(84.072899,-64.301958,0.));
#2257 = VECTOR('',#2258,1.);
#2258 = DIRECTION('',(0.313751854757,-0.949505015067,0.));
#2259 = ORIENTED_EDGE('',*,*,#2260,.F.);
#2260 = EDGE_CURVE('',#2261,#2253,#2263,.T.);
#2261 = VERTEX_POINT('',#2262);
#2262 = CARTESIAN_POINT('',(83.615481,-62.792407,0.));
#2263 = LINE('',#2264,#2265);
#2264 = CARTESIAN_POINT('',(83.615481,-62.792407,0.));
#2265 = VECTOR('',#2266,1.);
#2266 = DIRECTION('',(0.289994796664,-0.957028222106,0.));
#2267 = ORIENTED_EDGE('',*,*,#2268,.F.);
#2268 = EDGE_CURVE('',#2269,#2261,#2271,.T.);
#2269 = VERTEX_POINT('',#2270);
#2270 = CARTESIAN_POINT('',(83.204518,-61.300482,0.));
#2271 = LINE('',#2272,#2273);
#2272 = CARTESIAN_POINT('',(83.204518,-61.300482,0.));
#2273 = VECTOR('',#2274,1.);
#2274 = DIRECTION('',(0.265567162746,-0.964092361795,0.));
#2275 = ORIENTED_EDGE('',*,*,#2276,.F.);
#2276 = EDGE_CURVE('',#2277,#2269,#2279,.T.);
#2277 = VERTEX_POINT('',#2278);
#2278 = CARTESIAN_POINT('',(82.838937,-59.824982,0.));
#2279 = LINE('',#2280,#2281);
#2280 = CARTESIAN_POINT('',(82.838937,-59.824982,0.));
#2281 = VECTOR('',#2282,1.);
#2282 = DIRECTION('',(0.240495614968,-0.970650224943,0.));
#2283 = ORIENTED_EDGE('',*,*,#2284,.F.);
#2284 = EDGE_CURVE('',#2285,#2277,#2287,.T.);
#2285 = VERTEX_POINT('',#2286);
#2286 = CARTESIAN_POINT('',(82.517762,-58.364725,0.));
#2287 = LINE('',#2288,#2289);
#2288 = CARTESIAN_POINT('',(82.517762,-58.364725,0.));
#2289 = VECTOR('',#2290,1.);
#2290 = DIRECTION('',(0.214809764091,-0.976655909341,0.));
#2291 = ORIENTED_EDGE('',*,*,#2292,.F.);
#2292 = EDGE_CURVE('',#2293,#2285,#2295,.T.);
#2293 = VERTEX_POINT('',#2294);
#2294 = CARTESIAN_POINT('',(82.240109,-56.91855,0.));
#2295 = LINE('',#2296,#2297);
#2296 = CARTESIAN_POINT('',(82.240109,-56.91855,0.));
#2297 = VECTOR('',#2298,1.);
#2298 = DIRECTION('',(0.188547736609,-0.982064025927,0.));
#2299 = ORIENTED_EDGE('',*,*,#2300,.F.);
#2300 = EDGE_CURVE('',#2301,#2293,#2303,.T.);
#2301 = VERTEX_POINT('',#2302);
#2302 = CARTESIAN_POINT('',(82.005193,-55.485307,0.));
#2303 = LINE('',#2304,#2305);
#2304 = CARTESIAN_POINT('',(82.005193,-55.485307,0.));
#2305 = VECTOR('',#2306,1.);
#2306 = DIRECTION('',(0.16174695346,-0.986832266926,0.));
#2307 = ORIENTED_EDGE('',*,*,#2308,.F.);
#2308 = EDGE_CURVE('',#2309,#2301,#2311,.T.);
#2309 = VERTEX_POINT('',#2310);
#2310 = CARTESIAN_POINT('',(81.812319,-54.063867,0.));
#2311 = LINE('',#2312,#2313);
#2312 = CARTESIAN_POINT('',(81.812319,-54.063867,0.));
#2313 = VECTOR('',#2314,1.);
#2314 = DIRECTION('',(0.134457024804,-0.990919425827,0.));
#2315 = ORIENTED_EDGE('',*,*,#2316,.F.);
#2316 = EDGE_CURVE('',#2317,#2309,#2319,.T.);
#2317 = VERTEX_POINT('',#2318);
#2318 = CARTESIAN_POINT('',(81.660888,-52.653111,0.));
#2319 = LINE('',#2320,#2321);
#2320 = CARTESIAN_POINT('',(81.660888,-52.653111,0.));
#2321 = VECTOR('',#2322,1.);
#2322 = DIRECTION('',(0.106727228018,-0.994288337858,0.));
#2323 = ORIENTED_EDGE('',*,*,#2324,.F.);
#2324 = EDGE_CURVE('',#2325,#2317,#2327,.T.);
#2325 = VERTEX_POINT('',#2326);
#2326 = CARTESIAN_POINT('',(81.550397,-51.251931,0.));
#2327 = LINE('',#2328,#2329);
#2328 = CARTESIAN_POINT('',(81.550397,-51.251931,0.));
#2329 = VECTOR('',#2330,1.);
#2330 = DIRECTION('',(7.861164538316E-02,-0.996905316071,0.));
#2331 = ORIENTED_EDGE('',*,*,#2332,.F.);
#2332 = EDGE_CURVE('',#2333,#2325,#2335,.T.);
#2333 = VERTEX_POINT('',#2334);
#2334 = CARTESIAN_POINT('',(81.480433,-49.859235,0.));
#2335 = LINE('',#2336,#2337);
#2336 = CARTESIAN_POINT('',(81.480433,-49.859235,0.));
#2337 = VECTOR('',#2338,1.);
#2338 = DIRECTION('',(5.017310518954E-02,-0.998740536634,0.));
#2339 = ORIENTED_EDGE('',*,*,#2340,.F.);
#2340 = EDGE_CURVE('',#2341,#2333,#2343,.T.);
#2341 = VERTEX_POINT('',#2342);
#2342 = CARTESIAN_POINT('',(81.45068,-48.473936,0.));
#2343 = LINE('',#2344,#2345);
#2344 = CARTESIAN_POINT('',(81.45068,-48.473936,0.));
#2345 = VECTOR('',#2346,1.);
#2346 = DIRECTION('',(2.1472721763E-02,-0.99976943453,0.));
#2347 = ORIENTED_EDGE('',*,*,#2348,.F.);
#2348 = EDGE_CURVE('',#2349,#2341,#2351,.T.);
#2349 = VERTEX_POINT('',#2350);
#2350 = CARTESIAN_POINT('',(81.460917,-47.094961,0.));
#2351 = LINE('',#2352,#2353);
#2352 = CARTESIAN_POINT('',(81.460917,-47.094961,0.));
#2353 = VECTOR('',#2354,1.);
#2354 = DIRECTION('',(-7.423425319297E-03,-0.999972445999,0.));
#2355 = ORIENTED_EDGE('',*,*,#2356,.F.);
#2356 = EDGE_CURVE('',#2357,#2349,#2359,.T.);
#2357 = VERTEX_POINT('',#2358);
#2358 = CARTESIAN_POINT('',(81.511015,-45.721243,0.));
#2359 = LINE('',#2360,#2361);
#2360 = CARTESIAN_POINT('',(81.511015,-45.721243,0.));
#2361 = VECTOR('',#2362,1.);
#2362 = DIRECTION('',(-3.644468405281E-02,-0.999335671836,0.));
#2363 = ORIENTED_EDGE('',*,*,#2364,.F.);
#2364 = EDGE_CURVE('',#2365,#2357,#2367,.T.);
#2365 = VERTEX_POINT('',#2366);
#2366 = CARTESIAN_POINT('',(81.600941,-44.351723,0.));
#2367 = LINE('',#2368,#2369);
#2368 = CARTESIAN_POINT('',(81.600941,-44.351723,0.));
#2369 = VECTOR('',#2370,1.);
#2370 = DIRECTION('',(-6.55213244415E-02,-0.997851169285,0.));
#2371 = ORIENTED_EDGE('',*,*,#2372,.F.);
#2372 = EDGE_CURVE('',#2373,#2365,#2375,.T.);
#2373 = VERTEX_POINT('',#2374);
#2374 = CARTESIAN_POINT('',(81.660867,-43.668096,0.));
#2375 = LINE('',#2376,#2377);
#2376 = CARTESIAN_POINT('',(81.660867,-43.668096,0.));
#2377 = VECTOR('',#2378,1.);
#2378 = DIRECTION('',(-8.732405273051E-02,-0.996179958549,0.));
#2379 = ORIENTED_EDGE('',*,*,#2380,.F.);
#2380 = EDGE_CURVE('',#2381,#2373,#2383,.T.);
#2381 = VERTEX_POINT('',#2382);
#2382 = CARTESIAN_POINT('',(81.730759,-42.985352,0.));
#2383 = LINE('',#2384,#2385);
#2384 = CARTESIAN_POINT('',(81.730759,-42.985352,0.));
#2385 = VECTOR('',#2386,1.);
#2386 = DIRECTION('',(-0.101837054563,-0.994801092841,0.));
#2387 = ORIENTED_EDGE('',*,*,#2388,.F.);
#2388 = EDGE_CURVE('',#2389,#2381,#2391,.T.);
#2389 = VERTEX_POINT('',#2390);
#2390 = CARTESIAN_POINT('',(81.810699,-42.302805,0.));
#2391 = LINE('',#2392,#2393);
#2392 = CARTESIAN_POINT('',(81.810699,-42.302805,0.));
#2393 = VECTOR('',#2394,1.);
#2394 = DIRECTION('',(-0.116325034423,-0.993211199276,0.));
#2395 = ORIENTED_EDGE('',*,*,#2396,.F.);
#2396 = EDGE_CURVE('',#2397,#2389,#2399,.T.);
#2397 = VERTEX_POINT('',#2398);
#2398 = CARTESIAN_POINT('',(81.900624,-41.621086,0.));
#2399 = LINE('',#2400,#2401);
#2400 = CARTESIAN_POINT('',(81.900624,-41.621086,0.));
#2401 = VECTOR('',#2402,1.);
#2402 = DIRECTION('',(-0.130776338675,-0.991411896864,0.));
#2403 = ORIENTED_EDGE('',*,*,#2404,.F.);
#2404 = EDGE_CURVE('',#2405,#2397,#2407,.T.);
#2405 = VERTEX_POINT('',#2406);
#2406 = CARTESIAN_POINT('',(82.000699,-40.939101,0.));
#2407 = LINE('',#2408,#2409);
#2408 = CARTESIAN_POINT('',(82.000699,-40.939101,0.));
#2409 = VECTOR('',#2410,1.);
#2410 = DIRECTION('',(-0.145185955545,-0.989404385634,0.));
#2411 = ORIENTED_EDGE('',*,*,#2412,.F.);
#2412 = EDGE_CURVE('',#2413,#2405,#2415,.T.);
#2413 = VERTEX_POINT('',#2414);
#2414 = CARTESIAN_POINT('',(82.110791,-40.257886,0.));
#2415 = LINE('',#2416,#2417);
#2416 = CARTESIAN_POINT('',(82.110791,-40.257886,0.));
#2417 = VECTOR('',#2418,1.);
#2418 = DIRECTION('',(-0.159541204073,-0.987191270324,0.));
#2419 = ORIENTED_EDGE('',*,*,#2420,.F.);
#2420 = EDGE_CURVE('',#2421,#2413,#2423,.T.);
#2421 = VERTEX_POINT('',#2422);
#2422 = CARTESIAN_POINT('',(82.231168,-39.575946,0.));
#2423 = LINE('',#2424,#2425);
#2424 = CARTESIAN_POINT('',(82.231168,-39.575946,0.));
#2425 = VECTOR('',#2426,1.);
#2426 = DIRECTION('',(-0.17383385571,-0.984774994915,0.));
#2427 = ORIENTED_EDGE('',*,*,#2428,.F.);
#2428 = EDGE_CURVE('',#2429,#2421,#2431,.T.);
#2429 = VERTEX_POINT('',#2430);
#2430 = CARTESIAN_POINT('',(82.361606,-38.894721,0.));
#2431 = LINE('',#2432,#2433);
#2432 = CARTESIAN_POINT('',(82.361606,-38.894721,0.));
#2433 = VECTOR('',#2434,1.);
#2434 = DIRECTION('',(-0.188059280521,-0.982157679301,0.));
#2435 = ORIENTED_EDGE('',*,*,#2436,.F.);
#2436 = EDGE_CURVE('',#2437,#2429,#2439,.T.);
#2437 = VERTEX_POINT('',#2438);
#2438 = CARTESIAN_POINT('',(82.502503,-38.212313,0.));
#2439 = LINE('',#2440,#2441);
#2440 = CARTESIAN_POINT('',(82.502503,-38.212313,0.));
#2441 = VECTOR('',#2442,1.);
#2442 = DIRECTION('',(-0.202205297539,-0.979343156226,0.));
#2443 = ORIENTED_EDGE('',*,*,#2444,.F.);
#2444 = EDGE_CURVE('',#2445,#2437,#2447,.T.);
#2445 = VERTEX_POINT('',#2446);
#2446 = CARTESIAN_POINT('',(82.653515,-37.530563,0.));
#2447 = LINE('',#2448,#2449);
#2448 = CARTESIAN_POINT('',(82.653515,-37.530563,0.));
#2449 = VECTOR('',#2450,1.);
#2450 = DIRECTION('',(-0.216264429846,-0.976334828009,0.));
#2451 = ORIENTED_EDGE('',*,*,#2452,.F.);
#2452 = EDGE_CURVE('',#2453,#2445,#2455,.T.);
#2453 = VERTEX_POINT('',#2454);
#2454 = CARTESIAN_POINT('',(82.815195,-36.847176,0.));
#2455 = LINE('',#2456,#2457);
#2456 = CARTESIAN_POINT('',(82.815195,-36.847176,0.));
#2457 = VECTOR('',#2458,1.);
#2458 = DIRECTION('',(-0.230230663393,-0.973136085876,0.));
#2459 = ORIENTED_EDGE('',*,*,#2460,.F.);
#2460 = EDGE_CURVE('',#2461,#2453,#2463,.T.);
#2461 = VERTEX_POINT('',#2462);
#2462 = CARTESIAN_POINT('',(82.987057,-36.16439,0.));
#2463 = LINE('',#2464,#2465);
#2464 = CARTESIAN_POINT('',(82.987057,-36.16439,0.));
#2465 = VECTOR('',#2466,1.);
#2466 = DIRECTION('',(-0.244093283063,-0.969751756463,0.));
#2467 = ORIENTED_EDGE('',*,*,#2468,.F.);
#2468 = EDGE_CURVE('',#2469,#2461,#2471,.T.);
#2469 = VERTEX_POINT('',#2470);
#2470 = CARTESIAN_POINT('',(83.169833,-35.479513,0.));
#2471 = LINE('',#2472,#2473);
#2472 = CARTESIAN_POINT('',(83.169833,-35.479513,0.));
#2473 = VECTOR('',#2474,1.);
#2474 = DIRECTION('',(-0.257849847139,-0.966185001089,0.));
#2475 = ORIENTED_EDGE('',*,*,#2476,.F.);
#2476 = EDGE_CURVE('',#2477,#2469,#2479,.T.);
#2477 = VERTEX_POINT('',#2478);
#2478 = CARTESIAN_POINT('',(83.362872,-34.79518,0.));
#2479 = LINE('',#2480,#2481);
#2480 = CARTESIAN_POINT('',(83.362872,-34.79518,0.));
#2481 = VECTOR('',#2482,1.);
#2482 = DIRECTION('',(-0.271488825525,-0.962441591794,0.));
#2483 = ORIENTED_EDGE('',*,*,#2484,.F.);
#2484 = EDGE_CURVE('',#2485,#2477,#2487,.T.);
#2485 = VERTEX_POINT('',#2486);
#2486 = CARTESIAN_POINT('',(83.567104,-34.108305,0.));
#2487 = LINE('',#2488,#2489);
#2488 = CARTESIAN_POINT('',(83.567104,-34.108305,0.));
#2489 = VECTOR('',#2490,1.);
#2490 = DIRECTION('',(-0.285003500217,-0.958526475828,0.));
#2491 = ORIENTED_EDGE('',*,*,#2492,.F.);
#2492 = EDGE_CURVE('',#2493,#2485,#2495,.T.);
#2493 = VERTEX_POINT('',#2494);
#2494 = CARTESIAN_POINT('',(83.781691,-33.421917,0.));
#2495 = LINE('',#2496,#2497);
#2496 = CARTESIAN_POINT('',(83.781691,-33.421917,0.));
#2497 = VECTOR('',#2498,1.);
#2498 = DIRECTION('',(-0.298389954762,-0.954444044927,0.));
#2499 = ORIENTED_EDGE('',*,*,#2500,.F.);
#2500 = EDGE_CURVE('',#2501,#2493,#2503,.T.);
#2501 = VERTEX_POINT('',#2502);
#2502 = CARTESIAN_POINT('',(84.00779,-32.732535,0.));
#2503 = LINE('',#2504,#2505);
#2504 = CARTESIAN_POINT('',(84.00779,-32.732535,0.));
#2505 = VECTOR('',#2506,1.);
#2506 = DIRECTION('',(-0.311640418167,-0.950200110379,0.));
#2507 = ORIENTED_EDGE('',*,*,#2508,.F.);
#2508 = EDGE_CURVE('',#2509,#2501,#2511,.T.);
#2509 = VERTEX_POINT('',#2510);
#2510 = CARTESIAN_POINT('',(84.244348,-32.043581,0.));
#2511 = LINE('',#2512,#2513);
#2512 = CARTESIAN_POINT('',(84.244348,-32.043581,0.));
#2513 = VECTOR('',#2514,1.);
#2514 = DIRECTION('',(-0.324748337497,-0.945800463784,0.));
#2515 = ORIENTED_EDGE('',*,*,#2516,.F.);
#2516 = EDGE_CURVE('',#2517,#2509,#2519,.T.);
#2517 = VERTEX_POINT('',#2518);
#2518 = CARTESIAN_POINT('',(84.492773,-31.351184,0.));
#2519 = LINE('',#2520,#2521);
#2520 = CARTESIAN_POINT('',(84.492773,-31.351184,0.));
#2521 = VECTOR('',#2522,1.);
#2522 = DIRECTION('',(-0.337710885821,-0.941249891154,0.));
#2523 = ORIENTED_EDGE('',*,*,#2524,.F.);
#2524 = EDGE_CURVE('',#2525,#2517,#2527,.T.);
#2525 = VERTEX_POINT('',#2526);
#2526 = CARTESIAN_POINT('',(84.751773,-30.659157,0.));
#2527 = LINE('',#2528,#2529);
#2528 = CARTESIAN_POINT('',(84.751773,-30.659157,0.));
#2529 = VECTOR('',#2530,1.);
#2530 = DIRECTION('',(-0.350518104829,-0.936555955716,0.));
#2531 = ORIENTED_EDGE('',*,*,#2532,.F.);
#2532 = EDGE_CURVE('',#2533,#2525,#2535,.T.);
#2533 = VERTEX_POINT('',#2534);
#2534 = CARTESIAN_POINT('',(85.023032,-29.963235,0.));
#2535 = LINE('',#2536,#2537);
#2536 = CARTESIAN_POINT('',(85.023032,-29.963235,0.));
#2537 = VECTOR('',#2538,1.);
#2538 = DIRECTION('',(-0.363170284098,-0.931722783208,0.));
#2539 = ORIENTED_EDGE('',*,*,#2540,.F.);
#2540 = EDGE_CURVE('',#2541,#2533,#2543,.T.);
#2541 = VERTEX_POINT('',#2542);
#2542 = CARTESIAN_POINT('',(85.304996,-29.267623,0.));
#2543 = LINE('',#2544,#2545);
#2544 = CARTESIAN_POINT('',(85.304996,-29.267623,0.));
#2545 = VECTOR('',#2546,1.);
#2546 = DIRECTION('',(-0.375658349329,-0.926758223367,0.));
#2547 = ORIENTED_EDGE('',*,*,#2548,.F.);
#2548 = EDGE_CURVE('',#2549,#2541,#2551,.T.);
#2549 = VERTEX_POINT('',#2550);
#2550 = CARTESIAN_POINT('',(85.599646,-28.567666,0.));
#2551 = LINE('',#2552,#2553);
#2552 = CARTESIAN_POINT('',(85.599646,-28.567666,0.));
#2553 = VECTOR('',#2554,1.);
#2554 = DIRECTION('',(-0.387980119151,-0.921667742272,0.));
#2555 = ORIENTED_EDGE('',*,*,#2556,.F.);
#2556 = EDGE_CURVE('',#2557,#2549,#2559,.T.);
#2557 = VERTEX_POINT('',#2558);
#2558 = CARTESIAN_POINT('',(85.905145,-27.867956,0.));
#2559 = LINE('',#2560,#2561);
#2560 = CARTESIAN_POINT('',(85.905145,-27.867956,0.));
#2561 = VECTOR('',#2562,1.);
#2562 = DIRECTION('',(-0.400132592512,-0.916457259456,0.));
#2563 = ORIENTED_EDGE('',*,*,#2564,.F.);
#2564 = EDGE_CURVE('',#2565,#2557,#2567,.T.);
#2565 = VERTEX_POINT('',#2566);
#2566 = CARTESIAN_POINT('',(86.223797,-27.163451,0.));
#2567 = LINE('',#2568,#2569);
#2568 = CARTESIAN_POINT('',(86.223797,-27.163451,0.));
#2569 = VECTOR('',#2570,1.);
#2570 = DIRECTION('',(-0.412111352332,-0.911133488178,0.));
#2571 = ORIENTED_EDGE('',*,*,#2572,.F.);
#2572 = EDGE_CURVE('',#2573,#2565,#2575,.T.);
#2573 = VERTEX_POINT('',#2574);
#2574 = CARTESIAN_POINT('',(86.553453,-26.459128,0.));
#2575 = LINE('',#2576,#2577);
#2576 = CARTESIAN_POINT('',(86.553453,-26.459128,0.));
#2577 = VECTOR('',#2578,1.);
#2578 = DIRECTION('',(-0.423911513796,-0.905703609616,0.));
#2579 = ORIENTED_EDGE('',*,*,#2580,.F.);
#2580 = EDGE_CURVE('',#2581,#2573,#2583,.T.);
#2581 = VERTEX_POINT('',#2582);
#2582 = CARTESIAN_POINT('',(86.896767,-25.749557,0.));
#2583 = LINE('',#2584,#2585);
#2584 = CARTESIAN_POINT('',(86.896767,-25.749557,0.));
#2585 = VECTOR('',#2586,1.);
#2586 = DIRECTION('',(-0.435533372422,-0.90017258429,0.));
#2587 = ORIENTED_EDGE('',*,*,#2588,.F.);
#2588 = EDGE_CURVE('',#2589,#2581,#2591,.T.);
#2589 = VERTEX_POINT('',#2590);
#2590 = CARTESIAN_POINT('',(87.251254,-25.040101,0.));
#2591 = LINE('',#2592,#2593);
#2592 = CARTESIAN_POINT('',(87.251254,-25.040101,0.));
#2593 = VECTOR('',#2594,1.);
#2594 = DIRECTION('',(-0.446970478647,-0.894548708131,0.));
#2595 = ORIENTED_EDGE('',*,*,#2596,.F.);
#2596 = EDGE_CURVE('',#2597,#2589,#2599,.T.);
#2597 = VERTEX_POINT('',#2598);
#2598 = CARTESIAN_POINT('',(87.619942,-24.324942,0.));
#2599 = LINE('',#2600,#2601);
#2600 = CARTESIAN_POINT('',(87.619942,-24.324942,0.));
#2601 = VECTOR('',#2602,1.);
#2602 = DIRECTION('',(-0.458224470141,-0.888836506318,0.));
#2603 = ORIENTED_EDGE('',*,*,#2604,.F.);
#2604 = EDGE_CURVE('',#2605,#2597,#2607,.T.);
#2605 = VERTEX_POINT('',#2606);
#2606 = CARTESIAN_POINT('',(87.999986,-23.609829,0.));
#2607 = LINE('',#2608,#2609);
#2608 = CARTESIAN_POINT('',(87.999986,-23.609829,0.));
#2609 = VECTOR('',#2610,1.);
#2610 = DIRECTION('',(-0.469290256295,-0.883043971355,0.));
#2611 = ORIENTED_EDGE('',*,*,#2612,.F.);
#2612 = EDGE_CURVE('',#2613,#2605,#2615,.T.);
#2613 = VERTEX_POINT('',#2614);
#2614 = CARTESIAN_POINT('',(88.394815,-22.888553,0.));
#2615 = LINE('',#2616,#2617);
#2616 = CARTESIAN_POINT('',(88.394815,-22.888553,0.));
#2617 = VECTOR('',#2618,1.);
#2618 = DIRECTION('',(-0.480169156244,-0.877175912456,0.));
#2619 = ORIENTED_EDGE('',*,*,#2620,.F.);
#2620 = EDGE_CURVE('',#2621,#2613,#2623,.T.);
#2621 = VERTEX_POINT('',#2622);
#2622 = CARTESIAN_POINT('',(88.801198,-22.167251,0.));
#2623 = LINE('',#2624,#2625);
#2624 = CARTESIAN_POINT('',(88.801198,-22.167251,0.));
#2625 = VECTOR('',#2626,1.);
#2626 = DIRECTION('',(-0.490858106644,-0.871239530291,0.));
#2627 = ORIENTED_EDGE('',*,*,#2628,.F.);
#2628 = EDGE_CURVE('',#2629,#2621,#2631,.T.);
#2629 = VERTEX_POINT('',#2630);
#2630 = CARTESIAN_POINT('',(89.222989,-21.439323,0.));
#2631 = LINE('',#2632,#2633);
#2632 = CARTESIAN_POINT('',(89.222989,-21.439323,0.));
#2633 = VECTOR('',#2634,1.);
#2634 = DIRECTION('',(-0.501355833879,-0.865241196335,0.));
#2635 = ORIENTED_EDGE('',*,*,#2636,.F.);
#2636 = EDGE_CURVE('',#2637,#2629,#2639,.T.);
#2637 = VERTEX_POINT('',#2638);
#2638 = CARTESIAN_POINT('',(89.656544,-20.711292,0.));
#2639 = LINE('',#2640,#2641);
#2640 = CARTESIAN_POINT('',(89.656544,-20.711292,0.));
#2641 = VECTOR('',#2642,1.);
#2642 = DIRECTION('',(-0.511660931031,-0.859187460137,0.));
#2643 = ORIENTED_EDGE('',*,*,#2644,.F.);
#2644 = EDGE_CURVE('',#2645,#2637,#2647,.T.);
#2645 = VERTEX_POINT('',#2646);
#2646 = CARTESIAN_POINT('',(90.106174,-19.976167,0.));
#2647 = LINE('',#2648,#2649);
#2648 = CARTESIAN_POINT('',(90.106174,-19.976167,0.));
#2649 = VECTOR('',#2650,1.);
#2650 = DIRECTION('',(-0.521776907513,-0.853081976592,0.));
#2651 = ORIENTED_EDGE('',*,*,#2652,.F.);
#2652 = EDGE_CURVE('',#2653,#2645,#2655,.T.);
#2653 = VERTEX_POINT('',#2654);
#2654 = CARTESIAN_POINT('',(90.567795,-19.240859,0.));
#2655 = LINE('',#2656,#2657);
#2656 = CARTESIAN_POINT('',(90.567795,-19.240859,0.));
#2657 = VECTOR('',#2658,1.);
#2658 = DIRECTION('',(-0.531698718909,-0.846933570187,0.));
#2659 = ORIENTED_EDGE('',*,*,#2660,.F.);
#2660 = EDGE_CURVE('',#2661,#2653,#2663,.T.);
#2661 = VERTEX_POINT('',#2662);
#2662 = CARTESIAN_POINT('',(91.0462,-18.497979,0.));
#2663 = LINE('',#2664,#2665);
#2664 = CARTESIAN_POINT('',(91.0462,-18.497979,0.));
#2665 = VECTOR('',#2666,1.);
#2666 = DIRECTION('',(-0.541429516316,-0.840746144126,0.));
#2667 = ORIENTED_EDGE('',*,*,#2668,.F.);
#2668 = EDGE_CURVE('',#2669,#2661,#2671,.T.);
#2669 = VERTEX_POINT('',#2670);
#2670 = CARTESIAN_POINT('',(91.536836,-17.754834,0.));
#2671 = LINE('',#2672,#2673);
#2672 = CARTESIAN_POINT('',(91.536836,-17.754834,0.));
#2673 = VECTOR('',#2674,1.);
#2674 = DIRECTION('',(-0.550967593215,-0.834526639016,0.));
#2675 = ORIENTED_EDGE('',*,*,#2676,.F.);
#2676 = EDGE_CURVE('',#2677,#2669,#2679,.T.);
#2677 = VERTEX_POINT('',#2678);
#2678 = CARTESIAN_POINT('',(92.045012,-17.003631,0.));
#2679 = LINE('',#2680,#2681);
#2680 = CARTESIAN_POINT('',(92.045012,-17.003631,0.));
#2681 = VECTOR('',#2682,1.);
#2682 = DIRECTION('',(-0.56031637592,-0.828278672233,0.));
#2683 = ORIENTED_EDGE('',*,*,#2684,.F.);
#2684 = EDGE_CURVE('',#2685,#2677,#2687,.T.);
#2685 = VERTEX_POINT('',#2686);
#2686 = CARTESIAN_POINT('',(92.565675,-16.252075,0.));
#2687 = LINE('',#2688,#2689);
#2688 = CARTESIAN_POINT('',(92.565675,-16.252075,0.));
#2689 = VECTOR('',#2690,1.);
#2690 = DIRECTION('',(-0.569472426692,-0.822010434993,0.));
#2691 = ORIENTED_EDGE('',*,*,#2692,.F.);
#2692 = EDGE_CURVE('',#2693,#2685,#2695,.T.);
#2693 = VERTEX_POINT('',#2694);
#2694 = CARTESIAN_POINT('',(93.104679,-15.491965,0.));
#2695 = LINE('',#2696,#2697);
#2696 = CARTESIAN_POINT('',(93.104679,-15.491965,0.));
#2697 = VECTOR('',#2698,1.);
#2698 = DIRECTION('',(-0.578440852134,-0.815724328791,0.));
#2699 = ORIENTED_EDGE('',*,*,#2700,.F.);
#2700 = EDGE_CURVE('',#2701,#2693,#2703,.T.);
#2701 = VERTEX_POINT('',#2702);
#2702 = CARTESIAN_POINT('',(93.656444,-14.731409,0.));
#2703 = LINE('',#2704,#2705);
#2704 = CARTESIAN_POINT('',(93.656444,-14.731409,0.));
#2705 = VECTOR('',#2706,1.);
#2706 = DIRECTION('',(-0.587219999959,-0.809427372683,0.));
#2707 = ORIENTED_EDGE('',*,*,#2708,.F.);
#2708 = EDGE_CURVE('',#2709,#2701,#2711,.T.);
#2709 = VERTEX_POINT('',#2710);
#2710 = CARTESIAN_POINT('',(94.227401,-13.96179,0.));
#2711 = LINE('',#2712,#2713);
#2712 = CARTESIAN_POINT('',(94.227401,-13.96179,0.));
#2713 = VECTOR('',#2714,1.);
#2714 = DIRECTION('',(-0.595812837206,-0.803123317443,0.));
#2715 = ORIENTED_EDGE('',*,*,#2716,.F.);
#2716 = EDGE_CURVE('',#2717,#2709,#2719,.T.);
#2717 = VERTEX_POINT('',#2718);
#2718 = CARTESIAN_POINT('',(94.811407,-13.191627,0.));
#2719 = LINE('',#2720,#2721);
#2720 = CARTESIAN_POINT('',(94.811407,-13.191627,0.));
#2721 = VECTOR('',#2722,1.);
#2722 = DIRECTION('',(-0.604218628402,-0.796818579786,0.));
#2723 = ORIENTED_EDGE('',*,*,#2724,.F.);
#2724 = EDGE_CURVE('',#2725,#2717,#2727,.T.);
#2725 = VERTEX_POINT('',#2726);
#2726 = CARTESIAN_POINT('',(95.415509,-12.411878,0.));
#2727 = LINE('',#2728,#2729);
#2728 = CARTESIAN_POINT('',(95.415509,-12.411878,0.));
#2729 = VECTOR('',#2730,1.);
#2730 = DIRECTION('',(-0.612442779911,-0.79051492164,0.));
#2731 = ORIENTED_EDGE('',*,*,#2732,.F.);
#2732 = EDGE_CURVE('',#2733,#2725,#2735,.T.);
#2733 = VERTEX_POINT('',#2734);
#2734 = CARTESIAN_POINT('',(96.032967,-11.631482,0.));
#2735 = LINE('',#2736,#2737);
#2736 = CARTESIAN_POINT('',(96.032967,-11.631482,0.));
#2737 = VECTOR('',#2738,1.);
#2738 = DIRECTION('',(-0.620483313522,-0.784219648849,0.));
#2739 = ORIENTED_EDGE('',*,*,#2740,.F.);
#2740 = EDGE_CURVE('',#2741,#2733,#2743,.T.);
#2741 = VERTEX_POINT('',#2742);
#2742 = CARTESIAN_POINT('',(96.671478,-10.840959,0.));
#2743 = LINE('',#2744,#2745);
#2744 = CARTESIAN_POINT('',(96.671478,-10.840959,0.));
#2745 = VECTOR('',#2746,1.);
#2746 = DIRECTION('',(-0.628344047581,-0.777935574369,0.));
#2747 = ORIENTED_EDGE('',*,*,#2748,.F.);
#2748 = EDGE_CURVE('',#2749,#2741,#2751,.T.);
#2749 = VERTEX_POINT('',#2750);
#2750 = CARTESIAN_POINT('',(97.32367,-10.04968,0.));
#2751 = LINE('',#2752,#2753);
#2752 = CARTESIAN_POINT('',(97.32367,-10.04968,0.));
#2753 = VECTOR('',#2754,1.);
#2754 = DIRECTION('',(-0.636027080692,-0.771666736763,0.));
#2755 = ORIENTED_EDGE('',*,*,#2756,.F.);
#2756 = EDGE_CURVE('',#2757,#2749,#2759,.T.);
#2757 = VERTEX_POINT('',#2758);
#2758 = CARTESIAN_POINT('',(97.997933,-9.247715,0.));
#2759 = LINE('',#2760,#2761);
#2760 = CARTESIAN_POINT('',(97.997933,-9.247715,0.));
#2761 = VECTOR('',#2762,1.);
#2762 = DIRECTION('',(-0.643534711386,-0.765416929027,0.));
#2763 = ORIENTED_EDGE('',*,*,#2764,.F.);
#2764 = EDGE_CURVE('',#122,#2757,#2765,.T.);
#2765 = LINE('',#2766,#2767);
#2766 = CARTESIAN_POINT('',(98.686219,-8.444876,0.));
#2767 = VECTOR('',#2768,1.);
#2768 = DIRECTION('',(-0.650866753979,-0.759191983997,0.));
#2769 = ORIENTED_EDGE('',*,*,#129,.F.);
#2770 = FACE_BOUND('',#2771,.F.);
#2771 = EDGE_LOOP('',(#2772));
#2772 = ORIENTED_EDGE('',*,*,#2773,.F.);
#2773 = EDGE_CURVE('',#2774,#2774,#2776,.T.);
#2774 = VERTEX_POINT('',#2775);
#2775 = CARTESIAN_POINT('',(9.300207,-94.5,0.));
#2776 = CIRCLE('',#2777,3.9);
#2777 = AXIS2_PLACEMENT_3D('',#2778,#2779,#2780);
#2778 = CARTESIAN_POINT('',(5.400207,-94.5,0.));
#2779 = DIRECTION('',(0.,0.,1.));
#2780 = DIRECTION('',(1.,0.,-0.));
#2781 = FACE_BOUND('',#2782,.F.);
#2782 = EDGE_LOOP('',(#2783));
#2783 = ORIENTED_EDGE('',*,*,#2784,.T.);
#2784 = EDGE_CURVE('',#2785,#2785,#2787,.T.);
#2785 = VERTEX_POINT('',#2786);
#2786 = CARTESIAN_POINT('',(13.475,-90.25,0.));
#2787 = CIRCLE('',#2788,0.5);
#2788 = AXIS2_PLACEMENT_3D('',#2789,#2790,#2791);
#2789 = CARTESIAN_POINT('',(13.475,-89.75,0.));
#2790 = DIRECTION('',(-0.,0.,-1.));
#2791 = DIRECTION('',(-0.,-1.,0.));
#2792 = FACE_BOUND('',#2793,.F.);
#2793 = EDGE_LOOP('',(#2794));
#2794 = ORIENTED_EDGE('',*,*,#2795,.T.);
#2795 = EDGE_CURVE('',#2796,#2796,#2798,.T.);
#2796 = VERTEX_POINT('',#2797);
#2797 = CARTESIAN_POINT('',(16.015,-90.25,0.));
#2798 = CIRCLE('',#2799,0.5);
#2799 = AXIS2_PLACEMENT_3D('',#2800,#2801,#2802);
#2800 = CARTESIAN_POINT('',(16.015,-89.75,0.));
#2801 = DIRECTION('',(-0.,0.,-1.));
#2802 = DIRECTION('',(-0.,-1.,0.));
#2803 = FACE_BOUND('',#2804,.F.);
#2804 = EDGE_LOOP('',(#2805));
#2805 = ORIENTED_EDGE('',*,*,#2806,.F.);
#2806 = EDGE_CURVE('',#2807,#2807,#2809,.T.);
#2807 = VERTEX_POINT('',#2808);
#2808 = CARTESIAN_POINT('',(35.5,-77.5,0.));
#2809 = CIRCLE('',#2810,3.);
#2810 = AXIS2_PLACEMENT_3D('',#2811,#2812,#2813);
#2811 = CARTESIAN_POINT('',(32.5,-77.5,0.));
#2812 = DIRECTION('',(0.,0.,1.));
#2813 = DIRECTION('',(1.,0.,-0.));
#2814 = FACE_BOUND('',#2815,.F.);
#2815 = EDGE_LOOP('',(#2816));
#2816 = ORIENTED_EDGE('',*,*,#2817,.T.);
#2817 = EDGE_CURVE('',#2818,#2818,#2820,.T.);
#2818 = VERTEX_POINT('',#2819);
#2819 = CARTESIAN_POINT('',(49.25,-79.075,0.));
#2820 = CIRCLE('',#2821,0.375);
#2821 = AXIS2_PLACEMENT_3D('',#2822,#2823,#2824);
#2822 = CARTESIAN_POINT('',(49.25,-78.7,0.));
#2823 = DIRECTION('',(-0.,0.,-1.));
#2824 = DIRECTION('',(-0.,-1.,0.));
#2825 = FACE_BOUND('',#2826,.F.);
#2826 = EDGE_LOOP('',(#2827,#2837,#2845,#2853));
#2827 = ORIENTED_EDGE('',*,*,#2828,.F.);
#2828 = EDGE_CURVE('',#2829,#2831,#2833,.T.);
#2829 = VERTEX_POINT('',#2830);
#2830 = CARTESIAN_POINT('',(39.9,-76.3,0.));
#2831 = VERTEX_POINT('',#2832);
#2832 = CARTESIAN_POINT('',(41.9,-76.3,0.));
#2833 = LINE('',#2834,#2835);
#2834 = CARTESIAN_POINT('',(39.9,-76.3,0.));
#2835 = VECTOR('',#2836,1.);
#2836 = DIRECTION('',(1.,0.,0.));
#2837 = ORIENTED_EDGE('',*,*,#2838,.F.);
#2838 = EDGE_CURVE('',#2839,#2829,#2841,.T.);
#2839 = VERTEX_POINT('',#2840);
#2840 = CARTESIAN_POINT('',(39.9,-71.3,0.));
#2841 = LINE('',#2842,#2843);
#2842 = CARTESIAN_POINT('',(39.9,-71.3,0.));
#2843 = VECTOR('',#2844,1.);
#2844 = DIRECTION('',(0.,-1.,0.));
#2845 = ORIENTED_EDGE('',*,*,#2846,.F.);
#2846 = EDGE_CURVE('',#2847,#2839,#2849,.T.);
#2847 = VERTEX_POINT('',#2848);
#2848 = CARTESIAN_POINT('',(41.9,-71.3,0.));
#2849 = LINE('',#2850,#2851);
#2850 = CARTESIAN_POINT('',(41.9,-71.3,0.));
#2851 = VECTOR('',#2852,1.);
#2852 = DIRECTION('',(-1.,0.,0.));
#2853 = ORIENTED_EDGE('',*,*,#2854,.F.);
#2854 = EDGE_CURVE('',#2831,#2847,#2855,.T.);
#2855 = LINE('',#2856,#2857);
#2856 = CARTESIAN_POINT('',(41.9,-76.3,0.));
#2857 = VECTOR('',#2858,1.);
#2858 = DIRECTION('',(0.,1.,0.));
#2859 = FACE_BOUND('',#2860,.F.);
#2860 = EDGE_LOOP('',(#2861));
#2861 = ORIENTED_EDGE('',*,*,#2862,.T.);
#2862 = EDGE_CURVE('',#2863,#2863,#2865,.T.);
#2863 = VERTEX_POINT('',#2864);
#2864 = CARTESIAN_POINT('',(51.25,-79.075,0.));
#2865 = CIRCLE('',#2866,0.375);
#2866 = AXIS2_PLACEMENT_3D('',#2867,#2868,#2869);
#2867 = CARTESIAN_POINT('',(51.25,-78.7,0.));
#2868 = DIRECTION('',(-0.,0.,-1.));
#2869 = DIRECTION('',(-0.,-1.,0.));
#2870 = FACE_BOUND('',#2871,.F.);
#2871 = EDGE_LOOP('',(#2872));
#2872 = ORIENTED_EDGE('',*,*,#2873,.F.);
#2873 = EDGE_CURVE('',#2874,#2874,#2876,.T.);
#2874 = VERTEX_POINT('',#2875);
#2875 = CARTESIAN_POINT('',(70.5,-77.5,0.));
#2876 = CIRCLE('',#2877,3.);
#2877 = AXIS2_PLACEMENT_3D('',#2878,#2879,#2880);
#2878 = CARTESIAN_POINT('',(67.5,-77.5,0.));
#2879 = DIRECTION('',(0.,0.,1.));
#2880 = DIRECTION('',(1.,0.,-0.));
#2881 = FACE_BOUND('',#2882,.F.);
#2882 = EDGE_LOOP('',(#2883));
#2883 = ORIENTED_EDGE('',*,*,#2884,.T.);
#2884 = EDGE_CURVE('',#2885,#2885,#2887,.T.);
#2885 = VERTEX_POINT('',#2886);
#2886 = CARTESIAN_POINT('',(84.725,-90.,0.));
#2887 = CIRCLE('',#2888,0.5);
#2888 = AXIS2_PLACEMENT_3D('',#2889,#2890,#2891);
#2889 = CARTESIAN_POINT('',(84.725,-89.5,0.));
#2890 = DIRECTION('',(-0.,0.,-1.));
#2891 = DIRECTION('',(-0.,-1.,0.));
#2892 = FACE_BOUND('',#2893,.F.);
#2893 = EDGE_LOOP('',(#2894));
#2894 = ORIENTED_EDGE('',*,*,#2895,.F.);
#2895 = EDGE_CURVE('',#2896,#2896,#2898,.T.);
#2896 = VERTEX_POINT('',#2897);
#2897 = CARTESIAN_POINT('',(98.300207,-94.5,0.));
#2898 = CIRCLE('',#2899,3.9);
#2899 = AXIS2_PLACEMENT_3D('',#2900,#2901,#2902);
#2900 = CARTESIAN_POINT('',(94.400207,-94.5,0.));
#2901 = DIRECTION('',(0.,0.,1.));
#2902 = DIRECTION('',(1.,0.,-0.));
#2903 = FACE_BOUND('',#2904,.F.);
#2904 = EDGE_LOOP('',(#2905));
#2905 = ORIENTED_EDGE('',*,*,#2906,.T.);
#2906 = EDGE_CURVE('',#2907,#2907,#2909,.T.);
#2907 = VERTEX_POINT('',#2908);
#2908 = CARTESIAN_POINT('',(87.265,-90.,0.));
#2909 = CIRCLE('',#2910,0.5);
#2910 = AXIS2_PLACEMENT_3D('',#2911,#2912,#2913);
#2911 = CARTESIAN_POINT('',(87.265,-89.5,0.));
#2912 = DIRECTION('',(-0.,0.,-1.));
#2913 = DIRECTION('',(-0.,-1.,0.));
#2914 = FACE_BOUND('',#2915,.F.);
#2915 = EDGE_LOOP('',(#2916,#2926,#2934,#2942));
#2916 = ORIENTED_EDGE('',*,*,#2917,.F.);
#2917 = EDGE_CURVE('',#2918,#2920,#2922,.T.);
#2918 = VERTEX_POINT('',#2919);
#2919 = CARTESIAN_POINT('',(57.9,-76.3,0.));
#2920 = VERTEX_POINT('',#2921);
#2921 = CARTESIAN_POINT('',(59.9,-76.3,0.));
#2922 = LINE('',#2923,#2924);
#2923 = CARTESIAN_POINT('',(57.9,-76.3,0.));
#2924 = VECTOR('',#2925,1.);
#2925 = DIRECTION('',(1.,0.,0.));
#2926 = ORIENTED_EDGE('',*,*,#2927,.F.);
#2927 = EDGE_CURVE('',#2928,#2918,#2930,.T.);
#2928 = VERTEX_POINT('',#2929);
#2929 = CARTESIAN_POINT('',(57.9,-71.3,0.));
#2930 = LINE('',#2931,#2932);
#2931 = CARTESIAN_POINT('',(57.9,-71.3,0.));
#2932 = VECTOR('',#2933,1.);
#2933 = DIRECTION('',(0.,-1.,0.));
#2934 = ORIENTED_EDGE('',*,*,#2935,.F.);
#2935 = EDGE_CURVE('',#2936,#2928,#2938,.T.);
#2936 = VERTEX_POINT('',#2937);
#2937 = CARTESIAN_POINT('',(59.9,-71.3,0.));
#2938 = LINE('',#2939,#2940);
#2939 = CARTESIAN_POINT('',(59.9,-71.3,0.));
#2940 = VECTOR('',#2941,1.);
#2941 = DIRECTION('',(-1.,0.,0.));
#2942 = ORIENTED_EDGE('',*,*,#2943,.F.);
#2943 = EDGE_CURVE('',#2920,#2936,#2944,.T.);
#2944 = LINE('',#2945,#2946);
#2945 = CARTESIAN_POINT('',(59.9,-76.3,0.));
#2946 = VECTOR('',#2947,1.);
#2947 = DIRECTION('',(0.,1.,0.));
#2948 = FACE_BOUND('',#2949,.F.);
#2949 = EDGE_LOOP('',(#2950));
#2950 = ORIENTED_EDGE('',*,*,#2951,.T.);
#2951 = EDGE_CURVE('',#2952,#2952,#2954,.T.);
#2952 = VERTEX_POINT('',#2953);
#2953 = CARTESIAN_POINT('',(77.9535,-52.7,0.));
#2954 = CIRCLE('',#2955,0.45);
#2955 = AXIS2_PLACEMENT_3D('',#2956,#2957,#2958);
#2956 = CARTESIAN_POINT('',(77.9535,-52.25,0.));
#2957 = DIRECTION('',(-0.,0.,-1.));
#2958 = DIRECTION('',(3.157967714489E-14,-1.,-0.));
#2959 = FACE_BOUND('',#2960,.F.);
#2960 = EDGE_LOOP('',(#2961,#2971,#2979,#2987));
#2961 = ORIENTED_EDGE('',*,*,#2962,.F.);
#2962 = EDGE_CURVE('',#2963,#2965,#2967,.T.);
#2963 = VERTEX_POINT('',#2964);
#2964 = CARTESIAN_POINT('',(40.,-31.7,0.));
#2965 = VERTEX_POINT('',#2966);
#2966 = CARTESIAN_POINT('',(42.,-31.7,0.));
#2967 = LINE('',#2968,#2969);
#2968 = CARTESIAN_POINT('',(40.,-31.7,0.));
#2969 = VECTOR('',#2970,1.);
#2970 = DIRECTION('',(1.,0.,0.));
#2971 = ORIENTED_EDGE('',*,*,#2972,.F.);
#2972 = EDGE_CURVE('',#2973,#2963,#2975,.T.);
#2973 = VERTEX_POINT('',#2974);
#2974 = CARTESIAN_POINT('',(40.,-26.7,0.));
#2975 = LINE('',#2976,#2977);
#2976 = CARTESIAN_POINT('',(40.,-26.7,0.));
#2977 = VECTOR('',#2978,1.);
#2978 = DIRECTION('',(0.,-1.,0.));
#2979 = ORIENTED_EDGE('',*,*,#2980,.F.);
#2980 = EDGE_CURVE('',#2981,#2973,#2983,.T.);
#2981 = VERTEX_POINT('',#2982);
#2982 = CARTESIAN_POINT('',(42.,-26.7,0.));
#2983 = LINE('',#2984,#2985);
#2984 = CARTESIAN_POINT('',(42.,-26.7,0.));
#2985 = VECTOR('',#2986,1.);
#2986 = DIRECTION('',(-1.,0.,0.));
#2987 = ORIENTED_EDGE('',*,*,#2988,.F.);
#2988 = EDGE_CURVE('',#2965,#2981,#2989,.T.);
#2989 = LINE('',#2990,#2991);
#2990 = CARTESIAN_POINT('',(42.,-31.7,0.));
#2991 = VECTOR('',#2992,1.);
#2992 = DIRECTION('',(0.,1.,0.));
#2993 = FACE_BOUND('',#2994,.F.);
#2994 = EDGE_LOOP('',(#2995,#3006,#3014,#3023));
#2995 = ORIENTED_EDGE('',*,*,#2996,.T.);
#2996 = EDGE_CURVE('',#2997,#2999,#3001,.T.);
#2997 = VERTEX_POINT('',#2998);
#2998 = CARTESIAN_POINT('',(45.520001,-26.340013,0.));
#2999 = VERTEX_POINT('',#3000);
#3000 = CARTESIAN_POINT('',(46.319999,-26.340013,0.));
#3001 = CIRCLE('',#3002,0.399999);
#3002 = AXIS2_PLACEMENT_3D('',#3003,#3004,#3005);
#3003 = CARTESIAN_POINT('',(45.92,-26.340013,0.));
#3004 = DIRECTION('',(0.,-0.,-1.));
#3005 = DIRECTION('',(1.,2.664541920455E-14,-0.));
#3006 = ORIENTED_EDGE('',*,*,#3007,.T.);
#3007 = EDGE_CURVE('',#2999,#3008,#3010,.T.);
#3008 = VERTEX_POINT('',#3009);
#3009 = CARTESIAN_POINT('',(46.319999,-27.139987,0.));
#3010 = LINE('',#3011,#3012);
#3011 = CARTESIAN_POINT('',(46.319999,-13.5699935,0.));
#3012 = VECTOR('',#3013,1.);
#3013 = DIRECTION('',(0.,-1.,0.));
#3014 = ORIENTED_EDGE('',*,*,#3015,.T.);
#3015 = EDGE_CURVE('',#3008,#3016,#3018,.T.);
#3016 = VERTEX_POINT('',#3017);
#3017 = CARTESIAN_POINT('',(45.520001,-27.139987,0.));
#3018 = CIRCLE('',#3019,0.399999);
#3019 = AXIS2_PLACEMENT_3D('',#3020,#3021,#3022);
#3020 = CARTESIAN_POINT('',(45.92,-27.139987,0.));
#3021 = DIRECTION('',(-0.,0.,-1.));
#3022 = DIRECTION('',(-1.,-1.776361280303E-14,0.));
#3023 = ORIENTED_EDGE('',*,*,#3024,.T.);
#3024 = EDGE_CURVE('',#3016,#2997,#3025,.T.);
#3025 = LINE('',#3026,#3027);
#3026 = CARTESIAN_POINT('',(45.520001,-13.1700065,0.));
#3027 = VECTOR('',#3028,1.);
#3028 = DIRECTION('',(-0.,1.,0.));
#3029 = FACE_BOUND('',#3030,.F.);
#3030 = EDGE_LOOP('',(#3031));
#3031 = ORIENTED_EDGE('',*,*,#3032,.T.);
#3032 = EDGE_CURVE('',#3033,#3033,#3035,.T.);
#3033 = VERTEX_POINT('',#3034);
#3034 = CARTESIAN_POINT('',(47.35,-26.615,0.));
#3035 = CIRCLE('',#3036,0.375);
#3036 = AXIS2_PLACEMENT_3D('',#3037,#3038,#3039);
#3037 = CARTESIAN_POINT('',(47.35,-26.24,0.));
#3038 = DIRECTION('',(-0.,0.,-1.));
#3039 = DIRECTION('',(-0.,-1.,0.));
#3040 = FACE_BOUND('',#3041,.F.);
#3041 = EDGE_LOOP('',(#3042));
#3042 = ORIENTED_EDGE('',*,*,#3043,.T.);
#3043 = EDGE_CURVE('',#3044,#3044,#3046,.T.);
#3044 = VERTEX_POINT('',#3045);
#3045 = CARTESIAN_POINT('',(12.235,-11.,0.));
#3046 = CIRCLE('',#3047,0.5);
#3047 = AXIS2_PLACEMENT_3D('',#3048,#3049,#3050);
#3048 = CARTESIAN_POINT('',(12.235,-10.5,0.));
#3049 = DIRECTION('',(-0.,0.,-1.));
#3050 = DIRECTION('',(-0.,-1.,0.));
#3051 = FACE_BOUND('',#3052,.F.);
#3052 = EDGE_LOOP('',(#3053));
#3053 = ORIENTED_EDGE('',*,*,#3054,.F.);
#3054 = EDGE_CURVE('',#3055,#3055,#3057,.T.);
#3055 = VERTEX_POINT('',#3056);
#3056 = CARTESIAN_POINT('',(9.300207,-5.5,0.));
#3057 = CIRCLE('',#3058,3.9);
#3058 = AXIS2_PLACEMENT_3D('',#3059,#3060,#3061);
#3059 = CARTESIAN_POINT('',(5.400207,-5.5,0.));
#3060 = DIRECTION('',(0.,0.,1.));
#3061 = DIRECTION('',(1.,0.,-0.));
#3062 = FACE_BOUND('',#3063,.F.);
#3063 = EDGE_LOOP('',(#3064));
#3064 = ORIENTED_EDGE('',*,*,#3065,.T.);
#3065 = EDGE_CURVE('',#3066,#3066,#3068,.T.);
#3066 = VERTEX_POINT('',#3067);
#3067 = CARTESIAN_POINT('',(14.775,-11.,0.));
#3068 = CIRCLE('',#3069,0.5);
#3069 = AXIS2_PLACEMENT_3D('',#3070,#3071,#3072);
#3070 = CARTESIAN_POINT('',(14.775,-10.5,0.));
#3071 = DIRECTION('',(-0.,0.,-1.));
#3072 = DIRECTION('',(-0.,-1.,0.));
#3073 = FACE_BOUND('',#3074,.F.);
#3074 = EDGE_LOOP('',(#3075));
#3075 = ORIENTED_EDGE('',*,*,#3076,.F.);
#3076 = EDGE_CURVE('',#3077,#3077,#3079,.T.);
#3077 = VERTEX_POINT('',#3078);
#3078 = CARTESIAN_POINT('',(35.5,-22.5,0.));
#3079 = CIRCLE('',#3080,3.);
#3080 = AXIS2_PLACEMENT_3D('',#3081,#3082,#3083);
#3081 = CARTESIAN_POINT('',(32.5,-22.5,0.));
#3082 = DIRECTION('',(0.,0.,1.));
#3083 = DIRECTION('',(1.,0.,-0.));
#3084 = FACE_BOUND('',#3085,.F.);
#3085 = EDGE_LOOP('',(#3086,#3097,#3105,#3114));
#3086 = ORIENTED_EDGE('',*,*,#3087,.T.);
#3087 = EDGE_CURVE('',#3088,#3090,#3092,.T.);
#3088 = VERTEX_POINT('',#3089);
#3089 = CARTESIAN_POINT('',(45.520001,-22.26,0.));
#3090 = VERTEX_POINT('',#3091);
#3091 = CARTESIAN_POINT('',(46.319999,-22.26,0.));
#3092 = CIRCLE('',#3093,0.399999);
#3093 = AXIS2_PLACEMENT_3D('',#3094,#3095,#3096);
#3094 = CARTESIAN_POINT('',(45.92,-22.26,0.));
#3095 = DIRECTION('',(0.,-0.,-1.));
#3096 = DIRECTION('',(1.,8.881806401517E-15,-0.));
#3097 = ORIENTED_EDGE('',*,*,#3098,.T.);
#3098 = EDGE_CURVE('',#3090,#3099,#3101,.T.);
#3099 = VERTEX_POINT('',#3100);
#3100 = CARTESIAN_POINT('',(46.319999,-22.86,0.));
#3101 = LINE('',#3102,#3103);
#3102 = CARTESIAN_POINT('',(46.319999,-11.43,0.));
#3103 = VECTOR('',#3104,1.);
#3104 = DIRECTION('',(0.,-1.,0.));
#3105 = ORIENTED_EDGE('',*,*,#3106,.T.);
#3106 = EDGE_CURVE('',#3099,#3107,#3109,.T.);
#3107 = VERTEX_POINT('',#3108);
#3108 = CARTESIAN_POINT('',(45.520001,-22.86,0.));
#3109 = CIRCLE('',#3110,0.399999);
#3110 = AXIS2_PLACEMENT_3D('',#3111,#3112,#3113);
#3111 = CARTESIAN_POINT('',(45.92,-22.86,0.));
#3112 = DIRECTION('',(-0.,0.,-1.));
#3113 = DIRECTION('',(-1.,-8.881806401517E-15,0.));
#3114 = ORIENTED_EDGE('',*,*,#3115,.T.);
#3115 = EDGE_CURVE('',#3107,#3088,#3116,.T.);
#3116 = LINE('',#3117,#3118);
#3117 = CARTESIAN_POINT('',(45.520001,-11.13,0.));
#3118 = VECTOR('',#3119,1.);
#3119 = DIRECTION('',(-0.,1.,0.));
#3120 = FACE_BOUND('',#3121,.F.);
#3121 = EDGE_LOOP('',(#3122));
#3122 = ORIENTED_EDGE('',*,*,#3123,.T.);
#3123 = EDGE_CURVE('',#3124,#3124,#3126,.T.);
#3124 = VERTEX_POINT('',#3125);
#3125 = CARTESIAN_POINT('',(53.15,-26.615,0.));
#3126 = CIRCLE('',#3127,0.375);
#3127 = AXIS2_PLACEMENT_3D('',#3128,#3129,#3130);
#3128 = CARTESIAN_POINT('',(53.15,-26.24,0.));
#3129 = DIRECTION('',(-0.,0.,-1.));
#3130 = DIRECTION('',(-0.,-1.,0.));
#3131 = FACE_BOUND('',#3132,.F.);
#3132 = EDGE_LOOP('',(#3133,#3144,#3152,#3161));
#3133 = ORIENTED_EDGE('',*,*,#3134,.T.);
#3134 = EDGE_CURVE('',#3135,#3137,#3139,.T.);
#3135 = VERTEX_POINT('',#3136);
#3136 = CARTESIAN_POINT('',(54.180001,-26.339988,0.));
#3137 = VERTEX_POINT('',#3138);
#3138 = CARTESIAN_POINT('',(54.979999,-26.339988,0.));
#3139 = CIRCLE('',#3140,0.399999);
#3140 = AXIS2_PLACEMENT_3D('',#3141,#3142,#3143);
#3141 = CARTESIAN_POINT('',(54.58,-26.339988,0.));
#3142 = DIRECTION('',(0.,-0.,-1.));
#3143 = DIRECTION('',(1.,8.881806401517E-15,-0.));
#3144 = ORIENTED_EDGE('',*,*,#3145,.T.);
#3145 = EDGE_CURVE('',#3137,#3146,#3148,.T.);
#3146 = VERTEX_POINT('',#3147);
#3147 = CARTESIAN_POINT('',(54.979999,-27.140012,0.));
#3148 = LINE('',#3149,#3150);
#3149 = CARTESIAN_POINT('',(54.979999,-13.570006,0.));
#3150 = VECTOR('',#3151,1.);
#3151 = DIRECTION('',(0.,-1.,0.));
#3152 = ORIENTED_EDGE('',*,*,#3153,.T.);
#3153 = EDGE_CURVE('',#3146,#3154,#3156,.T.);
#3154 = VERTEX_POINT('',#3155);
#3155 = CARTESIAN_POINT('',(54.180001,-27.140012,0.));
#3156 = CIRCLE('',#3157,0.399999);
#3157 = AXIS2_PLACEMENT_3D('',#3158,#3159,#3160);
#3158 = CARTESIAN_POINT('',(54.58,-27.140012,0.));
#3159 = DIRECTION('',(-0.,0.,-1.));
#3160 = DIRECTION('',(-1.,-8.881806401517E-15,0.));
#3161 = ORIENTED_EDGE('',*,*,#3162,.T.);
#3162 = EDGE_CURVE('',#3154,#3135,#3163,.T.);
#3163 = LINE('',#3164,#3165);
#3164 = CARTESIAN_POINT('',(54.180001,-13.169994,0.));
#3165 = VECTOR('',#3166,1.);
#3166 = DIRECTION('',(-0.,1.,0.));
#3167 = FACE_BOUND('',#3168,.F.);
#3168 = EDGE_LOOP('',(#3169,#3179,#3187,#3195));
#3169 = ORIENTED_EDGE('',*,*,#3170,.F.);
#3170 = EDGE_CURVE('',#3171,#3173,#3175,.T.);
#3171 = VERTEX_POINT('',#3172);
#3172 = CARTESIAN_POINT('',(58.,-31.7,0.));
#3173 = VERTEX_POINT('',#3174);
#3174 = CARTESIAN_POINT('',(60.,-31.7,0.));
#3175 = LINE('',#3176,#3177);
#3176 = CARTESIAN_POINT('',(58.,-31.7,0.));
#3177 = VECTOR('',#3178,1.);
#3178 = DIRECTION('',(1.,0.,0.));
#3179 = ORIENTED_EDGE('',*,*,#3180,.F.);
#3180 = EDGE_CURVE('',#3181,#3171,#3183,.T.);
#3181 = VERTEX_POINT('',#3182);
#3182 = CARTESIAN_POINT('',(58.,-26.7,0.));
#3183 = LINE('',#3184,#3185);
#3184 = CARTESIAN_POINT('',(58.,-26.7,0.));
#3185 = VECTOR('',#3186,1.);
#3186 = DIRECTION('',(0.,-1.,0.));
#3187 = ORIENTED_EDGE('',*,*,#3188,.F.);
#3188 = EDGE_CURVE('',#3189,#3181,#3191,.T.);
#3189 = VERTEX_POINT('',#3190);
#3190 = CARTESIAN_POINT('',(60.,-26.7,0.));
#3191 = LINE('',#3192,#3193);
#3192 = CARTESIAN_POINT('',(60.,-26.7,0.));
#3193 = VECTOR('',#3194,1.);
#3194 = DIRECTION('',(-1.,0.,0.));
#3195 = ORIENTED_EDGE('',*,*,#3196,.F.);
#3196 = EDGE_CURVE('',#3173,#3189,#3197,.T.);
#3197 = LINE('',#3198,#3199);
#3198 = CARTESIAN_POINT('',(60.,-31.7,0.));
#3199 = VECTOR('',#3200,1.);
#3200 = DIRECTION('',(0.,1.,0.));
#3201 = FACE_BOUND('',#3202,.F.);
#3202 = EDGE_LOOP('',(#3203));
#3203 = ORIENTED_EDGE('',*,*,#3204,.T.);
#3204 = EDGE_CURVE('',#3205,#3205,#3207,.T.);
#3205 = VERTEX_POINT('',#3206);
#3206 = CARTESIAN_POINT('',(77.9535,-49.7,0.));
#3207 = CIRCLE('',#3208,0.45);
#3208 = AXIS2_PLACEMENT_3D('',#3209,#3210,#3211);
#3209 = CARTESIAN_POINT('',(77.9535,-49.25,0.));
#3210 = DIRECTION('',(-0.,0.,-1.));
#3211 = DIRECTION('',(3.157967714489E-14,-1.,-0.));
#3212 = FACE_BOUND('',#3213,.F.);
#3213 = EDGE_LOOP('',(#3214,#3225,#3233,#3242));
#3214 = ORIENTED_EDGE('',*,*,#3215,.T.);
#3215 = EDGE_CURVE('',#3216,#3218,#3220,.T.);
#3216 = VERTEX_POINT('',#3217);
#3217 = CARTESIAN_POINT('',(54.180001,-22.26,0.));
#3218 = VERTEX_POINT('',#3219);
#3219 = CARTESIAN_POINT('',(54.979999,-22.26,0.));
#3220 = CIRCLE('',#3221,0.399999);
#3221 = AXIS2_PLACEMENT_3D('',#3222,#3223,#3224);
#3222 = CARTESIAN_POINT('',(54.58,-22.26,0.));
#3223 = DIRECTION('',(0.,-0.,-1.));
#3224 = DIRECTION('',(1.,8.881806401517E-15,-0.));
#3225 = ORIENTED_EDGE('',*,*,#3226,.T.);
#3226 = EDGE_CURVE('',#3218,#3227,#3229,.T.);
#3227 = VERTEX_POINT('',#3228);
#3228 = CARTESIAN_POINT('',(54.979999,-22.86,0.));
#3229 = LINE('',#3230,#3231);
#3230 = CARTESIAN_POINT('',(54.979999,-11.43,0.));
#3231 = VECTOR('',#3232,1.);
#3232 = DIRECTION('',(0.,-1.,0.));
#3233 = ORIENTED_EDGE('',*,*,#3234,.T.);
#3234 = EDGE_CURVE('',#3227,#3235,#3237,.T.);
#3235 = VERTEX_POINT('',#3236);
#3236 = CARTESIAN_POINT('',(54.180001,-22.86,0.));
#3237 = CIRCLE('',#3238,0.399999);
#3238 = AXIS2_PLACEMENT_3D('',#3239,#3240,#3241);
#3239 = CARTESIAN_POINT('',(54.58,-22.86,0.));
#3240 = DIRECTION('',(-0.,0.,-1.));
#3241 = DIRECTION('',(-1.,-8.881806401517E-15,0.));
#3242 = ORIENTED_EDGE('',*,*,#3243,.T.);
#3243 = EDGE_CURVE('',#3235,#3216,#3244,.T.);
#3244 = LINE('',#3245,#3246);
#3245 = CARTESIAN_POINT('',(54.180001,-11.13,0.));
#3246 = VECTOR('',#3247,1.);
#3247 = DIRECTION('',(-0.,1.,0.));
#3248 = FACE_BOUND('',#3249,.F.);
#3249 = EDGE_LOOP('',(#3250));
#3250 = ORIENTED_EDGE('',*,*,#3251,.F.);
#3251 = EDGE_CURVE('',#3252,#3252,#3254,.T.);
#3252 = VERTEX_POINT('',#3253);
#3253 = CARTESIAN_POINT('',(70.5,-22.5,0.));
#3254 = CIRCLE('',#3255,3.);
#3255 = AXIS2_PLACEMENT_3D('',#3256,#3257,#3258);
#3256 = CARTESIAN_POINT('',(67.5,-22.5,0.));
#3257 = DIRECTION('',(0.,0.,1.));
#3258 = DIRECTION('',(1.,0.,-0.));
#3259 = FACE_BOUND('',#3260,.F.);
#3260 = EDGE_LOOP('',(#3261));
#3261 = ORIENTED_EDGE('',*,*,#3262,.T.);
#3262 = EDGE_CURVE('',#3263,#3263,#3265,.T.);
#3263 = VERTEX_POINT('',#3264);
#3264 = CARTESIAN_POINT('',(84.477208,-11.,0.));
#3265 = CIRCLE('',#3266,0.5);
#3266 = AXIS2_PLACEMENT_3D('',#3267,#3268,#3269);
#3267 = CARTESIAN_POINT('',(84.477208,-10.5,0.));
#3268 = DIRECTION('',(-0.,0.,-1.));
#3269 = DIRECTION('',(-0.,-1.,0.));
#3270 = FACE_BOUND('',#3271,.F.);
#3271 = EDGE_LOOP('',(#3272));
#3272 = ORIENTED_EDGE('',*,*,#3273,.T.);
#3273 = EDGE_CURVE('',#3274,#3274,#3276,.T.);
#3274 = VERTEX_POINT('',#3275);
#3275 = CARTESIAN_POINT('',(87.017208,-11.,0.));
#3276 = CIRCLE('',#3277,0.5);
#3277 = AXIS2_PLACEMENT_3D('',#3278,#3279,#3280);
#3278 = CARTESIAN_POINT('',(87.017208,-10.5,0.));
#3279 = DIRECTION('',(-0.,0.,-1.));
#3280 = DIRECTION('',(-0.,-1.,0.));
#3281 = FACE_BOUND('',#3282,.F.);
#3282 = EDGE_LOOP('',(#3283));
#3283 = ORIENTED_EDGE('',*,*,#3284,.F.);
#3284 = EDGE_CURVE('',#3285,#3285,#3287,.T.);
#3285 = VERTEX_POINT('',#3286);
#3286 = CARTESIAN_POINT('',(98.300207,-5.5,0.));
#3287 = CIRCLE('',#3288,3.9);
#3288 = AXIS2_PLACEMENT_3D('',#3289,#3290,#3291);
#3289 = CARTESIAN_POINT('',(94.400207,-5.5,0.));
#3290 = DIRECTION('',(0.,0.,1.));
#3291 = DIRECTION('',(1.,0.,-0.));
#3292 = PLANE('',#3293);
#3293 = AXIS2_PLACEMENT_3D('',#3294,#3295,#3296);
#3294 = CARTESIAN_POINT('',(0.,0.,0.));
#3295 = DIRECTION('',(0.,0.,1.));
#3296 = DIRECTION('',(1.,0.,-0.));
#3297 = ADVANCED_FACE('',(#3298,#5928,#5939,#5950,#5961,#5972,#5983,
    #6017,#6028,#6039,#6050,#6061,#6072,#6106,#6117,#6151,#6187,#6198,
    #6209,#6220,#6231,#6242,#6278,#6289,#6325,#6359,#6370,#6406,#6417,
    #6428,#6439),#6450,.T.);
#3298 = FACE_BOUND('',#3299,.T.);
#3299 = EDGE_LOOP('',(#3300,#3301,#3302,#3310,#3318,#3326,#3334,#3342,
    #3350,#3358,#3366,#3374,#3382,#3390,#3398,#3406,#3414,#3422,#3430,
    #3438,#3446,#3454,#3462,#3470,#3478,#3486,#3494,#3502,#3510,#3518,
    #3526,#3534,#3542,#3550,#3558,#3566,#3574,#3582,#3590,#3598,#3606,
    #3614,#3622,#3630,#3638,#3646,#3654,#3662,#3670,#3678,#3686,#3694,
    #3702,#3710,#3718,#3726,#3734,#3742,#3750,#3758,#3766,#3774,#3782,
    #3790,#3798,#3806,#3814,#3822,#3830,#3838,#3846,#3854,#3862,#3870,
    #3878,#3886,#3894,#3902,#3910,#3918,#3926,#3934,#3942,#3950,#3959,
    #3967,#3975,#3983,#3991,#3999,#4007,#4015,#4023,#4031,#4039,#4047,
    #4055,#4063,#4071,#4079,#4087,#4095,#4103,#4111,#4119,#4127,#4135,
    #4143,#4151,#4159,#4167,#4175,#4183,#4191,#4199,#4207,#4215,#4223,
    #4231,#4239,#4247,#4255,#4263,#4271,#4279,#4287,#4295,#4303,#4311,
    #4319,#4327,#4335,#4343,#4351,#4359,#4367,#4375,#4383,#4391,#4399,
    #4407,#4415,#4423,#4431,#4439,#4447,#4455,#4463,#4471,#4479,#4487,
    #4495,#4503,#4511,#4519,#4527,#4535,#4543,#4551,#4559,#4567,#4575,
    #4583,#4591,#4599,#4607,#4615,#4624,#4632,#4640,#4648,#4656,#4664,
    #4672,#4680,#4688,#4696,#4704,#4712,#4720,#4728,#4736,#4744,#4752,
    #4760,#4768,#4776,#4784,#4792,#4800,#4808,#4816,#4824,#4832,#4840,
    #4848,#4856,#4864,#4872,#4880,#4888,#4896,#4904,#4912,#4920,#4928,
    #4936,#4944,#4952,#4960,#4968,#4976,#4984,#4992,#5000,#5008,#5016,
    #5024,#5032,#5040,#5048,#5056,#5064,#5072,#5080,#5088,#5096,#5104,
    #5112,#5120,#5128,#5136,#5144,#5152,#5160,#5168,#5176,#5184,#5192,
    #5200,#5208,#5216,#5224,#5232,#5240,#5248,#5256,#5264,#5272,#5280,
    #5289,#5297,#5305,#5313,#5321,#5329,#5337,#5345,#5353,#5361,#5369,
    #5377,#5385,#5393,#5401,#5409,#5417,#5425,#5433,#5441,#5449,#5457,
    #5465,#5473,#5481,#5489,#5497,#5505,#5513,#5521,#5529,#5537,#5545,
    #5553,#5561,#5569,#5577,#5585,#5593,#5601,#5609,#5617,#5625,#5633,
    #5641,#5649,#5657,#5665,#5673,#5681,#5689,#5697,#5705,#5713,#5721,
    #5729,#5737,#5745,#5753,#5761,#5769,#5777,#5785,#5793,#5801,#5809,
    #5817,#5825,#5833,#5841,#5849,#5857,#5865,#5873,#5881,#5889,#5897,
    #5905,#5913,#5921,#5927));
#3300 = ORIENTED_EDGE('',*,*,#49,.F.);
#3301 = ORIENTED_EDGE('',*,*,#91,.F.);
#3302 = ORIENTED_EDGE('',*,*,#3303,.F.);
#3303 = EDGE_CURVE('',#3304,#84,#3306,.T.);
#3304 = VERTEX_POINT('',#3305);
#3305 = CARTESIAN_POINT('',(88.992593,-3.082631,1.51));
#3306 = LINE('',#3307,#3308);
#3307 = CARTESIAN_POINT('',(88.992593,-3.082631,1.51));
#3308 = VECTOR('',#3309,1.);
#3309 = DIRECTION('',(0.796712905857,0.60435796151,0.));
#3310 = ORIENTED_EDGE('',*,*,#3311,.F.);
#3311 = EDGE_CURVE('',#3312,#3304,#3314,.T.);
#3312 = VERTEX_POINT('',#3313);
#3313 = CARTESIAN_POINT('',(87.034813,-4.519692,1.51));
#3314 = LINE('',#3315,#3316);
#3315 = CARTESIAN_POINT('',(87.034813,-4.519692,1.51));
#3316 = VECTOR('',#3317,1.);
#3317 = DIRECTION('',(0.806138715011,0.591726602546,0.));
#3318 = ORIENTED_EDGE('',*,*,#3319,.F.);
#3319 = EDGE_CURVE('',#3320,#3312,#3322,.T.);
#3320 = VERTEX_POINT('',#3321);
#3321 = CARTESIAN_POINT('',(85.138913,-5.863766,1.51));
#3322 = LINE('',#3323,#3324);
#3323 = CARTESIAN_POINT('',(85.138913,-5.863766,1.51));
#3324 = VECTOR('',#3325,1.);
#3325 = DIRECTION('',(0.815792061055,0.578345323419,0.));
#3326 = ORIENTED_EDGE('',*,*,#3327,.F.);
#3327 = EDGE_CURVE('',#3328,#3320,#3330,.T.);
#3328 = VERTEX_POINT('',#3329);
#3329 = CARTESIAN_POINT('',(83.300042,-7.120332,1.51));
#3330 = LINE('',#3331,#3332);
#3331 = CARTESIAN_POINT('',(83.300042,-7.120332,1.51));
#3332 = VECTOR('',#3333,1.);
#3333 = DIRECTION('',(0.825643773522,0.564191775236,0.));
#3334 = ORIENTED_EDGE('',*,*,#3335,.F.);
#3335 = EDGE_CURVE('',#3336,#3328,#3338,.T.);
#3336 = VERTEX_POINT('',#3337);
#3337 = CARTESIAN_POINT('',(81.513792,-8.294346,1.51));
#3338 = LINE('',#3339,#3340);
#3339 = CARTESIAN_POINT('',(81.513792,-8.294346,1.51));
#3340 = VECTOR('',#3341,1.);
#3341 = DIRECTION('',(0.835664129984,0.549240804982,0.));
#3342 = ORIENTED_EDGE('',*,*,#3343,.F.);
#3343 = EDGE_CURVE('',#3344,#3336,#3346,.T.);
#3344 = VERTEX_POINT('',#3345);
#3345 = CARTESIAN_POINT('',(79.776143,-9.39031,1.51));
#3346 = LINE('',#3347,#3348);
#3347 = CARTESIAN_POINT('',(79.776143,-9.39031,1.51));
#3348 = VECTOR('',#3349,1.);
#3349 = DIRECTION('',(0.845818065761,0.533471460936,0.));
#3350 = ORIENTED_EDGE('',*,*,#3351,.F.);
#3351 = EDGE_CURVE('',#3352,#3344,#3354,.T.);
#3352 = VERTEX_POINT('',#3353);
#3353 = CARTESIAN_POINT('',(78.083407,-10.412325,1.51));
#3354 = LINE('',#3355,#3356);
#3355 = CARTESIAN_POINT('',(78.083407,-10.412325,1.51));
#3356 = VECTOR('',#3357,1.);
#3357 = DIRECTION('',(0.856067641399,0.516863805416,0.));
#3358 = ORIENTED_EDGE('',*,*,#3359,.F.);
#3359 = EDGE_CURVE('',#3360,#3352,#3362,.T.);
#3360 = VERTEX_POINT('',#3361);
#3361 = CARTESIAN_POINT('',(76.432183,-11.364132,1.51));
#3362 = LINE('',#3363,#3364);
#3363 = CARTESIAN_POINT('',(76.432183,-11.364132,1.51));
#3364 = VECTOR('',#3365,1.);
#3365 = DIRECTION('',(0.866372263308,0.499398739857,0.));
#3366 = ORIENTED_EDGE('',*,*,#3367,.F.);
#3367 = EDGE_CURVE('',#3368,#3360,#3370,.T.);
#3368 = VERTEX_POINT('',#3369);
#3369 = CARTESIAN_POINT('',(74.819318,-12.249153,1.51));
#3370 = LINE('',#3371,#3372);
#3371 = CARTESIAN_POINT('',(74.819318,-12.249153,1.51));
#3372 = VECTOR('',#3373,1.);
#3373 = DIRECTION('',(0.876687107289,0.481061031382,0.));
#3374 = ORIENTED_EDGE('',*,*,#3375,.F.);
#3375 = EDGE_CURVE('',#3376,#3368,#3378,.T.);
#3376 = VERTEX_POINT('',#3377);
#3377 = CARTESIAN_POINT('',(73.241881,-13.070517,1.51));
#3378 = LINE('',#3379,#3380);
#3379 = CARTESIAN_POINT('',(73.241881,-13.070517,1.51));
#3380 = VECTOR('',#3381,1.);
#3381 = DIRECTION('',(0.886964245653,0.461838096017,0.));
#3382 = ORIENTED_EDGE('',*,*,#3383,.F.);
#3383 = EDGE_CURVE('',#3384,#3376,#3386,.T.);
#3384 = VERTEX_POINT('',#3385);
#3385 = CARTESIAN_POINT('',(71.697129,-13.831094,1.51));
#3386 = LINE('',#3387,#3388);
#3387 = CARTESIAN_POINT('',(71.697129,-13.831094,1.51));
#3388 = VECTOR('',#3389,1.);
#3389 = DIRECTION('',(0.897151410626,0.441723155846,0.));
#3390 = ORIENTED_EDGE('',*,*,#3391,.F.);
#3391 = EDGE_CURVE('',#3392,#3384,#3394,.T.);
#3392 = VERTEX_POINT('',#3393);
#3393 = CARTESIAN_POINT('',(70.182486,-14.533508,1.51));
#3394 = LINE('',#3395,#3396);
#3395 = CARTESIAN_POINT('',(70.182486,-14.533508,1.51));
#3396 = VECTOR('',#3397,1.);
#3397 = DIRECTION('',(0.907194893665,0.420710618963,0.));
#3398 = ORIENTED_EDGE('',*,*,#3399,.F.);
#3399 = EDGE_CURVE('',#3400,#3392,#3402,.T.);
#3400 = VERTEX_POINT('',#3401);
#3401 = CARTESIAN_POINT('',(68.695522,-15.180162,1.51));
#3402 = LINE('',#3403,#3404);
#3403 = CARTESIAN_POINT('',(68.695522,-15.180162,1.51));
#3404 = VECTOR('',#3405,1.);
#3405 = DIRECTION('',(0.917036697355,0.398802828106,0.));
#3406 = ORIENTED_EDGE('',*,*,#3407,.F.);
#3407 = EDGE_CURVE('',#3408,#3400,#3410,.T.);
#3408 = VERTEX_POINT('',#3409);
#3409 = CARTESIAN_POINT('',(67.233932,-15.77325,1.51));
#3410 = LINE('',#3411,#3412);
#3411 = CARTESIAN_POINT('',(67.233932,-15.77325,1.51));
#3412 = VECTOR('',#3413,1.);
#3413 = DIRECTION('',(0.926617478884,0.376005382711,0.));
#3414 = ORIENTED_EDGE('',*,*,#3415,.F.);
#3415 = EDGE_CURVE('',#3416,#3408,#3418,.T.);
#3416 = VERTEX_POINT('',#3417);
#3417 = CARTESIAN_POINT('',(65.795527,-16.314773,1.51));
#3418 = LINE('',#3419,#3420);
#3419 = CARTESIAN_POINT('',(65.795527,-16.314773,1.51));
#3420 = VECTOR('',#3421,1.);
#3421 = DIRECTION('',(0.935874672455,0.352333077438,0.));
#3422 = ORIENTED_EDGE('',*,*,#3423,.F.);
#3423 = EDGE_CURVE('',#3424,#3416,#3426,.T.);
#3424 = VERTEX_POINT('',#3425);
#3425 = CARTESIAN_POINT('',(64.378209,-16.806548,1.51));
#3426 = LINE('',#3427,#3428);
#3427 = CARTESIAN_POINT('',(64.378209,-16.806548,1.51));
#3428 = VECTOR('',#3429,1.);
#3429 = DIRECTION('',(0.944745789381,0.327803894802,0.));
#3430 = ORIENTED_EDGE('',*,*,#3431,.F.);
#3431 = EDGE_CURVE('',#3432,#3424,#3434,.T.);
#3432 = VERTEX_POINT('',#3433);
#3433 = CARTESIAN_POINT('',(62.97997,-17.250219,1.51));
#3434 = LINE('',#3435,#3436);
#3435 = CARTESIAN_POINT('',(62.97997,-17.250219,1.51));
#3436 = VECTOR('',#3437,1.);
#3437 = DIRECTION('',(0.953166407566,0.302446358034,0.));
#3438 = ORIENTED_EDGE('',*,*,#3439,.F.);
#3439 = EDGE_CURVE('',#3440,#3432,#3442,.T.);
#3440 = VERTEX_POINT('',#3441);
#3441 = CARTESIAN_POINT('',(61.598873,-17.647262,1.51));
#3442 = LINE('',#3443,#3444);
#3443 = CARTESIAN_POINT('',(61.598873,-17.647262,1.51));
#3444 = VECTOR('',#3445,1.);
#3445 = DIRECTION('',(0.96107344082,0.276293035292,0.));
#3446 = ORIENTED_EDGE('',*,*,#3447,.F.);
#3447 = EDGE_CURVE('',#3448,#3440,#3450,.T.);
#3448 = VERTEX_POINT('',#3449);
#3449 = CARTESIAN_POINT('',(60.233043,-17.998996,1.51));
#3450 = LINE('',#3451,#3452);
#3451 = CARTESIAN_POINT('',(60.233043,-17.998996,1.51));
#3452 = VECTOR('',#3453,1.);
#3453 = DIRECTION('',(0.968403846624,0.24938722871,0.));
#3454 = ORIENTED_EDGE('',*,*,#3455,.F.);
#3455 = EDGE_CURVE('',#3456,#3448,#3458,.T.);
#3456 = VERTEX_POINT('',#3457);
#3457 = CARTESIAN_POINT('',(58.880662,-18.306584,1.51));
#3458 = LINE('',#3459,#3460);
#3459 = CARTESIAN_POINT('',(58.880662,-18.306584,1.51));
#3460 = VECTOR('',#3461,1.);
#3461 = DIRECTION('',(0.975097209941,0.221777887009,0.));
#3462 = ORIENTED_EDGE('',*,*,#3463,.F.);
#3463 = EDGE_CURVE('',#3464,#3456,#3466,.T.);
#3464 = VERTEX_POINT('',#3465);
#3465 = CARTESIAN_POINT('',(57.539957,-18.571041,1.51));
#3466 = LINE('',#3467,#3468);
#3467 = CARTESIAN_POINT('',(57.539957,-18.571041,1.51));
#3468 = VECTOR('',#3469,1.);
#3469 = DIRECTION('',(0.981095684583,0.193523274291,0.));
#3470 = ORIENTED_EDGE('',*,*,#3471,.F.);
#3471 = EDGE_CURVE('',#3472,#3464,#3474,.T.);
#3472 = VERTEX_POINT('',#3473);
#3473 = CARTESIAN_POINT('',(56.209195,-18.793235,1.51));
#3474 = LINE('',#3475,#3476);
#3475 = CARTESIAN_POINT('',(56.209195,-18.793235,1.51));
#3476 = VECTOR('',#3477,1.);
#3477 = DIRECTION('',(0.986345764413,0.164687683281,0.));
#3478 = ORIENTED_EDGE('',*,*,#3479,.F.);
#3479 = EDGE_CURVE('',#3480,#3472,#3482,.T.);
#3480 = VERTEX_POINT('',#3481);
#3481 = CARTESIAN_POINT('',(54.886675,-18.973891,1.51));
#3482 = LINE('',#3483,#3484);
#3483 = CARTESIAN_POINT('',(54.886675,-18.973891,1.51));
#3484 = VECTOR('',#3485,1.);
#3485 = DIRECTION('',(0.990798812829,0.135342944024,0.));
#3486 = ORIENTED_EDGE('',*,*,#3487,.F.);
#3487 = EDGE_CURVE('',#3488,#3480,#3490,.T.);
#3488 = VERTEX_POINT('',#3489);
#3489 = CARTESIAN_POINT('',(53.570721,-19.113592,1.51));
#3490 = LINE('',#3491,#3492);
#3491 = CARTESIAN_POINT('',(53.570721,-19.113592,1.51));
#3492 = VECTOR('',#3493,1.);
#3493 = DIRECTION('',(0.994412267303,0.105566294988,0.));
#3494 = ORIENTED_EDGE('',*,*,#3495,.F.);
#3495 = EDGE_CURVE('',#3496,#3488,#3498,.T.);
#3496 = VERTEX_POINT('',#3497);
#3497 = CARTESIAN_POINT('',(52.259679,-19.212784,1.51));
#3498 = LINE('',#3499,#3500);
#3499 = CARTESIAN_POINT('',(52.259679,-19.212784,1.51));
#3500 = VECTOR('',#3501,1.);
#3501 = DIRECTION('',(0.997150094571,7.544328265657E-02,0.));
#3502 = ORIENTED_EDGE('',*,*,#3503,.F.);
#3503 = EDGE_CURVE('',#3504,#3496,#3506,.T.);
#3504 = VERTEX_POINT('',#3505);
#3505 = CARTESIAN_POINT('',(50.951912,-19.271774,1.51));
#3506 = LINE('',#3507,#3508);
#3507 = CARTESIAN_POINT('',(50.951912,-19.271774,1.51));
#3508 = VECTOR('',#3509,1.);
#3509 = DIRECTION('',(0.998984210012,4.506160390087E-02,0.));
#3510 = ORIENTED_EDGE('',*,*,#3511,.F.);
#3511 = EDGE_CURVE('',#3512,#3504,#3514,.T.);
#3512 = VERTEX_POINT('',#3513);
#3513 = CARTESIAN_POINT('',(49.64579,-19.290731,1.51));
#3514 = LINE('',#3515,#3516);
#3515 = CARTESIAN_POINT('',(49.64579,-19.290731,1.51));
#3516 = VECTOR('',#3517,1.);
#3517 = DIRECTION('',(0.999894689148,1.451242963688E-02,0.));
#3518 = ORIENTED_EDGE('',*,*,#3519,.F.);
#3519 = EDGE_CURVE('',#3520,#3512,#3522,.T.);
#3520 = VERTEX_POINT('',#3521);
#3521 = CARTESIAN_POINT('',(48.992767,-19.285211,1.51));
#3522 = LINE('',#3523,#3524);
#3523 = CARTESIAN_POINT('',(48.992767,-19.285211,1.51));
#3524 = VECTOR('',#3525,1.);
#3525 = DIRECTION('',(0.999964275354,-8.452692784107E-03,0.));
#3526 = ORIENTED_EDGE('',*,*,#3527,.F.);
#3527 = EDGE_CURVE('',#3528,#3520,#3530,.T.);
#3528 = VERTEX_POINT('',#3529);
#3529 = CARTESIAN_POINT('',(48.339691,-19.269687,1.51));
#3530 = LINE('',#3531,#3532);
#3531 = CARTESIAN_POINT('',(48.339691,-19.269687,1.51));
#3532 = VECTOR('',#3533,1.);
#3533 = DIRECTION('',(0.999717599263,-2.376387435911E-02,0.));
#3534 = ORIENTED_EDGE('',*,*,#3535,.F.);
#3535 = EDGE_CURVE('',#3536,#3528,#3538,.T.);
#3536 = VERTEX_POINT('',#3537);
#3537 = CARTESIAN_POINT('',(47.685932,-19.244128,1.51));
#3538 = LINE('',#3539,#3540);
#3539 = CARTESIAN_POINT('',(47.685932,-19.244128,1.51));
#3540 = VECTOR('',#3541,1.);
#3541 = DIRECTION('',(0.999236647982,-3.906560289919E-02,0.));
#3542 = ORIENTED_EDGE('',*,*,#3543,.F.);
#3543 = EDGE_CURVE('',#3544,#3536,#3546,.T.);
#3544 = VERTEX_POINT('',#3545);
#3545 = CARTESIAN_POINT('',(47.031993,-19.208538,1.51));
#3546 = LINE('',#3547,#3548);
#3547 = CARTESIAN_POINT('',(47.031993,-19.208538,1.51));
#3548 = VECTOR('',#3549,1.);
#3549 = DIRECTION('',(0.998522294014,-5.434361376818E-02,0.));
#3550 = ORIENTED_EDGE('',*,*,#3551,.F.);
#3551 = EDGE_CURVE('',#3552,#3544,#3554,.T.);
#3552 = VERTEX_POINT('',#3553);
#3553 = CARTESIAN_POINT('',(46.376685,-19.162828,1.51));
#3554 = LINE('',#3555,#3556);
#3555 = CARTESIAN_POINT('',(46.376685,-19.162828,1.51));
#3556 = VECTOR('',#3557,1.);
#3557 = DIRECTION('',(0.997576069179,-6.958438188174E-02,0.));
#3558 = ORIENTED_EDGE('',*,*,#3559,.F.);
#3559 = EDGE_CURVE('',#3560,#3552,#3562,.T.);
#3560 = VERTEX_POINT('',#3561);
#3561 = CARTESIAN_POINT('',(45.72107,-19.107044,1.51));
#3562 = LINE('',#3563,#3564);
#3563 = CARTESIAN_POINT('',(45.72107,-19.107044,1.51));
#3564 = VECTOR('',#3565,1.);
#3565 = DIRECTION('',(0.996399679127,-8.47801830349E-02,0.));
#3566 = ORIENTED_EDGE('',*,*,#3567,.F.);
#3567 = EDGE_CURVE('',#3568,#3560,#3570,.T.);
#3568 = VERTEX_POINT('',#3569);
#3569 = CARTESIAN_POINT('',(45.063397,-19.041,1.51));
#3570 = LINE('',#3571,#3572);
#3571 = CARTESIAN_POINT('',(45.063397,-19.041,1.51));
#3572 = VECTOR('',#3573,1.);
#3573 = DIRECTION('',(0.994995656328,-9.991818597769E-02,0.));
#3574 = ORIENTED_EDGE('',*,*,#3575,.F.);
#3575 = EDGE_CURVE('',#3576,#3568,#3578,.T.);
#3576 = VERTEX_POINT('',#3577);
#3577 = CARTESIAN_POINT('',(44.405287,-18.964823,1.51));
#3578 = LINE('',#3579,#3580);
#3579 = CARTESIAN_POINT('',(44.405287,-18.964823,1.51));
#3580 = VECTOR('',#3581,1.);
#3581 = DIRECTION('',(0.993367409082,-0.114983436085,0.));
#3582 = ORIENTED_EDGE('',*,*,#3583,.F.);
#3583 = EDGE_CURVE('',#3584,#3576,#3586,.T.);
#3584 = VERTEX_POINT('',#3585);
#3585 = CARTESIAN_POINT('',(43.744427,-18.878197,1.51));
#3586 = LINE('',#3587,#3588);
#3587 = CARTESIAN_POINT('',(43.744427,-18.878197,1.51));
#3588 = VECTOR('',#3589,1.);
#3589 = DIRECTION('',(0.99151807151,-0.129968895776,0.));
#3590 = ORIENTED_EDGE('',*,*,#3591,.F.);
#3591 = EDGE_CURVE('',#3592,#3584,#3594,.T.);
#3592 = VERTEX_POINT('',#3593);
#3593 = CARTESIAN_POINT('',(43.082997,-18.781359,1.51));
#3594 = LINE('',#3595,#3596);
#3595 = CARTESIAN_POINT('',(43.082997,-18.781359,1.51));
#3596 = VECTOR('',#3597,1.);
#3597 = DIRECTION('',(0.989451767651,-0.144862691858,0.));
#3598 = ORIENTED_EDGE('',*,*,#3599,.F.);
#3599 = EDGE_CURVE('',#3600,#3592,#3602,.T.);
#3600 = VERTEX_POINT('',#3601);
#3601 = CARTESIAN_POINT('',(42.418117,-18.673828,1.51));
#3602 = LINE('',#3603,#3604);
#3603 = CARTESIAN_POINT('',(42.418117,-18.673828,1.51));
#3604 = VECTOR('',#3605,1.);
#3605 = DIRECTION('',(0.987172808939,-0.159655395437,0.));
#3606 = ORIENTED_EDGE('',*,*,#3607,.F.);
#3607 = EDGE_CURVE('',#3608,#3600,#3610,.T.);
#3608 = VERTEX_POINT('',#3609);
#3609 = CARTESIAN_POINT('',(41.752532,-18.555991,1.51));
#3610 = LINE('',#3611,#3612);
#3611 = CARTESIAN_POINT('',(41.752532,-18.555991,1.51));
#3612 = VECTOR('',#3613,1.);
#3613 = DIRECTION('',(0.984686986081,-0.174331693741,0.));
#3614 = ORIENTED_EDGE('',*,*,#3615,.F.);
#3615 = EDGE_CURVE('',#3616,#3608,#3618,.T.);
#3616 = VERTEX_POINT('',#3617);
#3617 = CARTESIAN_POINT('',(41.082789,-18.427164,1.51));
#3618 = LINE('',#3619,#3620);
#3619 = CARTESIAN_POINT('',(41.082789,-18.427164,1.51));
#3620 = VECTOR('',#3621,1.);
#3621 = DIRECTION('',(0.981998215491,-0.188890192368,0.));
#3622 = ORIENTED_EDGE('',*,*,#3623,.F.);
#3623 = EDGE_CURVE('',#3624,#3616,#3626,.T.);
#3624 = VERTEX_POINT('',#3625);
#3625 = CARTESIAN_POINT('',(40.412201,-18.287917,1.51));
#3626 = LINE('',#3627,#3628);
#3627 = CARTESIAN_POINT('',(40.412201,-18.287917,1.51));
#3628 = VECTOR('',#3629,1.);
#3629 = DIRECTION('',(0.979113973174,-0.203312143108,0.));
#3630 = ORIENTED_EDGE('',*,*,#3631,.F.);
#3631 = EDGE_CURVE('',#3632,#3624,#3634,.T.);
#3632 = VERTEX_POINT('',#3633);
#3633 = CARTESIAN_POINT('',(39.736736,-18.13733,1.51));
#3634 = LINE('',#3635,#3636);
#3635 = CARTESIAN_POINT('',(39.736736,-18.13733,1.51));
#3636 = VECTOR('',#3637,1.);
#3637 = DIRECTION('',(0.976038832221,-0.21759641081,0.));
#3638 = ORIENTED_EDGE('',*,*,#3639,.F.);
#3639 = EDGE_CURVE('',#3640,#3632,#3642,.T.);
#3640 = VERTEX_POINT('',#3641);
#3641 = CARTESIAN_POINT('',(39.060282,-17.97619,1.51));
#3642 = LINE('',#3643,#3644);
#3643 = CARTESIAN_POINT('',(39.060282,-17.97619,1.51));
#3644 = VECTOR('',#3645,1.);
#3645 = DIRECTION('',(0.972780440879,-0.231728750578,0.));
#3646 = ORIENTED_EDGE('',*,*,#3647,.F.);
#3647 = EDGE_CURVE('',#3648,#3640,#3650,.T.);
#3648 = VERTEX_POINT('',#3649);
#3649 = CARTESIAN_POINT('',(38.378219,-17.803304,1.51));
#3650 = LINE('',#3651,#3652);
#3651 = CARTESIAN_POINT('',(38.378219,-17.803304,1.51));
#3652 = VECTOR('',#3653,1.);
#3653 = DIRECTION('',(0.96934471066,-0.245704765758,0.));
#3654 = ORIENTED_EDGE('',*,*,#3655,.F.);
#3655 = EDGE_CURVE('',#3656,#3648,#3658,.T.);
#3656 = VERTEX_POINT('',#3657);
#3657 = CARTESIAN_POINT('',(37.695015,-17.619714,1.51));
#3658 = LINE('',#3659,#3660);
#3659 = CARTESIAN_POINT('',(37.695015,-17.619714,1.51));
#3660 = VECTOR('',#3661,1.);
#3661 = DIRECTION('',(0.965739681845,-0.259512749032,0.));
#3662 = ORIENTED_EDGE('',*,*,#3663,.F.);
#3663 = EDGE_CURVE('',#3664,#3656,#3666,.T.);
#3664 = VERTEX_POINT('',#3665);
#3665 = CARTESIAN_POINT('',(37.005457,-17.423915,1.51));
#3666 = LINE('',#3667,#3668);
#3667 = CARTESIAN_POINT('',(37.005457,-17.423915,1.51));
#3668 = VECTOR('',#3669,1.);
#3669 = DIRECTION('',(0.961971346524,-0.273150377021,0.));
#3670 = ORIENTED_EDGE('',*,*,#3671,.F.);
#3671 = EDGE_CURVE('',#3672,#3664,#3674,.T.);
#3672 = VERTEX_POINT('',#3673);
#3673 = CARTESIAN_POINT('',(36.314599,-17.217241,1.51));
#3674 = LINE('',#3675,#3676);
#3675 = CARTESIAN_POINT('',(36.314599,-17.217241,1.51));
#3676 = VECTOR('',#3677,1.);
#3677 = DIRECTION('',(0.958048666744,-0.286605568946,0.));
#3678 = ORIENTED_EDGE('',*,*,#3679,.F.);
#3679 = EDGE_CURVE('',#3680,#3672,#3682,.T.);
#3680 = VERTEX_POINT('',#3681);
#3681 = CARTESIAN_POINT('',(35.616622,-16.997836,1.51));
#3682 = LINE('',#3683,#3684);
#3683 = CARTESIAN_POINT('',(35.616622,-16.997836,1.51));
#3684 = VECTOR('',#3685,1.);
#3685 = DIRECTION('',(0.9539777651,-0.299877347752,0.));
#3686 = ORIENTED_EDGE('',*,*,#3687,.F.);
#3687 = EDGE_CURVE('',#3688,#3680,#3690,.T.);
#3688 = VERTEX_POINT('',#3689);
#3689 = CARTESIAN_POINT('',(34.917179,-16.767365,1.51));
#3690 = LINE('',#3691,#3692);
#3691 = CARTESIAN_POINT('',(34.917179,-16.767365,1.51));
#3692 = VECTOR('',#3693,1.);
#3693 = DIRECTION('',(0.949768045642,-0.312954724326,0.));
#3694 = ORIENTED_EDGE('',*,*,#3695,.F.);
#3695 = EDGE_CURVE('',#3696,#3688,#3698,.T.);
#3696 = VERTEX_POINT('',#3697);
#3697 = CARTESIAN_POINT('',(34.20983,-16.52358,1.51));
#3698 = LINE('',#3699,#3700);
#3699 = CARTESIAN_POINT('',(34.20983,-16.52358,1.51));
#3700 = VECTOR('',#3701,1.);
#3701 = DIRECTION('',(0.945425878277,-0.325837242628,0.));
#3702 = ORIENTED_EDGE('',*,*,#3703,.F.);
#3703 = EDGE_CURVE('',#3704,#3696,#3706,.T.);
#3704 = VERTEX_POINT('',#3705);
#3705 = CARTESIAN_POINT('',(33.500841,-16.268517,1.51));
#3706 = LINE('',#3707,#3708);
#3707 = CARTESIAN_POINT('',(33.500841,-16.268517,1.51));
#3708 = VECTOR('',#3709,1.);
#3709 = DIRECTION('',(0.940960580663,-0.338516152699,0.));
#3710 = ORIENTED_EDGE('',*,*,#3711,.F.);
#3711 = EDGE_CURVE('',#3712,#3704,#3714,.T.);
#3712 = VERTEX_POINT('',#3713);
#3713 = CARTESIAN_POINT('',(32.783133,-15.999493,1.51));
#3714 = LINE('',#3715,#3716);
#3715 = CARTESIAN_POINT('',(32.783133,-15.999493,1.51));
#3716 = VECTOR('',#3717,1.);
#3717 = DIRECTION('',(0.936379139111,-0.350990181968,0.));
#3718 = ORIENTED_EDGE('',*,*,#3719,.F.);
#3719 = EDGE_CURVE('',#3720,#3712,#3722,.T.);
#3720 = VERTEX_POINT('',#3721);
#3721 = CARTESIAN_POINT('',(32.0636,-15.718959,1.51));
#3722 = LINE('',#3723,#3724);
#3723 = CARTESIAN_POINT('',(32.0636,-15.718959,1.51));
#3724 = VECTOR('',#3725,1.);
#3725 = DIRECTION('',(0.931691312615,-0.363251012383,0.));
#3726 = ORIENTED_EDGE('',*,*,#3727,.F.);
#3727 = EDGE_CURVE('',#3728,#3720,#3730,.T.);
#3728 = VERTEX_POINT('',#3729);
#3729 = CARTESIAN_POINT('',(31.334506,-15.42375,1.51));
#3730 = LINE('',#3731,#3732);
#3731 = CARTESIAN_POINT('',(31.334506,-15.42375,1.51));
#3732 = VECTOR('',#3733,1.);
#3733 = DIRECTION('',(0.926902803378,-0.375301469608,0.));
#3734 = ORIENTED_EDGE('',*,*,#3735,.F.);
#3735 = EDGE_CURVE('',#3736,#3728,#3738,.T.);
#3736 = VERTEX_POINT('',#3737);
#3737 = CARTESIAN_POINT('',(30.603392,-15.116774,1.51));
#3738 = LINE('',#3739,#3740);
#3739 = CARTESIAN_POINT('',(30.603392,-15.116774,1.51));
#3740 = VECTOR('',#3741,1.);
#3741 = DIRECTION('',(0.922023469071,-0.387133985181,0.));
#3742 = ORIENTED_EDGE('',*,*,#3743,.F.);
#3743 = EDGE_CURVE('',#3744,#3736,#3746,.T.);
#3744 = VERTEX_POINT('',#3745);
#3745 = CARTESIAN_POINT('',(29.86184,-14.79434,1.51));
#3746 = LINE('',#3747,#3748);
#3747 = CARTESIAN_POINT('',(29.86184,-14.79434,1.51));
#3748 = VECTOR('',#3749,1.);
#3749 = DIRECTION('',(0.917060972626,-0.398747003107,0.));
#3750 = ORIENTED_EDGE('',*,*,#3751,.F.);
#3751 = EDGE_CURVE('',#3752,#3744,#3754,.T.);
#3752 = VERTEX_POINT('',#3753);
#3753 = CARTESIAN_POINT('',(29.118058,-14.459859,1.51));
#3754 = LINE('',#3755,#3756);
#3755 = CARTESIAN_POINT('',(29.118058,-14.459859,1.51));
#3756 = VECTOR('',#3757,1.);
#3757 = DIRECTION('',(0.912022841228,-0.410139411759,0.));
#3758 = ORIENTED_EDGE('',*,*,#3759,.F.);
#3759 = EDGE_CURVE('',#3760,#3752,#3762,.T.);
#3760 = VERTEX_POINT('',#3761);
#3761 = CARTESIAN_POINT('',(28.362923,-14.10906,1.51));
#3762 = LINE('',#3763,#3764);
#3763 = CARTESIAN_POINT('',(28.362923,-14.10906,1.51));
#3764 = VECTOR('',#3765,1.);
#3765 = DIRECTION('',(0.906916922797,-0.421309500421,0.));
#3766 = ORIENTED_EDGE('',*,*,#3767,.F.);
#3767 = EDGE_CURVE('',#3768,#3760,#3770,.T.);
#3768 = VERTEX_POINT('',#3769);
#3769 = CARTESIAN_POINT('',(27.605336,-13.74591,1.51));
#3770 = LINE('',#3771,#3772);
#3771 = CARTESIAN_POINT('',(27.605336,-13.74591,1.51));
#3772 = VECTOR('',#3773,1.);
#3773 = DIRECTION('',(0.90175128266,-0.432255276685,0.));
#3774 = ORIENTED_EDGE('',*,*,#3775,.F.);
#3775 = EDGE_CURVE('',#3776,#3768,#3778,.T.);
#3776 = VERTEX_POINT('',#3777);
#3777 = CARTESIAN_POINT('',(26.835433,-13.365501,1.51));
#3778 = LINE('',#3779,#3780);
#3779 = CARTESIAN_POINT('',(26.835433,-13.365501,1.51));
#3780 = VECTOR('',#3781,1.);
#3781 = DIRECTION('',(0.896533032084,-0.442976886961,0.));
#3782 = ORIENTED_EDGE('',*,*,#3783,.F.);
#3783 = EDGE_CURVE('',#3784,#3776,#3786,.T.);
#3784 = VERTEX_POINT('',#3785);
#3785 = CARTESIAN_POINT('',(26.06284,-12.972411,1.51));
#3786 = LINE('',#3787,#3788);
#3787 = CARTESIAN_POINT('',(26.06284,-12.972411,1.51));
#3788 = VECTOR('',#3789,1.);
#3789 = DIRECTION('',(0.891270399045,-0.453472243679,0.));
#3790 = ORIENTED_EDGE('',*,*,#3791,.F.);
#3791 = EDGE_CURVE('',#3792,#3784,#3794,.T.);
#3792 = VERTEX_POINT('',#3793);
#3793 = CARTESIAN_POINT('',(25.276917,-12.561034,1.51));
#3794 = LINE('',#3795,#3796);
#3795 = CARTESIAN_POINT('',(25.276917,-12.561034,1.51));
#3796 = VECTOR('',#3797,1.);
#3797 = DIRECTION('',(0.885969090825,-0.463744293876,0.));
#3798 = ORIENTED_EDGE('',*,*,#3799,.F.);
#3799 = EDGE_CURVE('',#3800,#3792,#3802,.T.);
#3800 = VERTEX_POINT('',#3801);
#3801 = CARTESIAN_POINT('',(24.488047,-12.136617,1.51));
#3802 = LINE('',#3803,#3804);
#3803 = CARTESIAN_POINT('',(24.488047,-12.136617,1.51));
#3804 = VECTOR('',#3805,1.);
#3805 = DIRECTION('',(0.880638407349,-0.473788977819,0.));
#3806 = ORIENTED_EDGE('',*,*,#3807,.F.);
#3807 = EDGE_CURVE('',#3808,#3800,#3810,.T.);
#3808 = VERTEX_POINT('',#3809);
#3809 = CARTESIAN_POINT('',(23.684772,-11.692793,1.51));
#3810 = LINE('',#3811,#3812);
#3811 = CARTESIAN_POINT('',(23.684772,-11.692793,1.51));
#3812 = VECTOR('',#3813,1.);
#3813 = DIRECTION('',(0.875283570415,-0.483610040591,0.));
#3814 = ORIENTED_EDGE('',*,*,#3815,.F.);
#3815 = EDGE_CURVE('',#3816,#3808,#3818,.T.);
#3816 = VERTEX_POINT('',#3817);
#3817 = CARTESIAN_POINT('',(22.878274,-11.235538,1.51));
#3818 = LINE('',#3819,#3820);
#3819 = CARTESIAN_POINT('',(22.878274,-11.235538,1.51));
#3820 = VECTOR('',#3821,1.);
#3821 = DIRECTION('',(0.869911372722,-0.493208073342,0.));
#3822 = ORIENTED_EDGE('',*,*,#3823,.F.);
#3823 = EDGE_CURVE('',#3824,#3816,#3826,.T.);
#3824 = VERTEX_POINT('',#3825);
#3825 = CARTESIAN_POINT('',(22.056227,-10.757651,1.51));
#3826 = LINE('',#3827,#3828);
#3827 = CARTESIAN_POINT('',(22.056227,-10.757651,1.51));
#3828 = VECTOR('',#3829,1.);
#3829 = DIRECTION('',(0.864528801822,-0.502583277497,0.));
#3830 = ORIENTED_EDGE('',*,*,#3831,.F.);
#3831 = EDGE_CURVE('',#3832,#3824,#3834,.T.);
#3832 = VERTEX_POINT('',#3833);
#3833 = CARTESIAN_POINT('',(21.23066,-10.265912,1.51));
#3834 = LINE('',#3835,#3836);
#3835 = CARTESIAN_POINT('',(21.23066,-10.265912,1.51));
#3836 = VECTOR('',#3837,1.);
#3837 = DIRECTION('',(0.859141875939,-0.511737468833,0.));
#3838 = ORIENTED_EDGE('',*,*,#3839,.F.);
#3839 = EDGE_CURVE('',#3840,#3832,#3842,.T.);
#3840 = VERTEX_POINT('',#3841);
#3841 = CARTESIAN_POINT('',(20.388317,-9.752201,1.51));
#3842 = LINE('',#3843,#3844);
#3843 = CARTESIAN_POINT('',(20.388317,-9.752201,1.51));
#3844 = VECTOR('',#3845,1.);
#3845 = DIRECTION('',(0.853756879614,-0.520671864529,0.));
#3846 = ORIENTED_EDGE('',*,*,#3847,.F.);
#3847 = EDGE_CURVE('',#3848,#3840,#3850,.T.);
#3848 = VERTEX_POINT('',#3849);
#3849 = CARTESIAN_POINT('',(19.542134,-9.224183,1.51));
#3850 = LINE('',#3851,#3852);
#3851 = CARTESIAN_POINT('',(19.542134,-9.224183,1.51));
#3852 = VECTOR('',#3853,1.);
#3853 = DIRECTION('',(0.848379465113,-0.529388593732,0.));
#3854 = ORIENTED_EDGE('',*,*,#3855,.F.);
#3855 = EDGE_CURVE('',#3856,#3848,#3858,.T.);
#3856 = VERTEX_POINT('',#3857);
#3857 = CARTESIAN_POINT('',(18.677855,-8.672724,1.51));
#3858 = LINE('',#3859,#3860);
#3859 = CARTESIAN_POINT('',(18.677855,-8.672724,1.51));
#3860 = VECTOR('',#3861,1.);
#3861 = DIRECTION('',(0.843014406488,-0.5378909838,0.));
#3862 = ORIENTED_EDGE('',*,*,#3863,.F.);
#3863 = EDGE_CURVE('',#3864,#3856,#3866,.T.);
#3864 = VERTEX_POINT('',#3865);
#3865 = CARTESIAN_POINT('',(17.809389,-8.106466,1.51));
#3866 = LINE('',#3867,#3868);
#3867 = CARTESIAN_POINT('',(17.809389,-8.106466,1.51));
#3868 = VECTOR('',#3869,1.);
#3869 = DIRECTION('',(0.837669231884,-0.546177862931,0.));
#3870 = ORIENTED_EDGE('',*,*,#3871,.F.);
#3871 = EDGE_CURVE('',#3872,#3864,#3874,.T.);
#3872 = VERTEX_POINT('',#3873);
#3873 = CARTESIAN_POINT('',(16.9214,-7.515158,1.51));
#3874 = LINE('',#3875,#3876);
#3875 = CARTESIAN_POINT('',(16.9214,-7.515158,1.51));
#3876 = VECTOR('',#3877,1.);
#3877 = DIRECTION('',(0.832346374715,-0.554255818642,0.));
#3878 = ORIENTED_EDGE('',*,*,#3879,.F.);
#3879 = EDGE_CURVE('',#3880,#3872,#3882,.T.);
#3880 = VERTEX_POINT('',#3881);
#3881 = CARTESIAN_POINT('',(16.028847,-6.908514,1.51));
#3882 = LINE('',#3883,#3884);
#3883 = CARTESIAN_POINT('',(16.028847,-6.908514,1.51));
#3884 = VECTOR('',#3885,1.);
#3885 = DIRECTION('',(0.82705231132,-0.562124963278,0.));
#3886 = ORIENTED_EDGE('',*,*,#3887,.F.);
#3887 = EDGE_CURVE('',#3888,#3880,#3890,.T.);
#3888 = VERTEX_POINT('',#3889);
#3889 = CARTESIAN_POINT('',(15.115219,-6.275052,1.51));
#3890 = LINE('',#3891,#3892);
#3891 = CARTESIAN_POINT('',(15.115219,-6.275052,1.51));
#3892 = VECTOR('',#3893,1.);
#3893 = DIRECTION('',(0.821791949367,-0.569787672696,0.));
#3894 = ORIENTED_EDGE('',*,*,#3895,.F.);
#3895 = EDGE_CURVE('',#3896,#3888,#3898,.T.);
#3896 = VERTEX_POINT('',#3897);
#3897 = CARTESIAN_POINT('',(14.196615,-5.625674,1.51));
#3898 = LINE('',#3899,#3900);
#3899 = CARTESIAN_POINT('',(14.196615,-5.625674,1.51));
#3900 = VECTOR('',#3901,1.);
#3901 = DIRECTION('',(0.816569118173,-0.577247672361,0.));
#3902 = ORIENTED_EDGE('',*,*,#3903,.F.);
#3903 = EDGE_CURVE('',#3904,#3896,#3906,.T.);
#3904 = VERTEX_POINT('',#3905);
#3905 = CARTESIAN_POINT('',(13.25524,-4.947526,1.51));
#3906 = LINE('',#3907,#3908);
#3907 = CARTESIAN_POINT('',(13.25524,-4.947526,1.51));
#3908 = VECTOR('',#3909,1.);
#3909 = DIRECTION('',(0.811387998853,-0.584507925796,0.));
#3910 = ORIENTED_EDGE('',*,*,#3911,.F.);
#3911 = EDGE_CURVE('',#3912,#3904,#3914,.T.);
#3912 = VERTEX_POINT('',#3913);
#3913 = CARTESIAN_POINT('',(12.308441,-4.252831,1.51));
#3914 = LINE('',#3915,#3916);
#3915 = CARTESIAN_POINT('',(12.308441,-4.252831,1.51));
#3916 = VECTOR('',#3917,1.);
#3917 = DIRECTION('',(0.806252387895,-0.591571709105,0.));
#3918 = ORIENTED_EDGE('',*,*,#3919,.F.);
#3919 = EDGE_CURVE('',#3920,#3912,#3922,.T.);
#3920 = VERTEX_POINT('',#3921);
#3921 = CARTESIAN_POINT('',(11.337004,-3.527205,1.51));
#3922 = LINE('',#3923,#3924);
#3923 = CARTESIAN_POINT('',(11.337004,-3.527205,1.51));
#3924 = VECTOR('',#3925,1.);
#3925 = DIRECTION('',(0.801166984226,-0.598440860391,0.));
#3926 = ORIENTED_EDGE('',*,*,#3927,.F.);
#3927 = EDGE_CURVE('',#3928,#3920,#3930,.T.);
#3928 = VERTEX_POINT('',#3929);
#3929 = CARTESIAN_POINT('',(10.35965,-2.784348,1.51));
#3930 = LINE('',#3931,#3932);
#3931 = CARTESIAN_POINT('',(10.35965,-2.784348,1.51));
#3932 = VECTOR('',#3933,1.);
#3933 = DIRECTION('',(0.796135524445,-0.605118357609,0.));
#3934 = ORIENTED_EDGE('',*,*,#3935,.F.);
#3935 = EDGE_CURVE('',#3936,#3928,#3938,.T.);
#3936 = VERTEX_POINT('',#3937);
#3937 = CARTESIAN_POINT('',(9.355594,-2.008157,1.51));
#3938 = LINE('',#3939,#3940);
#3939 = CARTESIAN_POINT('',(9.355594,-2.008157,1.51));
#3940 = VECTOR('',#3941,1.);
#3941 = DIRECTION('',(0.791159348873,-0.611610075694,0.));
#3942 = ORIENTED_EDGE('',*,*,#3943,.F.);
#3943 = EDGE_CURVE('',#3944,#3936,#3946,.T.);
#3944 = VERTEX_POINT('',#3945);
#3945 = CARTESIAN_POINT('',(8.345081,-1.213986,1.51));
#3946 = LINE('',#3947,#3948);
#3947 = CARTESIAN_POINT('',(8.345081,-1.213986,1.51));
#3948 = VECTOR('',#3949,1.);
#3949 = DIRECTION('',(0.786244058683,-0.617916078594,0.));
#3950 = ORIENTED_EDGE('',*,*,#3951,.F.);
#3951 = EDGE_CURVE('',#3952,#3944,#3954,.T.);
#3952 = VERTEX_POINT('',#3953);
#3953 = CARTESIAN_POINT('',(1.169503,-8.523795,1.51));
#3954 = CIRCLE('',#3955,5.200211176412);
#3955 = AXIS2_PLACEMENT_3D('',#3956,#3957,#3958);
#3956 = CARTESIAN_POINT('',(5.400207442145,-5.499999999922,1.51));
#3957 = DIRECTION('',(0.,0.,-1.));
#3958 = DIRECTION('',(-0.813563968582,-0.581475424266,-0.));
#3959 = ORIENTED_EDGE('',*,*,#3960,.F.);
#3960 = EDGE_CURVE('',#3961,#3952,#3963,.T.);
#3961 = VERTEX_POINT('',#3962);
#3962 = CARTESIAN_POINT('',(1.875484,-9.469801,1.51));
#3963 = LINE('',#3964,#3965);
#3964 = CARTESIAN_POINT('',(1.875484,-9.469801,1.51));
#3965 = VECTOR('',#3966,1.);
#3966 = DIRECTION('',(-0.598087880731,0.801430525325,0.));
#3967 = ORIENTED_EDGE('',*,*,#3968,.F.);
#3968 = EDGE_CURVE('',#3969,#3961,#3971,.T.);
#3969 = VERTEX_POINT('',#3970);
#3970 = CARTESIAN_POINT('',(3.279733,-11.39972,1.51));
#3971 = LINE('',#3972,#3973);
#3972 = CARTESIAN_POINT('',(3.279733,-11.39972,1.51));
#3973 = VECTOR('',#3974,1.);
#3974 = DIRECTION('',(-0.588355710871,0.808602224512,0.));
#3975 = ORIENTED_EDGE('',*,*,#3976,.F.);
#3976 = EDGE_CURVE('',#3977,#3969,#3979,.T.);
#3977 = VERTEX_POINT('',#3978);
#3978 = CARTESIAN_POINT('',(4.606628,-13.289333,1.51));
#3979 = LINE('',#3980,#3981);
#3980 = CARTESIAN_POINT('',(4.606628,-13.289333,1.51));
#3981 = VECTOR('',#3982,1.);
#3982 = DIRECTION('',(-0.574672613013,0.818383399058,0.));
#3983 = ORIENTED_EDGE('',*,*,#3984,.F.);
#3984 = EDGE_CURVE('',#3985,#3977,#3987,.T.);
#3985 = VERTEX_POINT('',#3986);
#3986 = CARTESIAN_POINT('',(5.859084,-15.140561,1.51));
#3987 = LINE('',#3988,#3989);
#3988 = CARTESIAN_POINT('',(5.859084,-15.140561,1.51));
#3989 = VECTOR('',#3990,1.);
#3990 = DIRECTION('',(-0.560356852934,0.828251288782,0.));
#3991 = ORIENTED_EDGE('',*,*,#3992,.F.);
#3992 = EDGE_CURVE('',#3993,#3985,#3995,.T.);
#3993 = VERTEX_POINT('',#3994);
#3994 = CARTESIAN_POINT('',(7.039862,-16.955237,1.51));
#3995 = LINE('',#3996,#3997);
#3996 = CARTESIAN_POINT('',(7.039862,-16.955237,1.51));
#3997 = VECTOR('',#3998,1.);
#3998 = DIRECTION('',(-0.545390465694,0.838182104277,0.));
#3999 = ORIENTED_EDGE('',*,*,#4000,.F.);
#4000 = EDGE_CURVE('',#4001,#3993,#4003,.T.);
#4001 = VERTEX_POINT('',#4002);
#4002 = CARTESIAN_POINT('',(8.151572,-18.735111,1.51));
#4003 = LINE('',#4004,#4005);
#4004 = CARTESIAN_POINT('',(8.151572,-18.735111,1.51));
#4005 = VECTOR('',#4006,1.);
#4006 = DIRECTION('',(-0.529755195425,0.848150595661,0.));
#4007 = ORIENTED_EDGE('',*,*,#4008,.F.);
#4008 = EDGE_CURVE('',#4009,#4001,#4011,.T.);
#4009 = VERTEX_POINT('',#4010);
#4010 = CARTESIAN_POINT('',(9.196683,-20.481864,1.51));
#4011 = LINE('',#4012,#4013);
#4012 = CARTESIAN_POINT('',(9.196683,-20.481864,1.51));
#4013 = VECTOR('',#4014,1.);
#4014 = DIRECTION('',(-0.513433058639,0.858129648886,0.));
#4015 = ORIENTED_EDGE('',*,*,#4016,.F.);
#4016 = EDGE_CURVE('',#4017,#4009,#4019,.T.);
#4017 = VERTEX_POINT('',#4018);
#4018 = CARTESIAN_POINT('',(10.177533,-22.197107,1.51));
#4019 = LINE('',#4020,#4021);
#4020 = CARTESIAN_POINT('',(10.177533,-22.197107,1.51));
#4021 = VECTOR('',#4022,1.);
#4022 = DIRECTION('',(-0.496410231568,0.868088061198,0.));
#4023 = ORIENTED_EDGE('',*,*,#4024,.F.);
#4024 = EDGE_CURVE('',#4025,#4017,#4027,.T.);
#4025 = VERTEX_POINT('',#4026);
#4026 = CARTESIAN_POINT('',(11.09633,-23.882392,1.51));
#4027 = LINE('',#4028,#4029);
#4028 = CARTESIAN_POINT('',(11.09633,-23.882392,1.51));
#4029 = VECTOR('',#4030,1.);
#4030 = DIRECTION('',(-0.478671693446,0.877993969167,0.));
#4031 = ORIENTED_EDGE('',*,*,#4032,.F.);
#4032 = EDGE_CURVE('',#4033,#4025,#4035,.T.);
#4033 = VERTEX_POINT('',#4034);
#4034 = CARTESIAN_POINT('',(11.955163,-25.539217,1.51));
#4035 = LINE('',#4036,#4037);
#4036 = CARTESIAN_POINT('',(11.955163,-25.539217,1.51));
#4037 = VECTOR('',#4038,1.);
#4038 = DIRECTION('',(-0.460206750624,0.887811774353,0.));
#4039 = ORIENTED_EDGE('',*,*,#4040,.F.);
#4040 = EDGE_CURVE('',#4041,#4033,#4043,.T.);
#4041 = VERTEX_POINT('',#4042);
#4042 = CARTESIAN_POINT('',(12.756,-27.16903,1.51));
#4043 = LINE('',#4044,#4045);
#4044 = CARTESIAN_POINT('',(12.756,-27.16903,1.51));
#4045 = VECTOR('',#4046,1.);
#4046 = DIRECTION('',(-0.441004627491,0.897504829253,0.));
#4047 = ORIENTED_EDGE('',*,*,#4048,.F.);
#4048 = EDGE_CURVE('',#4049,#4041,#4051,.T.);
#4049 = VERTEX_POINT('',#4050);
#4050 = CARTESIAN_POINT('',(13.5007,-28.773232,1.51));
#4051 = LINE('',#4052,#4053);
#4052 = CARTESIAN_POINT('',(13.5007,-28.773232,1.51));
#4053 = VECTOR('',#4054,1.);
#4054 = DIRECTION('',(-0.421061037096,0.9070323054,0.));
#4055 = ORIENTED_EDGE('',*,*,#4056,.F.);
#4056 = EDGE_CURVE('',#4057,#4049,#4059,.T.);
#4057 = VERTEX_POINT('',#4058);
#4058 = CARTESIAN_POINT('',(14.19101,-30.353186,1.51));
#4059 = LINE('',#4060,#4061);
#4060 = CARTESIAN_POINT('',(14.19101,-30.353186,1.51));
#4061 = VECTOR('',#4062,1.);
#4062 = DIRECTION('',(-0.400370982756,0.916353139443,0.));
#4063 = ORIENTED_EDGE('',*,*,#4064,.F.);
#4064 = EDGE_CURVE('',#4065,#4057,#4067,.T.);
#4065 = VERTEX_POINT('',#4066);
#4066 = CARTESIAN_POINT('',(14.828571,-31.910217,1.51));
#4067 = LINE('',#4068,#4069);
#4068 = CARTESIAN_POINT('',(14.828571,-31.910217,1.51));
#4069 = VECTOR('',#4070,1.);
#4070 = DIRECTION('',(-0.378935140942,0.925423232343,0.));
#4071 = ORIENTED_EDGE('',*,*,#4072,.F.);
#4072 = EDGE_CURVE('',#4073,#4065,#4075,.T.);
#4073 = VERTEX_POINT('',#4074);
#4074 = CARTESIAN_POINT('',(15.41492,-33.445617,1.51));
#4075 = LINE('',#4076,#4077);
#4076 = CARTESIAN_POINT('',(15.41492,-33.445617,1.51));
#4077 = VECTOR('',#4078,1.);
#4078 = DIRECTION('',(-0.356757515562,0.934197021559,0.));
#4079 = ORIENTED_EDGE('',*,*,#4080,.F.);
#4080 = EDGE_CURVE('',#4081,#4073,#4083,.T.);
#4081 = VERTEX_POINT('',#4082);
#4082 = CARTESIAN_POINT('',(15.951493,-34.960649,1.51));
#4083 = LINE('',#4084,#4085);
#4084 = CARTESIAN_POINT('',(15.951493,-34.960649,1.51));
#4085 = VECTOR('',#4086,1.);
#4086 = DIRECTION('',(-0.333846681546,0.942627388325,0.));
#4087 = ORIENTED_EDGE('',*,*,#4088,.F.);
#4088 = EDGE_CURVE('',#4089,#4081,#4091,.T.);
#4089 = VERTEX_POINT('',#4090);
#4090 = CARTESIAN_POINT('',(16.439625,-36.456548,1.51));
#4091 = LINE('',#4092,#4093);
#4092 = CARTESIAN_POINT('',(16.439625,-36.456548,1.51));
#4093 = VECTOR('',#4094,1.);
#4094 = DIRECTION('',(-0.310215239028,0.950666348134,0.));
#4095 = ORIENTED_EDGE('',*,*,#4096,.F.);
#4096 = EDGE_CURVE('',#4097,#4089,#4099,.T.);
#4097 = VERTEX_POINT('',#4098);
#4098 = CARTESIAN_POINT('',(16.880552,-37.934525,1.51));
#4099 = LINE('',#4100,#4101);
#4100 = CARTESIAN_POINT('',(16.880552,-37.934525,1.51));
#4101 = VECTOR('',#4102,1.);
#4102 = DIRECTION('',(-0.285880642729,0.958265233697,0.));
#4103 = ORIENTED_EDGE('',*,*,#4104,.F.);
#4104 = EDGE_CURVE('',#4105,#4097,#4107,.T.);
#4105 = VERTEX_POINT('',#4106);
#4106 = CARTESIAN_POINT('',(17.275414,-39.395769,1.51));
#4107 = LINE('',#4108,#4109);
#4108 = CARTESIAN_POINT('',(17.275414,-39.395769,1.51));
#4109 = VECTOR('',#4110,1.);
#4110 = DIRECTION('',(-0.260866659467,0.965374842213,0.));
#4111 = ORIENTED_EDGE('',*,*,#4112,.F.);
#4112 = EDGE_CURVE('',#4113,#4105,#4115,.T.);
#4113 = VERTEX_POINT('',#4114);
#4114 = CARTESIAN_POINT('',(17.625253,-40.841451,1.51));
#4115 = LINE('',#4116,#4117);
#4116 = CARTESIAN_POINT('',(17.625253,-40.841451,1.51));
#4117 = VECTOR('',#4118,1.);
#4118 = DIRECTION('',(-0.235200364748,0.971946906175,0.));
#4119 = ORIENTED_EDGE('',*,*,#4120,.F.);
#4120 = EDGE_CURVE('',#4121,#4113,#4123,.T.);
#4121 = VERTEX_POINT('',#4122);
#4122 = CARTESIAN_POINT('',(17.931016,-42.272721,1.51));
#4123 = LINE('',#4124,#4125);
#4124 = CARTESIAN_POINT('',(17.931016,-42.272721,1.51));
#4125 = VECTOR('',#4126,1.);
#4126 = DIRECTION('',(-0.208916470886,0.977933488634,0.));
#4127 = ORIENTED_EDGE('',*,*,#4128,.F.);
#4128 = EDGE_CURVE('',#4129,#4121,#4131,.T.);
#4129 = VERTEX_POINT('',#4130);
#4130 = CARTESIAN_POINT('',(18.193554,-43.690717,1.51));
#4131 = LINE('',#4132,#4133);
#4132 = CARTESIAN_POINT('',(18.193554,-43.690717,1.51));
#4133 = VECTOR('',#4134,1.);
#4134 = DIRECTION('',(-0.182053155433,0.983288690364,0.));
#4135 = ORIENTED_EDGE('',*,*,#4136,.F.);
#4136 = EDGE_CURVE('',#4137,#4129,#4139,.T.);
#4137 = VERTEX_POINT('',#4138);
#4138 = CARTESIAN_POINT('',(18.413622,-45.096559,1.51));
#4139 = LINE('',#4140,#4141);
#4140 = CARTESIAN_POINT('',(18.413622,-45.096559,1.51));
#4141 = VECTOR('',#4142,1.);
#4142 = DIRECTION('',(-0.154654837247,0.987968562919,0.));
#4143 = ORIENTED_EDGE('',*,*,#4144,.F.);
#4144 = EDGE_CURVE('',#4145,#4137,#4147,.T.);
#4145 = VERTEX_POINT('',#4146);
#4146 = CARTESIAN_POINT('',(18.591881,-46.491357,1.51));
#4147 = LINE('',#4148,#4149);
#4148 = CARTESIAN_POINT('',(18.591881,-46.491357,1.51));
#4149 = VECTOR('',#4150,1.);
#4150 = DIRECTION('',(-0.126771614435,0.991931932026,0.));
#4151 = ORIENTED_EDGE('',*,*,#4152,.F.);
#4152 = EDGE_CURVE('',#4153,#4145,#4155,.T.);
#4153 = VERTEX_POINT('',#4154);
#4154 = CARTESIAN_POINT('',(18.728896,-47.876208,1.51));
#4155 = LINE('',#4156,#4157);
#4156 = CARTESIAN_POINT('',(18.728896,-47.876208,1.51));
#4157 = VECTOR('',#4158,1.);
#4158 = DIRECTION('',(-9.845772307373E-02,0.995141234583,0.));
#4159 = ORIENTED_EDGE('',*,*,#4160,.F.);
#4160 = EDGE_CURVE('',#4161,#4153,#4163,.T.);
#4161 = VERTEX_POINT('',#4162);
#4162 = CARTESIAN_POINT('',(18.825137,-49.252196,1.51));
#4163 = LINE('',#4164,#4165);
#4164 = CARTESIAN_POINT('',(18.825137,-49.252196,1.51));
#4165 = VECTOR('',#4166,1.);
#4166 = DIRECTION('',(-6.977273950246E-02,0.997562912714,0.));
#4167 = ORIENTED_EDGE('',*,*,#4168,.F.);
#4168 = EDGE_CURVE('',#4169,#4161,#4171,.T.);
#4169 = VERTEX_POINT('',#4170);
#4170 = CARTESIAN_POINT('',(18.880979,-50.620398,1.51));
#4171 = LINE('',#4172,#4173);
#4172 = CARTESIAN_POINT('',(18.880979,-50.620398,1.51));
#4173 = VECTOR('',#4174,1.);
#4174 = DIRECTION('',(-4.078019720216E-02,0.999168141764,0.));
#4175 = ORIENTED_EDGE('',*,*,#4176,.F.);
#4176 = EDGE_CURVE('',#4177,#4169,#4179,.T.);
#4177 = VERTEX_POINT('',#4178);
#4178 = CARTESIAN_POINT('',(18.896701,-51.981881,1.51));
#4179 = LINE('',#4180,#4181);
#4180 = CARTESIAN_POINT('',(18.896701,-51.981881,1.51));
#4181 = VECTOR('',#4182,1.);
#4182 = DIRECTION('',(-1.154693216516E-02,0.999933331956,0.));
#4183 = ORIENTED_EDGE('',*,*,#4184,.F.);
#4184 = EDGE_CURVE('',#4185,#4177,#4187,.T.);
#4185 = VERTEX_POINT('',#4186);
#4186 = CARTESIAN_POINT('',(18.872487,-53.337701,1.51));
#4187 = LINE('',#4188,#4189);
#4188 = CARTESIAN_POINT('',(18.872487,-53.337701,1.51));
#4189 = VECTOR('',#4190,1.);
#4190 = DIRECTION('',(1.785645538418E-02,0.99984056079,0.));
#4191 = ORIENTED_EDGE('',*,*,#4192,.F.);
#4192 = EDGE_CURVE('',#4193,#4185,#4195,.T.);
#4193 = VERTEX_POINT('',#4194);
#4194 = CARTESIAN_POINT('',(18.808424,-54.68891,1.51));
#4195 = LINE('',#4196,#4197);
#4196 = CARTESIAN_POINT('',(18.808424,-54.68891,1.51));
#4197 = VECTOR('',#4198,1.);
#4198 = DIRECTION('',(4.735841664491E-02,0.9988779607,0.));
#4199 = ORIENTED_EDGE('',*,*,#4200,.F.);
#4200 = EDGE_CURVE('',#4201,#4193,#4203,.T.);
#4201 = VERTEX_POINT('',#4202);
#4202 = CARTESIAN_POINT('',(18.761446,-55.363169,1.51));
#4203 = LINE('',#4204,#4205);
#4204 = CARTESIAN_POINT('',(18.761446,-55.363169,1.51));
#4205 = VECTOR('',#4206,1.);
#4206 = DIRECTION('',(6.950502473466E-02,0.997581601443,0.));
#4207 = ORIENTED_EDGE('',*,*,#4208,.F.);
#4208 = EDGE_CURVE('',#4209,#4201,#4211,.T.);
#4209 = VERTEX_POINT('',#4210);
#4210 = CARTESIAN_POINT('',(18.704504,-56.036548,1.51));
#4211 = LINE('',#4212,#4213);
#4212 = CARTESIAN_POINT('',(18.704504,-56.036548,1.51));
#4213 = VECTOR('',#4214,1.);
#4214 = DIRECTION('',(8.426086772581E-02,0.996443729555,0.));
#4215 = ORIENTED_EDGE('',*,*,#4216,.F.);
#4216 = EDGE_CURVE('',#4217,#4209,#4219,.T.);
#4217 = VERTEX_POINT('',#4218);
#4218 = CARTESIAN_POINT('',(18.637552,-56.709513,1.51));
#4219 = LINE('',#4220,#4221);
#4220 = CARTESIAN_POINT('',(18.637552,-56.709513,1.51));
#4221 = VECTOR('',#4222,1.);
#4222 = DIRECTION('',(9.899935087422E-02,0.995087497925,0.));
#4223 = ORIENTED_EDGE('',*,*,#4224,.F.);
#4224 = EDGE_CURVE('',#4225,#4217,#4227,.T.);
#4225 = VERTEX_POINT('',#4226);
#4226 = CARTESIAN_POINT('',(18.560623,-57.381652,1.51));
#4227 = LINE('',#4228,#4229);
#4228 = CARTESIAN_POINT('',(18.560623,-57.381652,1.51));
#4229 = VECTOR('',#4230,1.);
#4230 = DIRECTION('',(0.11371163239,0.993513796914,0.));
#4231 = ORIENTED_EDGE('',*,*,#4232,.F.);
#4232 = EDGE_CURVE('',#4233,#4225,#4235,.T.);
#4233 = VERTEX_POINT('',#4234);
#4234 = CARTESIAN_POINT('',(18.473601,-58.053836,1.51));
#4235 = LINE('',#4236,#4237);
#4236 = CARTESIAN_POINT('',(18.473601,-58.053836,1.51));
#4237 = VECTOR('',#4238,1.);
#4238 = DIRECTION('',(0.128390118401,0.991723740513,0.));
#4239 = ORIENTED_EDGE('',*,*,#4240,.F.);
#4240 = EDGE_CURVE('',#4241,#4233,#4243,.T.);
#4241 = VERTEX_POINT('',#4242);
#4242 = CARTESIAN_POINT('',(18.376577,-58.725249,1.51));
#4243 = LINE('',#4244,#4245);
#4244 = CARTESIAN_POINT('',(18.376577,-58.725249,1.51));
#4245 = VECTOR('',#4246,1.);
#4246 = DIRECTION('',(0.143021585088,0.989719569474,0.));
#4247 = ORIENTED_EDGE('',*,*,#4248,.F.);
#4248 = EDGE_CURVE('',#4249,#4241,#4251,.T.);
#4249 = VERTEX_POINT('',#4250);
#4250 = CARTESIAN_POINT('',(18.269344,-59.397165,1.51));
#4251 = LINE('',#4252,#4253);
#4252 = CARTESIAN_POINT('',(18.269344,-59.397165,1.51));
#4253 = VECTOR('',#4254,1.);
#4254 = DIRECTION('',(0.157598477755,0.987503275847,0.));
#4255 = ORIENTED_EDGE('',*,*,#4256,.F.);
#4256 = EDGE_CURVE('',#4257,#4249,#4259,.T.);
#4257 = VERTEX_POINT('',#4258);
#4258 = CARTESIAN_POINT('',(18.152071,-60.068363,1.51));
#4259 = LINE('',#4260,#4261);
#4260 = CARTESIAN_POINT('',(18.152071,-60.068363,1.51));
#4261 = VECTOR('',#4262,1.);
#4262 = DIRECTION('',(0.172114530467,0.985076945422,0.));
#4263 = ORIENTED_EDGE('',*,*,#4264,.F.);
#4264 = EDGE_CURVE('',#4265,#4257,#4267,.T.);
#4265 = VERTEX_POINT('',#4266);
#4266 = CARTESIAN_POINT('',(18.024433,-60.740519,1.51));
#4267 = LINE('',#4268,#4269);
#4268 = CARTESIAN_POINT('',(18.024433,-60.740519,1.51));
#4269 = VECTOR('',#4270,1.);
#4270 = DIRECTION('',(0.186559582002,0.982443648442,0.));
#4271 = ORIENTED_EDGE('',*,*,#4272,.F.);
#4272 = EDGE_CURVE('',#4273,#4265,#4275,.T.);
#4273 = VERTEX_POINT('',#4274);
#4274 = CARTESIAN_POINT('',(17.886707,-61.412011,1.51));
#4275 = LINE('',#4276,#4277);
#4276 = CARTESIAN_POINT('',(17.886707,-61.412011,1.51));
#4277 = VECTOR('',#4278,1.);
#4278 = DIRECTION('',(0.200921816334,0.979607280353,0.));
#4279 = ORIENTED_EDGE('',*,*,#4280,.F.);
#4280 = EDGE_CURVE('',#4281,#4273,#4283,.T.);
#4281 = VERTEX_POINT('',#4282);
#4282 = CARTESIAN_POINT('',(17.738427,-62.084914,1.51));
#4283 = LINE('',#4284,#4285);
#4284 = CARTESIAN_POINT('',(17.738427,-62.084914,1.51));
#4285 = VECTOR('',#4286,1.);
#4286 = DIRECTION('',(0.215195852519,0.976570911434,0.));
#4287 = ORIENTED_EDGE('',*,*,#4288,.F.);
#4288 = EDGE_CURVE('',#4289,#4281,#4291,.T.);
#4289 = VERTEX_POINT('',#4290);
#4290 = CARTESIAN_POINT('',(17.579995,-62.757206,1.51));
#4291 = LINE('',#4292,#4293);
#4292 = CARTESIAN_POINT('',(17.579995,-62.757206,1.51));
#4293 = VECTOR('',#4294,1.);
#4294 = DIRECTION('',(0.229376308614,0.973337818564,0.));
#4295 = ORIENTED_EDGE('',*,*,#4296,.F.);
#4296 = EDGE_CURVE('',#4297,#4289,#4299,.T.);
#4297 = VERTEX_POINT('',#4298);
#4298 = CARTESIAN_POINT('',(17.410782,-63.431359,1.51));
#4299 = LINE('',#4300,#4301);
#4300 = CARTESIAN_POINT('',(17.410782,-63.431359,1.51));
#4301 = VECTOR('',#4302,1.);
#4302 = DIRECTION('',(0.243449185773,0.96991365283,0.));
#4303 = ORIENTED_EDGE('',*,*,#4304,.F.);
#4304 = EDGE_CURVE('',#4305,#4297,#4307,.T.);
#4305 = VERTEX_POINT('',#4306);
#4306 = CARTESIAN_POINT('',(17.231345,-64.104955,1.51));
#4307 = LINE('',#4308,#4309);
#4308 = CARTESIAN_POINT('',(17.231345,-64.104955,1.51));
#4309 = VECTOR('',#4310,1.);
#4310 = DIRECTION('',(0.257410049134,0.966302264618,0.));
#4311 = ORIENTED_EDGE('',*,*,#4312,.F.);
#4312 = EDGE_CURVE('',#4313,#4305,#4315,.T.);
#4313 = VERTEX_POINT('',#4314);
#4314 = CARTESIAN_POINT('',(17.040862,-64.780861,1.51));
#4315 = LINE('',#4316,#4317);
#4316 = CARTESIAN_POINT('',(17.040862,-64.780861,1.51));
#4317 = VECTOR('',#4318,1.);
#4318 = DIRECTION('',(0.271252858785,0.962508122875,0.));
#4319 = ORIENTED_EDGE('',*,*,#4320,.F.);
#4320 = EDGE_CURVE('',#4321,#4313,#4323,.T.);
#4321 = VERTEX_POINT('',#4322);
#4322 = CARTESIAN_POINT('',(16.840068,-65.456264,1.51));
#4323 = LINE('',#4324,#4325);
#4324 = CARTESIAN_POINT('',(16.840068,-65.456264,1.51));
#4325 = VECTOR('',#4326,1.);
#4326 = DIRECTION('',(0.284968329769,0.958536932532,0.));
#4327 = ORIENTED_EDGE('',*,*,#4328,.F.);
#4328 = EDGE_CURVE('',#4329,#4321,#4331,.T.);
#4329 = VERTEX_POINT('',#4330);
#4330 = CARTESIAN_POINT('',(16.627929,-66.134423,1.51));
#4331 = LINE('',#4332,#4333);
#4332 = CARTESIAN_POINT('',(16.627929,-66.134423,1.51));
#4333 = VECTOR('',#4334,1.);
#4334 = DIRECTION('',(0.298549755861,0.95439407127,0.));
#4335 = ORIENTED_EDGE('',*,*,#4336,.F.);
#4336 = EDGE_CURVE('',#4337,#4329,#4339,.T.);
#4337 = VERTEX_POINT('',#4338);
#4338 = CARTESIAN_POINT('',(16.40538,-66.812136,1.51));
#4339 = LINE('',#4340,#4341);
#4340 = CARTESIAN_POINT('',(16.40538,-66.812136,1.51));
#4341 = VECTOR('',#4342,1.);
#4342 = DIRECTION('',(0.311991163577,0.950085003487,0.));
#4343 = ORIENTED_EDGE('',*,*,#4344,.F.);
#4344 = EDGE_CURVE('',#4345,#4337,#4347,.T.);
#4345 = VERTEX_POINT('',#4346);
#4346 = CARTESIAN_POINT('',(16.171148,-67.49305,1.51));
#4347 = LINE('',#4348,#4349);
#4348 = CARTESIAN_POINT('',(16.171148,-67.49305,1.51));
#4349 = VECTOR('',#4350,1.);
#4350 = DIRECTION('',(0.325288181309,0.945614931725,0.));
#4351 = ORIENTED_EDGE('',*,*,#4352,.F.);
#4352 = EDGE_CURVE('',#4353,#4345,#4355,.T.);
#4353 = VERTEX_POINT('',#4354);
#4354 = CARTESIAN_POINT('',(15.926395,-68.173572,1.51));
#4355 = LINE('',#4356,#4357);
#4356 = CARTESIAN_POINT('',(15.926395,-68.173572,1.51));
#4357 = VECTOR('',#4358,1.);
#4358 = DIRECTION('',(0.338431885776,0.940990891927,0.));
#4359 = ORIENTED_EDGE('',*,*,#4360,.F.);
#4360 = EDGE_CURVE('',#4361,#4353,#4363,.T.);
#4361 = VERTEX_POINT('',#4362);
#4362 = CARTESIAN_POINT('',(15.669585,-68.857741,1.51));
#4363 = LINE('',#4364,#4365);
#4364 = CARTESIAN_POINT('',(15.669585,-68.857741,1.51));
#4365 = VECTOR('',#4366,1.);
#4366 = DIRECTION('',(0.351419298798,0.936218177794,0.));
#4367 = ORIENTED_EDGE('',*,*,#4368,.F.);
#4368 = EDGE_CURVE('',#4369,#4361,#4371,.T.);
#4369 = VERTEX_POINT('',#4370);
#4370 = CARTESIAN_POINT('',(15.40213,-69.541576,1.51));
#4371 = LINE('',#4372,#4373);
#4372 = CARTESIAN_POINT('',(15.40213,-69.541576,1.51));
#4373 = VECTOR('',#4374,1.);
#4374 = DIRECTION('',(0.364242726749,0.931304051323,0.));
#4375 = ORIENTED_EDGE('',*,*,#4376,.F.);
#4376 = EDGE_CURVE('',#4377,#4369,#4379,.T.);
#4377 = VERTEX_POINT('',#4378);
#4378 = CARTESIAN_POINT('',(15.122207,-70.229501,1.51));
#4379 = LINE('',#4380,#4381);
#4380 = CARTESIAN_POINT('',(15.122207,-70.229501,1.51));
#4381 = VECTOR('',#4382,1.);
#4382 = DIRECTION('',(0.37690106441,0.92625352234,0.));
#4383 = ORIENTED_EDGE('',*,*,#4384,.F.);
#4384 = EDGE_CURVE('',#4385,#4377,#4387,.T.);
#4385 = VERTEX_POINT('',#4386);
#4386 = CARTESIAN_POINT('',(14.831501,-70.91715,1.51));
#4387 = LINE('',#4388,#4389);
#4388 = CARTESIAN_POINT('',(14.831501,-70.91715,1.51));
#4389 = VECTOR('',#4390,1.);
#4390 = DIRECTION('',(0.389387281556,0.921074125661,0.));
#4391 = ORIENTED_EDGE('',*,*,#4392,.F.);
#4392 = EDGE_CURVE('',#4393,#4385,#4395,.T.);
#4393 = VERTEX_POINT('',#4394);
#4394 = CARTESIAN_POINT('',(14.527878,-71.609334,1.51));
#4395 = LINE('',#4396,#4397);
#4396 = CARTESIAN_POINT('',(14.527878,-71.609334,1.51));
#4397 = VECTOR('',#4398,1.);
#4398 = DIRECTION('',(0.401698694646,0.915771892296,0.));
#4399 = ORIENTED_EDGE('',*,*,#4400,.F.);
#4400 = EDGE_CURVE('',#4401,#4393,#4403,.T.);
#4401 = VERTEX_POINT('',#4402);
#4402 = CARTESIAN_POINT('',(14.213322,-72.301302,1.51));
#4403 = LINE('',#4404,#4405);
#4404 = CARTESIAN_POINT('',(14.213322,-72.301302,1.51));
#4405 = VECTOR('',#4406,1.);
#4406 = DIRECTION('',(0.413830301414,0.910354041915,0.));
#4407 = ORIENTED_EDGE('',*,*,#4408,.F.);
#4408 = EDGE_CURVE('',#4409,#4401,#4411,.T.);
#4409 = VERTEX_POINT('',#4410);
#4410 = CARTESIAN_POINT('',(13.885362,-72.99825,1.51));
#4411 = LINE('',#4412,#4413);
#4412 = CARTESIAN_POINT('',(13.885362,-72.99825,1.51));
#4413 = VECTOR('',#4414,1.);
#4414 = DIRECTION('',(0.425780530213,0.904826469602,0.));
#4415 = ORIENTED_EDGE('',*,*,#4416,.F.);
#4416 = EDGE_CURVE('',#4417,#4409,#4419,.T.);
#4417 = VERTEX_POINT('',#4418);
#4418 = CARTESIAN_POINT('',(13.546305,-73.695045,1.51));
#4419 = LINE('',#4420,#4421);
#4420 = CARTESIAN_POINT('',(13.546305,-73.695045,1.51));
#4421 = VECTOR('',#4422,1.);
#4422 = DIRECTION('',(0.437544657202,0.899196682019,0.));
#4423 = ORIENTED_EDGE('',*,*,#4424,.F.);
#4424 = EDGE_CURVE('',#4425,#4417,#4427,.T.);
#4425 = VERTEX_POINT('',#4426);
#4426 = CARTESIAN_POINT('',(13.19332,-74.397265,1.51));
#4427 = LINE('',#4428,#4429);
#4428 = CARTESIAN_POINT('',(13.19332,-74.397265,1.51));
#4429 = VECTOR('',#4430,1.);
#4430 = DIRECTION('',(0.449121105116,0.89347089093,0.));
#4431 = ORIENTED_EDGE('',*,*,#4432,.F.);
#4432 = EDGE_CURVE('',#4433,#4425,#4435,.T.);
#4433 = VERTEX_POINT('',#4434);
#4434 = CARTESIAN_POINT('',(12.82906,-75.099398,1.51));
#4435 = LINE('',#4436,#4437);
#4436 = CARTESIAN_POINT('',(12.82906,-75.099398,1.51));
#4437 = VECTOR('',#4438,1.);
#4438 = DIRECTION('',(0.460507493227,0.887655816565,0.));
#4439 = ORIENTED_EDGE('',*,*,#4440,.F.);
#4440 = EDGE_CURVE('',#4441,#4433,#4443,.T.);
#4441 = VERTEX_POINT('',#4442);
#4442 = CARTESIAN_POINT('',(12.450306,-75.807404,1.51));
#4443 = LINE('',#4444,#4445);
#4444 = CARTESIAN_POINT('',(12.450306,-75.807404,1.51));
#4445 = VECTOR('',#4446,1.);
#4446 = DIRECTION('',(0.471703685246,0.88175712831,0.));
#4447 = ORIENTED_EDGE('',*,*,#4448,.F.);
#4448 = EDGE_CURVE('',#4449,#4441,#4451,.T.);
#4449 = VERTEX_POINT('',#4450);
#4450 = CARTESIAN_POINT('',(12.060087,-76.51539,1.51));
#4451 = LINE('',#4452,#4453);
#4452 = CARTESIAN_POINT('',(12.060087,-76.51539,1.51));
#4453 = VECTOR('',#4454,1.);
#4454 = DIRECTION('',(0.482703687822,0.875783734585,0.));
#4455 = ORIENTED_EDGE('',*,*,#4456,.F.);
#4456 = EDGE_CURVE('',#4457,#4449,#4459,.T.);
#4457 = VERTEX_POINT('',#4458);
#4458 = CARTESIAN_POINT('',(11.65477,-77.229702,1.51));
#4459 = LINE('',#4460,#4461);
#4460 = CARTESIAN_POINT('',(11.65477,-77.229702,1.51));
#4461 = VECTOR('',#4462,1.);
#4462 = DIRECTION('',(0.493510362098,0.869739916586,0.));
#4463 = ORIENTED_EDGE('',*,*,#4464,.F.);
#4464 = EDGE_CURVE('',#4465,#4457,#4467,.T.);
#4465 = VERTEX_POINT('',#4466);
#4466 = CARTESIAN_POINT('',(11.237782,-77.944064,1.51));
#4467 = LINE('',#4468,#4469);
#4468 = CARTESIAN_POINT('',(11.237782,-77.944064,1.51));
#4469 = VECTOR('',#4470,1.);
#4470 = DIRECTION('',(0.504120713673,0.863633201102,0.));
#4471 = ORIENTED_EDGE('',*,*,#4472,.F.);
#4472 = EDGE_CURVE('',#4473,#4465,#4475,.T.);
#4473 = VERTEX_POINT('',#4474);
#4474 = CARTESIAN_POINT('',(10.805051,-78.665209,1.51));
#4475 = LINE('',#4476,#4477);
#4476 = CARTESIAN_POINT('',(10.805051,-78.665209,1.51));
#4477 = VECTOR('',#4478,1.);
#4478 = DIRECTION('',(0.514534223833,0.857469843496,0.));
#4479 = ORIENTED_EDGE('',*,*,#4480,.F.);
#4480 = EDGE_CURVE('',#4481,#4473,#4483,.T.);
#4481 = VERTEX_POINT('',#4482);
#4482 = CARTESIAN_POINT('',(10.360428,-79.386478,1.51));
#4483 = LINE('',#4484,#4485);
#4484 = CARTESIAN_POINT('',(10.360428,-79.386478,1.51));
#4485 = VECTOR('',#4486,1.);
#4486 = DIRECTION('',(0.524752271646,0.851254987299,0.));
#4487 = ORIENTED_EDGE('',*,*,#4488,.F.);
#4488 = EDGE_CURVE('',#4489,#4481,#4491,.T.);
#4489 = VERTEX_POINT('',#4490);
#4490 = CARTESIAN_POINT('',(9.899373,-80.114991,1.51));
#4491 = LINE('',#4492,#4493);
#4492 = CARTESIAN_POINT('',(9.899373,-80.114991,1.51));
#4493 = VECTOR('',#4494,1.);
#4494 = DIRECTION('',(0.534773429955,0.844995490292,0.));
#4495 = ORIENTED_EDGE('',*,*,#4496,.F.);
#4496 = EDGE_CURVE('',#4497,#4489,#4499,.T.);
#4497 = VERTEX_POINT('',#4498);
#4498 = CARTESIAN_POINT('',(9.426193,-80.843706,1.51));
#4499 = LINE('',#4500,#4501);
#4500 = CARTESIAN_POINT('',(9.426193,-80.843706,1.51));
#4501 = VECTOR('',#4502,1.);
#4502 = DIRECTION('',(0.544596085471,0.838698458142,0.));
#4503 = ORIENTED_EDGE('',*,*,#4504,.F.);
#4504 = EDGE_CURVE('',#4505,#4497,#4507,.T.);
#4505 = VERTEX_POINT('',#4506);
#4506 = CARTESIAN_POINT('',(8.93585,-81.580135,1.51));
#4507 = LINE('',#4508,#4509);
#4508 = CARTESIAN_POINT('',(8.93585,-81.580135,1.51));
#4509 = VECTOR('',#4510,1.);
#4510 = DIRECTION('',(0.554223041532,0.832368199918,0.));
#4511 = ORIENTED_EDGE('',*,*,#4512,.F.);
#4512 = EDGE_CURVE('',#4513,#4505,#4515,.T.);
#4513 = VERTEX_POINT('',#4514);
#4514 = CARTESIAN_POINT('',(8.433131,-82.316847,1.51));
#4515 = LINE('',#4516,#4517);
#4516 = CARTESIAN_POINT('',(8.433131,-82.316847,1.51));
#4517 = VECTOR('',#4518,1.);
#4518 = DIRECTION('',(0.563654701169,0.826010519212,0.));
#4519 = ORIENTED_EDGE('',*,*,#4520,.F.);
#4520 = EDGE_CURVE('',#4521,#4513,#4523,.T.);
#4521 = VERTEX_POINT('',#4522);
#4522 = CARTESIAN_POINT('',(7.912471,-83.06175,1.51));
#4523 = LINE('',#4524,#4525);
#4524 = CARTESIAN_POINT('',(7.912471,-83.06175,1.51));
#4525 = VECTOR('',#4526,1.);
#4526 = DIRECTION('',(0.572892033516,0.819630842473,0.));
#4527 = ORIENTED_EDGE('',*,*,#4528,.F.);
#4528 = EDGE_CURVE('',#4529,#4521,#4531,.T.);
#4529 = VERTEX_POINT('',#4530);
#4530 = CARTESIAN_POINT('',(7.379169,-83.807023,1.51));
#4531 = LINE('',#4532,#4533);
#4532 = CARTESIAN_POINT('',(7.379169,-83.807023,1.51));
#4533 = VECTOR('',#4534,1.);
#4534 = DIRECTION('',(0.58193461803,0.813235574934,0.));
#4535 = ORIENTED_EDGE('',*,*,#4536,.F.);
#4536 = EDGE_CURVE('',#4537,#4529,#4539,.T.);
#4537 = VERTEX_POINT('',#4538);
#4538 = CARTESIAN_POINT('',(6.827102,-84.560976,1.51));
#4539 = LINE('',#4540,#4541);
#4540 = CARTESIAN_POINT('',(6.827102,-84.560976,1.51));
#4541 = VECTOR('',#4542,1.);
#4542 = DIRECTION('',(0.590784619271,0.806829308858,0.));
#4543 = ORIENTED_EDGE('',*,*,#4544,.F.);
#4544 = EDGE_CURVE('',#4545,#4537,#4547,.T.);
#4545 = VERTEX_POINT('',#4546);
#4546 = CARTESIAN_POINT('',(6.262112,-85.315389,1.51));
#4547 = LINE('',#4548,#4549);
#4548 = CARTESIAN_POINT('',(6.262112,-85.315389,1.51));
#4549 = VECTOR('',#4550,1.);
#4550 = DIRECTION('',(0.599443222093,0.800417280852,0.));
#4551 = ORIENTED_EDGE('',*,*,#4552,.F.);
#4552 = EDGE_CURVE('',#4553,#4545,#4555,.T.);
#4553 = VERTEX_POINT('',#4554);
#4554 = CARTESIAN_POINT('',(5.677482,-86.078983,1.51));
#4555 = LINE('',#4556,#4557);
#4556 = CARTESIAN_POINT('',(5.677482,-86.078983,1.51));
#4557 = VECTOR('',#4558,1.);
#4558 = DIRECTION('',(0.607912694717,0.794003876314,0.));
#4559 = ORIENTED_EDGE('',*,*,#4560,.F.);
#4560 = EDGE_CURVE('',#4561,#4553,#4563,.T.);
#4561 = VERTEX_POINT('',#4562);
#4562 = CARTESIAN_POINT('',(5.079629,-86.843132,1.51));
#4563 = LINE('',#4564,#4565);
#4564 = CARTESIAN_POINT('',(5.079629,-86.843132,1.51));
#4565 = VECTOR('',#4566,1.);
#4566 = DIRECTION('',(0.616195340847,0.787593360764,0.));
#4567 = ORIENTED_EDGE('',*,*,#4568,.F.);
#4568 = EDGE_CURVE('',#4569,#4561,#4571,.T.);
#4569 = VERTEX_POINT('',#4570);
#4570 = CARTESIAN_POINT('',(4.46121,-87.616977,1.51));
#4571 = LINE('',#4572,#4573);
#4572 = CARTESIAN_POINT('',(4.46121,-87.616977,1.51));
#4573 = VECTOR('',#4574,1.);
#4574 = DIRECTION('',(0.624290550449,0.781192235381,0.));
#4575 = ORIENTED_EDGE('',*,*,#4576,.F.);
#4576 = EDGE_CURVE('',#4577,#4569,#4579,.T.);
#4577 = VERTEX_POINT('',#4578);
#4578 = CARTESIAN_POINT('',(3.829252,-88.391479,1.51));
#4579 = LINE('',#4580,#4581);
#4580 = CARTESIAN_POINT('',(3.829252,-88.391479,1.51));
#4581 = VECTOR('',#4582,1.);
#4582 = DIRECTION('',(0.632203259693,0.774802580296,0.));
#4583 = ORIENTED_EDGE('',*,*,#4584,.F.);
#4584 = EDGE_CURVE('',#4585,#4577,#4587,.T.);
#4585 = VERTEX_POINT('',#4586);
#4586 = CARTESIAN_POINT('',(3.175744,-89.176208,1.51));
#4587 = LINE('',#4588,#4589);
#4588 = CARTESIAN_POINT('',(3.175744,-89.176208,1.51));
#4589 = VECTOR('',#4590,1.);
#4590 = DIRECTION('',(0.639934228809,0.768429686307,0.));
#4591 = ORIENTED_EDGE('',*,*,#4592,.F.);
#4592 = EDGE_CURVE('',#4593,#4585,#4595,.T.);
#4593 = VERTEX_POINT('',#4594);
#4594 = CARTESIAN_POINT('',(2.508364,-89.961703,1.51));
#4595 = LINE('',#4596,#4597);
#4596 = CARTESIAN_POINT('',(2.508364,-89.961703,1.51));
#4597 = VECTOR('',#4598,1.);
#4598 = DIRECTION('',(0.647484641763,0.762078499028,0.));
#4599 = ORIENTED_EDGE('',*,*,#4600,.F.);
#4600 = EDGE_CURVE('',#4601,#4593,#4603,.T.);
#4601 = VERTEX_POINT('',#4602);
#4602 = CARTESIAN_POINT('',(1.818393,-90.757974,1.51));
#4603 = LINE('',#4604,#4605);
#4604 = CARTESIAN_POINT('',(1.818393,-90.757974,1.51));
#4605 = VECTOR('',#4606,1.);
#4606 = DIRECTION('',(0.654859785749,0.75575039597,0.));
#4607 = ORIENTED_EDGE('',*,*,#4608,.F.);
#4608 = EDGE_CURVE('',#4609,#4601,#4611,.T.);
#4609 = VERTEX_POINT('',#4610);
#4610 = CARTESIAN_POINT('',(1.114195,-91.555125,1.51));
#4611 = LINE('',#4612,#4613);
#4612 = CARTESIAN_POINT('',(1.114195,-91.555125,1.51));
#4613 = VECTOR('',#4614,1.);
#4614 = DIRECTION('',(0.662059992344,0.74945084331,0.));
#4615 = ORIENTED_EDGE('',*,*,#4616,.F.);
#4616 = EDGE_CURVE('',#4617,#4609,#4619,.T.);
#4617 = VERTEX_POINT('',#4618);
#4618 = CARTESIAN_POINT('',(8.424002,-98.730703,1.51));
#4619 = CIRCLE('',#4620,5.200210176757);
#4620 = AXIS2_PLACEMENT_3D('',#4621,#4622,#4623);
#4621 = CARTESIAN_POINT('',(5.400206887662,-94.49999986682,1.51));
#4622 = DIRECTION('',(0.,0.,-1.));
#4623 = DIRECTION('',(0.581475557633,-0.813563873261,0.));
#4624 = ORIENTED_EDGE('',*,*,#4625,.F.);
#4625 = EDGE_CURVE('',#4626,#4617,#4628,.T.);
#4626 = VERTEX_POINT('',#4627);
#4627 = CARTESIAN_POINT('',(9.370008,-98.024722,1.51));
#4628 = LINE('',#4629,#4630);
#4629 = CARTESIAN_POINT('',(9.370008,-98.024722,1.51));
#4630 = VECTOR('',#4631,1.);
#4631 = DIRECTION('',(-0.801430525325,-0.598087880731,0.));
#4632 = ORIENTED_EDGE('',*,*,#4633,.F.);
#4633 = EDGE_CURVE('',#4634,#4626,#4636,.T.);
#4634 = VERTEX_POINT('',#4635);
#4635 = CARTESIAN_POINT('',(11.299927,-96.620473,1.51));
#4636 = LINE('',#4637,#4638);
#4637 = CARTESIAN_POINT('',(11.299927,-96.620473,1.51));
#4638 = VECTOR('',#4639,1.);
#4639 = DIRECTION('',(-0.808602224512,-0.588355710871,0.));
#4640 = ORIENTED_EDGE('',*,*,#4641,.F.);
#4641 = EDGE_CURVE('',#4642,#4634,#4644,.T.);
#4642 = VERTEX_POINT('',#4643);
#4643 = CARTESIAN_POINT('',(13.18954,-95.293578,1.51));
#4644 = LINE('',#4645,#4646);
#4645 = CARTESIAN_POINT('',(13.18954,-95.293578,1.51));
#4646 = VECTOR('',#4647,1.);
#4647 = DIRECTION('',(-0.818383399058,-0.574672613013,0.));
#4648 = ORIENTED_EDGE('',*,*,#4649,.F.);
#4649 = EDGE_CURVE('',#4650,#4642,#4652,.T.);
#4650 = VERTEX_POINT('',#4651);
#4651 = CARTESIAN_POINT('',(15.040768,-94.041122,1.51));
#4652 = LINE('',#4653,#4654);
#4653 = CARTESIAN_POINT('',(15.040768,-94.041122,1.51));
#4654 = VECTOR('',#4655,1.);
#4655 = DIRECTION('',(-0.828251288782,-0.560356852934,0.));
#4656 = ORIENTED_EDGE('',*,*,#4657,.F.);
#4657 = EDGE_CURVE('',#4658,#4650,#4660,.T.);
#4658 = VERTEX_POINT('',#4659);
#4659 = CARTESIAN_POINT('',(16.855444,-92.860344,1.51));
#4660 = LINE('',#4661,#4662);
#4661 = CARTESIAN_POINT('',(16.855444,-92.860344,1.51));
#4662 = VECTOR('',#4663,1.);
#4663 = DIRECTION('',(-0.838182104277,-0.545390465694,0.));
#4664 = ORIENTED_EDGE('',*,*,#4665,.F.);
#4665 = EDGE_CURVE('',#4666,#4658,#4668,.T.);
#4666 = VERTEX_POINT('',#4667);
#4667 = CARTESIAN_POINT('',(18.635318,-91.748634,1.51));
#4668 = LINE('',#4669,#4670);
#4669 = CARTESIAN_POINT('',(18.635318,-91.748634,1.51));
#4670 = VECTOR('',#4671,1.);
#4671 = DIRECTION('',(-0.848150595661,-0.529755195425,0.));
#4672 = ORIENTED_EDGE('',*,*,#4673,.F.);
#4673 = EDGE_CURVE('',#4674,#4666,#4676,.T.);
#4674 = VERTEX_POINT('',#4675);
#4675 = CARTESIAN_POINT('',(20.382071,-90.703523,1.51));
#4676 = LINE('',#4677,#4678);
#4677 = CARTESIAN_POINT('',(20.382071,-90.703523,1.51));
#4678 = VECTOR('',#4679,1.);
#4679 = DIRECTION('',(-0.858129648886,-0.513433058639,0.));
#4680 = ORIENTED_EDGE('',*,*,#4681,.F.);
#4681 = EDGE_CURVE('',#4682,#4674,#4684,.T.);
#4682 = VERTEX_POINT('',#4683);
#4683 = CARTESIAN_POINT('',(22.097314,-89.722673,1.51));
#4684 = LINE('',#4685,#4686);
#4685 = CARTESIAN_POINT('',(22.097314,-89.722673,1.51));
#4686 = VECTOR('',#4687,1.);
#4687 = DIRECTION('',(-0.868088061198,-0.496410231568,0.));
#4688 = ORIENTED_EDGE('',*,*,#4689,.F.);
#4689 = EDGE_CURVE('',#4690,#4682,#4692,.T.);
#4690 = VERTEX_POINT('',#4691);
#4691 = CARTESIAN_POINT('',(23.782599,-88.803876,1.51));
#4692 = LINE('',#4693,#4694);
#4693 = CARTESIAN_POINT('',(23.782599,-88.803876,1.51));
#4694 = VECTOR('',#4695,1.);
#4695 = DIRECTION('',(-0.877993969167,-0.478671693446,0.));
#4696 = ORIENTED_EDGE('',*,*,#4697,.F.);
#4697 = EDGE_CURVE('',#4698,#4690,#4700,.T.);
#4698 = VERTEX_POINT('',#4699);
#4699 = CARTESIAN_POINT('',(25.439424,-87.945043,1.51));
#4700 = LINE('',#4701,#4702);
#4701 = CARTESIAN_POINT('',(25.439424,-87.945043,1.51));
#4702 = VECTOR('',#4703,1.);
#4703 = DIRECTION('',(-0.887811774353,-0.460206750624,0.));
#4704 = ORIENTED_EDGE('',*,*,#4705,.F.);
#4705 = EDGE_CURVE('',#4706,#4698,#4708,.T.);
#4706 = VERTEX_POINT('',#4707);
#4707 = CARTESIAN_POINT('',(27.069237,-87.144206,1.51));
#4708 = LINE('',#4709,#4710);
#4709 = CARTESIAN_POINT('',(27.069237,-87.144206,1.51));
#4710 = VECTOR('',#4711,1.);
#4711 = DIRECTION('',(-0.897504829253,-0.441004627491,0.));
#4712 = ORIENTED_EDGE('',*,*,#4713,.F.);
#4713 = EDGE_CURVE('',#4714,#4706,#4716,.T.);
#4714 = VERTEX_POINT('',#4715);
#4715 = CARTESIAN_POINT('',(28.673439,-86.399506,1.51));
#4716 = LINE('',#4717,#4718);
#4717 = CARTESIAN_POINT('',(28.673439,-86.399506,1.51));
#4718 = VECTOR('',#4719,1.);
#4719 = DIRECTION('',(-0.9070323054,-0.421061037096,0.));
#4720 = ORIENTED_EDGE('',*,*,#4721,.F.);
#4721 = EDGE_CURVE('',#4722,#4714,#4724,.T.);
#4722 = VERTEX_POINT('',#4723);
#4723 = CARTESIAN_POINT('',(30.253393,-85.709196,1.51));
#4724 = LINE('',#4725,#4726);
#4725 = CARTESIAN_POINT('',(30.253393,-85.709196,1.51));
#4726 = VECTOR('',#4727,1.);
#4727 = DIRECTION('',(-0.916353139443,-0.400370982756,0.));
#4728 = ORIENTED_EDGE('',*,*,#4729,.F.);
#4729 = EDGE_CURVE('',#4730,#4722,#4732,.T.);
#4730 = VERTEX_POINT('',#4731);
#4731 = CARTESIAN_POINT('',(31.810424,-85.071635,1.51));
#4732 = LINE('',#4733,#4734);
#4733 = CARTESIAN_POINT('',(31.810424,-85.071635,1.51));
#4734 = VECTOR('',#4735,1.);
#4735 = DIRECTION('',(-0.925423232343,-0.378935140942,0.));
#4736 = ORIENTED_EDGE('',*,*,#4737,.F.);
#4737 = EDGE_CURVE('',#4738,#4730,#4740,.T.);
#4738 = VERTEX_POINT('',#4739);
#4739 = CARTESIAN_POINT('',(33.345824,-84.485286,1.51));
#4740 = LINE('',#4741,#4742);
#4741 = CARTESIAN_POINT('',(33.345824,-84.485286,1.51));
#4742 = VECTOR('',#4743,1.);
#4743 = DIRECTION('',(-0.934197021559,-0.356757515562,0.));
#4744 = ORIENTED_EDGE('',*,*,#4745,.F.);
#4745 = EDGE_CURVE('',#4746,#4738,#4748,.T.);
#4746 = VERTEX_POINT('',#4747);
#4747 = CARTESIAN_POINT('',(34.860856,-83.948713,1.51));
#4748 = LINE('',#4749,#4750);
#4749 = CARTESIAN_POINT('',(34.860856,-83.948713,1.51));
#4750 = VECTOR('',#4751,1.);
#4751 = DIRECTION('',(-0.942627388325,-0.333846681546,0.));
#4752 = ORIENTED_EDGE('',*,*,#4753,.F.);
#4753 = EDGE_CURVE('',#4754,#4746,#4756,.T.);
#4754 = VERTEX_POINT('',#4755);
#4755 = CARTESIAN_POINT('',(36.356755,-83.460581,1.51));
#4756 = LINE('',#4757,#4758);
#4757 = CARTESIAN_POINT('',(36.356755,-83.460581,1.51));
#4758 = VECTOR('',#4759,1.);
#4759 = DIRECTION('',(-0.950666348134,-0.310215239028,0.));
#4760 = ORIENTED_EDGE('',*,*,#4761,.F.);
#4761 = EDGE_CURVE('',#4762,#4754,#4764,.T.);
#4762 = VERTEX_POINT('',#4763);
#4763 = CARTESIAN_POINT('',(37.834732,-83.019654,1.51));
#4764 = LINE('',#4765,#4766);
#4765 = CARTESIAN_POINT('',(37.834732,-83.019654,1.51));
#4766 = VECTOR('',#4767,1.);
#4767 = DIRECTION('',(-0.958265233697,-0.285880642729,0.));
#4768 = ORIENTED_EDGE('',*,*,#4769,.F.);
#4769 = EDGE_CURVE('',#4770,#4762,#4772,.T.);
#4770 = VERTEX_POINT('',#4771);
#4771 = CARTESIAN_POINT('',(39.295976,-82.624792,1.51));
#4772 = LINE('',#4773,#4774);
#4773 = CARTESIAN_POINT('',(39.295976,-82.624792,1.51));
#4774 = VECTOR('',#4775,1.);
#4775 = DIRECTION('',(-0.965374842213,-0.260866659467,0.));
#4776 = ORIENTED_EDGE('',*,*,#4777,.F.);
#4777 = EDGE_CURVE('',#4778,#4770,#4780,.T.);
#4778 = VERTEX_POINT('',#4779);
#4779 = CARTESIAN_POINT('',(40.741658,-82.274953,1.51));
#4780 = LINE('',#4781,#4782);
#4781 = CARTESIAN_POINT('',(40.741658,-82.274953,1.51));
#4782 = VECTOR('',#4783,1.);
#4783 = DIRECTION('',(-0.971946906175,-0.235200364748,0.));
#4784 = ORIENTED_EDGE('',*,*,#4785,.F.);
#4785 = EDGE_CURVE('',#4786,#4778,#4788,.T.);
#4786 = VERTEX_POINT('',#4787);
#4787 = CARTESIAN_POINT('',(42.172928,-81.96919,1.51));
#4788 = LINE('',#4789,#4790);
#4789 = CARTESIAN_POINT('',(42.172928,-81.96919,1.51));
#4790 = VECTOR('',#4791,1.);
#4791 = DIRECTION('',(-0.977933488634,-0.208916470886,0.));
#4792 = ORIENTED_EDGE('',*,*,#4793,.F.);
#4793 = EDGE_CURVE('',#4794,#4786,#4796,.T.);
#4794 = VERTEX_POINT('',#4795);
#4795 = CARTESIAN_POINT('',(43.590924,-81.706652,1.51));
#4796 = LINE('',#4797,#4798);
#4797 = CARTESIAN_POINT('',(43.590924,-81.706652,1.51));
#4798 = VECTOR('',#4799,1.);
#4799 = DIRECTION('',(-0.983288690364,-0.182053155433,0.));
#4800 = ORIENTED_EDGE('',*,*,#4801,.F.);
#4801 = EDGE_CURVE('',#4802,#4794,#4804,.T.);
#4802 = VERTEX_POINT('',#4803);
#4803 = CARTESIAN_POINT('',(44.996766,-81.486584,1.51));
#4804 = LINE('',#4805,#4806);
#4805 = CARTESIAN_POINT('',(44.996766,-81.486584,1.51));
#4806 = VECTOR('',#4807,1.);
#4807 = DIRECTION('',(-0.987968562919,-0.154654837247,0.));
#4808 = ORIENTED_EDGE('',*,*,#4809,.F.);
#4809 = EDGE_CURVE('',#4810,#4802,#4812,.T.);
#4810 = VERTEX_POINT('',#4811);
#4811 = CARTESIAN_POINT('',(46.391564,-81.308325,1.51));
#4812 = LINE('',#4813,#4814);
#4813 = CARTESIAN_POINT('',(46.391564,-81.308325,1.51));
#4814 = VECTOR('',#4815,1.);
#4815 = DIRECTION('',(-0.991931932026,-0.126771614435,0.));
#4816 = ORIENTED_EDGE('',*,*,#4817,.F.);
#4817 = EDGE_CURVE('',#4818,#4810,#4820,.T.);
#4818 = VERTEX_POINT('',#4819);
#4819 = CARTESIAN_POINT('',(47.776415,-81.17131,1.51));
#4820 = LINE('',#4821,#4822);
#4821 = CARTESIAN_POINT('',(47.776415,-81.17131,1.51));
#4822 = VECTOR('',#4823,1.);
#4823 = DIRECTION('',(-0.995141234583,-9.845772307372E-02,0.));
#4824 = ORIENTED_EDGE('',*,*,#4825,.F.);
#4825 = EDGE_CURVE('',#4826,#4818,#4828,.T.);
#4826 = VERTEX_POINT('',#4827);
#4827 = CARTESIAN_POINT('',(49.152403,-81.075069,1.51));
#4828 = LINE('',#4829,#4830);
#4829 = CARTESIAN_POINT('',(49.152403,-81.075069,1.51));
#4830 = VECTOR('',#4831,1.);
#4831 = DIRECTION('',(-0.997562912714,-6.977273950246E-02,0.));
#4832 = ORIENTED_EDGE('',*,*,#4833,.F.);
#4833 = EDGE_CURVE('',#4834,#4826,#4836,.T.);
#4834 = VERTEX_POINT('',#4835);
#4835 = CARTESIAN_POINT('',(50.520605,-81.019227,1.51));
#4836 = LINE('',#4837,#4838);
#4837 = CARTESIAN_POINT('',(50.520605,-81.019227,1.51));
#4838 = VECTOR('',#4839,1.);
#4839 = DIRECTION('',(-0.999168141764,-4.078019720216E-02,0.));
#4840 = ORIENTED_EDGE('',*,*,#4841,.F.);
#4841 = EDGE_CURVE('',#4842,#4834,#4844,.T.);
#4842 = VERTEX_POINT('',#4843);
#4843 = CARTESIAN_POINT('',(51.882088,-81.003505,1.51));
#4844 = LINE('',#4845,#4846);
#4845 = CARTESIAN_POINT('',(51.882088,-81.003505,1.51));
#4846 = VECTOR('',#4847,1.);
#4847 = DIRECTION('',(-0.999933331956,-1.154693216516E-02,0.));
#4848 = ORIENTED_EDGE('',*,*,#4849,.F.);
#4849 = EDGE_CURVE('',#4850,#4842,#4852,.T.);
#4850 = VERTEX_POINT('',#4851);
#4851 = CARTESIAN_POINT('',(53.237908,-81.027719,1.51));
#4852 = LINE('',#4853,#4854);
#4853 = CARTESIAN_POINT('',(53.237908,-81.027719,1.51));
#4854 = VECTOR('',#4855,1.);
#4855 = DIRECTION('',(-0.99984056079,1.785645538418E-02,0.));
#4856 = ORIENTED_EDGE('',*,*,#4857,.F.);
#4857 = EDGE_CURVE('',#4858,#4850,#4860,.T.);
#4858 = VERTEX_POINT('',#4859);
#4859 = CARTESIAN_POINT('',(54.589117,-81.091782,1.51));
#4860 = LINE('',#4861,#4862);
#4861 = CARTESIAN_POINT('',(54.589117,-81.091782,1.51));
#4862 = VECTOR('',#4863,1.);
#4863 = DIRECTION('',(-0.9988779607,4.73584166449E-02,0.));
#4864 = ORIENTED_EDGE('',*,*,#4865,.F.);
#4865 = EDGE_CURVE('',#4866,#4858,#4868,.T.);
#4866 = VERTEX_POINT('',#4867);
#4867 = CARTESIAN_POINT('',(55.263376,-81.13876,1.51));
#4868 = LINE('',#4869,#4870);
#4869 = CARTESIAN_POINT('',(55.263376,-81.13876,1.51));
#4870 = VECTOR('',#4871,1.);
#4871 = DIRECTION('',(-0.997581601443,6.950502473467E-02,0.));
#4872 = ORIENTED_EDGE('',*,*,#4873,.F.);
#4873 = EDGE_CURVE('',#4874,#4866,#4876,.T.);
#4874 = VERTEX_POINT('',#4875);
#4875 = CARTESIAN_POINT('',(55.936755,-81.195702,1.51));
#4876 = LINE('',#4877,#4878);
#4877 = CARTESIAN_POINT('',(55.936755,-81.195702,1.51));
#4878 = VECTOR('',#4879,1.);
#4879 = DIRECTION('',(-0.996443729555,8.42608677258E-02,0.));
#4880 = ORIENTED_EDGE('',*,*,#4881,.F.);
#4881 = EDGE_CURVE('',#4882,#4874,#4884,.T.);
#4882 = VERTEX_POINT('',#4883);
#4883 = CARTESIAN_POINT('',(56.60972,-81.262654,1.51));
#4884 = LINE('',#4885,#4886);
#4885 = CARTESIAN_POINT('',(56.60972,-81.262654,1.51));
#4886 = VECTOR('',#4887,1.);
#4887 = DIRECTION('',(-0.995087497925,9.899935087422E-02,0.));
#4888 = ORIENTED_EDGE('',*,*,#4889,.F.);
#4889 = EDGE_CURVE('',#4890,#4882,#4892,.T.);
#4890 = VERTEX_POINT('',#4891);
#4891 = CARTESIAN_POINT('',(57.281859,-81.339583,1.51));
#4892 = LINE('',#4893,#4894);
#4893 = CARTESIAN_POINT('',(57.281859,-81.339583,1.51));
#4894 = VECTOR('',#4895,1.);
#4895 = DIRECTION('',(-0.993513796914,0.11371163239,0.));
#4896 = ORIENTED_EDGE('',*,*,#4897,.F.);
#4897 = EDGE_CURVE('',#4898,#4890,#4900,.T.);
#4898 = VERTEX_POINT('',#4899);
#4899 = CARTESIAN_POINT('',(57.954043,-81.426605,1.51));
#4900 = LINE('',#4901,#4902);
#4901 = CARTESIAN_POINT('',(57.954043,-81.426605,1.51));
#4902 = VECTOR('',#4903,1.);
#4903 = DIRECTION('',(-0.991723740513,0.1283901184,0.));
#4904 = ORIENTED_EDGE('',*,*,#4905,.F.);
#4905 = EDGE_CURVE('',#4906,#4898,#4908,.T.);
#4906 = VERTEX_POINT('',#4907);
#4907 = CARTESIAN_POINT('',(58.625456,-81.523629,1.51));
#4908 = LINE('',#4909,#4910);
#4909 = CARTESIAN_POINT('',(58.625456,-81.523629,1.51));
#4910 = VECTOR('',#4911,1.);
#4911 = DIRECTION('',(-0.989719569474,0.143021585088,0.));
#4912 = ORIENTED_EDGE('',*,*,#4913,.F.);
#4913 = EDGE_CURVE('',#4914,#4906,#4916,.T.);
#4914 = VERTEX_POINT('',#4915);
#4915 = CARTESIAN_POINT('',(59.297372,-81.630862,1.51));
#4916 = LINE('',#4917,#4918);
#4917 = CARTESIAN_POINT('',(59.297372,-81.630862,1.51));
#4918 = VECTOR('',#4919,1.);
#4919 = DIRECTION('',(-0.987503275847,0.157598477755,0.));
#4920 = ORIENTED_EDGE('',*,*,#4921,.F.);
#4921 = EDGE_CURVE('',#4922,#4914,#4924,.T.);
#4922 = VERTEX_POINT('',#4923);
#4923 = CARTESIAN_POINT('',(59.96857,-81.748135,1.51));
#4924 = LINE('',#4925,#4926);
#4925 = CARTESIAN_POINT('',(59.96857,-81.748135,1.51));
#4926 = VECTOR('',#4927,1.);
#4927 = DIRECTION('',(-0.985076945422,0.172114530467,0.));
#4928 = ORIENTED_EDGE('',*,*,#4929,.F.);
#4929 = EDGE_CURVE('',#4930,#4922,#4932,.T.);
#4930 = VERTEX_POINT('',#4931);
#4931 = CARTESIAN_POINT('',(60.640726,-81.875773,1.51));
#4932 = LINE('',#4933,#4934);
#4933 = CARTESIAN_POINT('',(60.640726,-81.875773,1.51));
#4934 = VECTOR('',#4935,1.);
#4935 = DIRECTION('',(-0.982443648442,0.186559582001,0.));
#4936 = ORIENTED_EDGE('',*,*,#4937,.F.);
#4937 = EDGE_CURVE('',#4938,#4930,#4940,.T.);
#4938 = VERTEX_POINT('',#4939);
#4939 = CARTESIAN_POINT('',(61.312218,-82.013499,1.51));
#4940 = LINE('',#4941,#4942);
#4941 = CARTESIAN_POINT('',(61.312218,-82.013499,1.51));
#4942 = VECTOR('',#4943,1.);
#4943 = DIRECTION('',(-0.979607280353,0.200921816334,0.));
#4944 = ORIENTED_EDGE('',*,*,#4945,.F.);
#4945 = EDGE_CURVE('',#4946,#4938,#4948,.T.);
#4946 = VERTEX_POINT('',#4947);
#4947 = CARTESIAN_POINT('',(61.985121,-82.161779,1.51));
#4948 = LINE('',#4949,#4950);
#4949 = CARTESIAN_POINT('',(61.985121,-82.161779,1.51));
#4950 = VECTOR('',#4951,1.);
#4951 = DIRECTION('',(-0.976570911434,0.215195852519,0.));
#4952 = ORIENTED_EDGE('',*,*,#4953,.F.);
#4953 = EDGE_CURVE('',#4954,#4946,#4956,.T.);
#4954 = VERTEX_POINT('',#4955);
#4955 = CARTESIAN_POINT('',(62.657413,-82.320211,1.51));
#4956 = LINE('',#4957,#4958);
#4957 = CARTESIAN_POINT('',(62.657413,-82.320211,1.51));
#4958 = VECTOR('',#4959,1.);
#4959 = DIRECTION('',(-0.973337818564,0.229376308614,0.));
#4960 = ORIENTED_EDGE('',*,*,#4961,.F.);
#4961 = EDGE_CURVE('',#4962,#4954,#4964,.T.);
#4962 = VERTEX_POINT('',#4963);
#4963 = CARTESIAN_POINT('',(63.331566,-82.489424,1.51));
#4964 = LINE('',#4965,#4966);
#4965 = CARTESIAN_POINT('',(63.331566,-82.489424,1.51));
#4966 = VECTOR('',#4967,1.);
#4967 = DIRECTION('',(-0.96991365283,0.243449185773,0.));
#4968 = ORIENTED_EDGE('',*,*,#4969,.F.);
#4969 = EDGE_CURVE('',#4970,#4962,#4972,.T.);
#4970 = VERTEX_POINT('',#4971);
#4971 = CARTESIAN_POINT('',(64.005162,-82.668861,1.51));
#4972 = LINE('',#4973,#4974);
#4973 = CARTESIAN_POINT('',(64.005162,-82.668861,1.51));
#4974 = VECTOR('',#4975,1.);
#4975 = DIRECTION('',(-0.966302264618,0.257410049134,0.));
#4976 = ORIENTED_EDGE('',*,*,#4977,.F.);
#4977 = EDGE_CURVE('',#4978,#4970,#4980,.T.);
#4978 = VERTEX_POINT('',#4979);
#4979 = CARTESIAN_POINT('',(64.681068,-82.859344,1.51));
#4980 = LINE('',#4981,#4982);
#4981 = CARTESIAN_POINT('',(64.681068,-82.859344,1.51));
#4982 = VECTOR('',#4983,1.);
#4983 = DIRECTION('',(-0.962508122875,0.271252858785,0.));
#4984 = ORIENTED_EDGE('',*,*,#4985,.F.);
#4985 = EDGE_CURVE('',#4986,#4978,#4988,.T.);
#4986 = VERTEX_POINT('',#4987);
#4987 = CARTESIAN_POINT('',(65.356471,-83.060138,1.51));
#4988 = LINE('',#4989,#4990);
#4989 = CARTESIAN_POINT('',(65.356471,-83.060138,1.51));
#4990 = VECTOR('',#4991,1.);
#4991 = DIRECTION('',(-0.958536932532,0.284968329769,0.));
#4992 = ORIENTED_EDGE('',*,*,#4993,.F.);
#4993 = EDGE_CURVE('',#4994,#4986,#4996,.T.);
#4994 = VERTEX_POINT('',#4995);
#4995 = CARTESIAN_POINT('',(66.03463,-83.272277,1.51));
#4996 = LINE('',#4997,#4998);
#4997 = CARTESIAN_POINT('',(66.03463,-83.272277,1.51));
#4998 = VECTOR('',#4999,1.);
#4999 = DIRECTION('',(-0.95439407127,0.298549755861,0.));
#5000 = ORIENTED_EDGE('',*,*,#5001,.F.);
#5001 = EDGE_CURVE('',#5002,#4994,#5004,.T.);
#5002 = VERTEX_POINT('',#5003);
#5003 = CARTESIAN_POINT('',(66.712343,-83.494826,1.51));
#5004 = LINE('',#5005,#5006);
#5005 = CARTESIAN_POINT('',(66.712343,-83.494826,1.51));
#5006 = VECTOR('',#5007,1.);
#5007 = DIRECTION('',(-0.950085003487,0.311991163577,0.));
#5008 = ORIENTED_EDGE('',*,*,#5009,.F.);
#5009 = EDGE_CURVE('',#5010,#5002,#5012,.T.);
#5010 = VERTEX_POINT('',#5011);
#5011 = CARTESIAN_POINT('',(67.393257,-83.729058,1.51));
#5012 = LINE('',#5013,#5014);
#5013 = CARTESIAN_POINT('',(67.393257,-83.729058,1.51));
#5014 = VECTOR('',#5015,1.);
#5015 = DIRECTION('',(-0.945614931725,0.325288181309,0.));
#5016 = ORIENTED_EDGE('',*,*,#5017,.F.);
#5017 = EDGE_CURVE('',#5018,#5010,#5020,.T.);
#5018 = VERTEX_POINT('',#5019);
#5019 = CARTESIAN_POINT('',(68.073779,-83.973811,1.51));
#5020 = LINE('',#5021,#5022);
#5021 = CARTESIAN_POINT('',(68.073779,-83.973811,1.51));
#5022 = VECTOR('',#5023,1.);
#5023 = DIRECTION('',(-0.940990891927,0.338431885776,0.));
#5024 = ORIENTED_EDGE('',*,*,#5025,.F.);
#5025 = EDGE_CURVE('',#5026,#5018,#5028,.T.);
#5026 = VERTEX_POINT('',#5027);
#5027 = CARTESIAN_POINT('',(68.757948,-84.230621,1.51));
#5028 = LINE('',#5029,#5030);
#5029 = CARTESIAN_POINT('',(68.757948,-84.230621,1.51));
#5030 = VECTOR('',#5031,1.);
#5031 = DIRECTION('',(-0.936218177794,0.351419298798,0.));
#5032 = ORIENTED_EDGE('',*,*,#5033,.F.);
#5033 = EDGE_CURVE('',#5034,#5026,#5036,.T.);
#5034 = VERTEX_POINT('',#5035);
#5035 = CARTESIAN_POINT('',(69.441783,-84.498076,1.51));
#5036 = LINE('',#5037,#5038);
#5037 = CARTESIAN_POINT('',(69.441783,-84.498076,1.51));
#5038 = VECTOR('',#5039,1.);
#5039 = DIRECTION('',(-0.931304051323,0.364242726749,0.));
#5040 = ORIENTED_EDGE('',*,*,#5041,.F.);
#5041 = EDGE_CURVE('',#5042,#5034,#5044,.T.);
#5042 = VERTEX_POINT('',#5043);
#5043 = CARTESIAN_POINT('',(70.129708,-84.777999,1.51));
#5044 = LINE('',#5045,#5046);
#5045 = CARTESIAN_POINT('',(70.129708,-84.777999,1.51));
#5046 = VECTOR('',#5047,1.);
#5047 = DIRECTION('',(-0.92625352234,0.37690106441,0.));
#5048 = ORIENTED_EDGE('',*,*,#5049,.F.);
#5049 = EDGE_CURVE('',#5050,#5042,#5052,.T.);
#5050 = VERTEX_POINT('',#5051);
#5051 = CARTESIAN_POINT('',(70.817357,-85.068705,1.51));
#5052 = LINE('',#5053,#5054);
#5053 = CARTESIAN_POINT('',(70.817357,-85.068705,1.51));
#5054 = VECTOR('',#5055,1.);
#5055 = DIRECTION('',(-0.921074125661,0.389387281556,0.));
#5056 = ORIENTED_EDGE('',*,*,#5057,.F.);
#5057 = EDGE_CURVE('',#5058,#5050,#5060,.T.);
#5058 = VERTEX_POINT('',#5059);
#5059 = CARTESIAN_POINT('',(71.509541,-85.372328,1.51));
#5060 = LINE('',#5061,#5062);
#5061 = CARTESIAN_POINT('',(71.509541,-85.372328,1.51));
#5062 = VECTOR('',#5063,1.);
#5063 = DIRECTION('',(-0.915771892296,0.401698694646,0.));
#5064 = ORIENTED_EDGE('',*,*,#5065,.F.);
#5065 = EDGE_CURVE('',#5066,#5058,#5068,.T.);
#5066 = VERTEX_POINT('',#5067);
#5067 = CARTESIAN_POINT('',(72.201509,-85.686884,1.51));
#5068 = LINE('',#5069,#5070);
#5069 = CARTESIAN_POINT('',(72.201509,-85.686884,1.51));
#5070 = VECTOR('',#5071,1.);
#5071 = DIRECTION('',(-0.910354041915,0.413830301414,0.));
#5072 = ORIENTED_EDGE('',*,*,#5073,.F.);
#5073 = EDGE_CURVE('',#5074,#5066,#5076,.T.);
#5074 = VERTEX_POINT('',#5075);
#5075 = CARTESIAN_POINT('',(72.898457,-86.014844,1.51));
#5076 = LINE('',#5077,#5078);
#5077 = CARTESIAN_POINT('',(72.898457,-86.014844,1.51));
#5078 = VECTOR('',#5079,1.);
#5079 = DIRECTION('',(-0.904826469602,0.425780530213,0.));
#5080 = ORIENTED_EDGE('',*,*,#5081,.F.);
#5081 = EDGE_CURVE('',#5082,#5074,#5084,.T.);
#5082 = VERTEX_POINT('',#5083);
#5083 = CARTESIAN_POINT('',(73.595252,-86.353901,1.51));
#5084 = LINE('',#5085,#5086);
#5085 = CARTESIAN_POINT('',(73.595252,-86.353901,1.51));
#5086 = VECTOR('',#5087,1.);
#5087 = DIRECTION('',(-0.899196682019,0.437544657202,0.));
#5088 = ORIENTED_EDGE('',*,*,#5089,.F.);
#5089 = EDGE_CURVE('',#5090,#5082,#5092,.T.);
#5090 = VERTEX_POINT('',#5091);
#5091 = CARTESIAN_POINT('',(74.297472,-86.706886,1.51));
#5092 = LINE('',#5093,#5094);
#5093 = CARTESIAN_POINT('',(74.297472,-86.706886,1.51));
#5094 = VECTOR('',#5095,1.);
#5095 = DIRECTION('',(-0.89347089093,0.449121105116,0.));
#5096 = ORIENTED_EDGE('',*,*,#5097,.F.);
#5097 = EDGE_CURVE('',#5098,#5090,#5100,.T.);
#5098 = VERTEX_POINT('',#5099);
#5099 = CARTESIAN_POINT('',(74.999605,-87.071146,1.51));
#5100 = LINE('',#5101,#5102);
#5101 = CARTESIAN_POINT('',(74.999605,-87.071146,1.51));
#5102 = VECTOR('',#5103,1.);
#5103 = DIRECTION('',(-0.887655816565,0.460507493227,0.));
#5104 = ORIENTED_EDGE('',*,*,#5105,.F.);
#5105 = EDGE_CURVE('',#5106,#5098,#5108,.T.);
#5106 = VERTEX_POINT('',#5107);
#5107 = CARTESIAN_POINT('',(75.707611,-87.4499,1.51));
#5108 = LINE('',#5109,#5110);
#5109 = CARTESIAN_POINT('',(75.707611,-87.4499,1.51));
#5110 = VECTOR('',#5111,1.);
#5111 = DIRECTION('',(-0.88175712831,0.471703685246,0.));
#5112 = ORIENTED_EDGE('',*,*,#5113,.F.);
#5113 = EDGE_CURVE('',#5114,#5106,#5116,.T.);
#5114 = VERTEX_POINT('',#5115);
#5115 = CARTESIAN_POINT('',(76.415597,-87.840119,1.51));
#5116 = LINE('',#5117,#5118);
#5117 = CARTESIAN_POINT('',(76.415597,-87.840119,1.51));
#5118 = VECTOR('',#5119,1.);
#5119 = DIRECTION('',(-0.875783734585,0.482703687822,0.));
#5120 = ORIENTED_EDGE('',*,*,#5121,.F.);
#5121 = EDGE_CURVE('',#5122,#5114,#5124,.T.);
#5122 = VERTEX_POINT('',#5123);
#5123 = CARTESIAN_POINT('',(77.129909,-88.245436,1.51));
#5124 = LINE('',#5125,#5126);
#5125 = CARTESIAN_POINT('',(77.129909,-88.245436,1.51));
#5126 = VECTOR('',#5127,1.);
#5127 = DIRECTION('',(-0.869739916586,0.493510362098,0.));
#5128 = ORIENTED_EDGE('',*,*,#5129,.F.);
#5129 = EDGE_CURVE('',#5130,#5122,#5132,.T.);
#5130 = VERTEX_POINT('',#5131);
#5131 = CARTESIAN_POINT('',(77.844271,-88.662424,1.51));
#5132 = LINE('',#5133,#5134);
#5133 = CARTESIAN_POINT('',(77.844271,-88.662424,1.51));
#5134 = VECTOR('',#5135,1.);
#5135 = DIRECTION('',(-0.863633201102,0.504120713673,0.));
#5136 = ORIENTED_EDGE('',*,*,#5137,.F.);
#5137 = EDGE_CURVE('',#5138,#5130,#5140,.T.);
#5138 = VERTEX_POINT('',#5139);
#5139 = CARTESIAN_POINT('',(78.565416,-89.095155,1.51));
#5140 = LINE('',#5141,#5142);
#5141 = CARTESIAN_POINT('',(78.565416,-89.095155,1.51));
#5142 = VECTOR('',#5143,1.);
#5143 = DIRECTION('',(-0.857469843496,0.514534223833,0.));
#5144 = ORIENTED_EDGE('',*,*,#5145,.F.);
#5145 = EDGE_CURVE('',#5146,#5138,#5148,.T.);
#5146 = VERTEX_POINT('',#5147);
#5147 = CARTESIAN_POINT('',(79.286685,-89.539778,1.51));
#5148 = LINE('',#5149,#5150);
#5149 = CARTESIAN_POINT('',(79.286685,-89.539778,1.51));
#5150 = VECTOR('',#5151,1.);
#5151 = DIRECTION('',(-0.851254987299,0.524752271646,0.));
#5152 = ORIENTED_EDGE('',*,*,#5153,.F.);
#5153 = EDGE_CURVE('',#5154,#5146,#5156,.T.);
#5154 = VERTEX_POINT('',#5155);
#5155 = CARTESIAN_POINT('',(80.015198,-90.000833,1.51));
#5156 = LINE('',#5157,#5158);
#5157 = CARTESIAN_POINT('',(80.015198,-90.000833,1.51));
#5158 = VECTOR('',#5159,1.);
#5159 = DIRECTION('',(-0.844995490292,0.534773429955,0.));
#5160 = ORIENTED_EDGE('',*,*,#5161,.F.);
#5161 = EDGE_CURVE('',#5162,#5154,#5164,.T.);
#5162 = VERTEX_POINT('',#5163);
#5163 = CARTESIAN_POINT('',(80.743913,-90.474013,1.51));
#5164 = LINE('',#5165,#5166);
#5165 = CARTESIAN_POINT('',(80.743913,-90.474013,1.51));
#5166 = VECTOR('',#5167,1.);
#5167 = DIRECTION('',(-0.838698458142,0.544596085471,0.));
#5168 = ORIENTED_EDGE('',*,*,#5169,.F.);
#5169 = EDGE_CURVE('',#5170,#5162,#5172,.T.);
#5170 = VERTEX_POINT('',#5171);
#5171 = CARTESIAN_POINT('',(81.480342,-90.964356,1.51));
#5172 = LINE('',#5173,#5174);
#5173 = CARTESIAN_POINT('',(81.480342,-90.964356,1.51));
#5174 = VECTOR('',#5175,1.);
#5175 = DIRECTION('',(-0.832368199918,0.554223041532,0.));
#5176 = ORIENTED_EDGE('',*,*,#5177,.F.);
#5177 = EDGE_CURVE('',#5178,#5170,#5180,.T.);
#5178 = VERTEX_POINT('',#5179);
#5179 = CARTESIAN_POINT('',(82.217054,-91.467075,1.51));
#5180 = LINE('',#5181,#5182);
#5181 = CARTESIAN_POINT('',(82.217054,-91.467075,1.51));
#5182 = VECTOR('',#5183,1.);
#5183 = DIRECTION('',(-0.826010519212,0.563654701169,0.));
#5184 = ORIENTED_EDGE('',*,*,#5185,.F.);
#5185 = EDGE_CURVE('',#5186,#5178,#5188,.T.);
#5186 = VERTEX_POINT('',#5187);
#5187 = CARTESIAN_POINT('',(82.961957,-91.987735,1.51));
#5188 = LINE('',#5189,#5190);
#5189 = CARTESIAN_POINT('',(82.961957,-91.987735,1.51));
#5190 = VECTOR('',#5191,1.);
#5191 = DIRECTION('',(-0.819630842473,0.572892033516,0.));
#5192 = ORIENTED_EDGE('',*,*,#5193,.F.);
#5193 = EDGE_CURVE('',#5194,#5186,#5196,.T.);
#5194 = VERTEX_POINT('',#5195);
#5195 = CARTESIAN_POINT('',(83.70723,-92.521037,1.51));
#5196 = LINE('',#5197,#5198);
#5197 = CARTESIAN_POINT('',(83.70723,-92.521037,1.51));
#5198 = VECTOR('',#5199,1.);
#5199 = DIRECTION('',(-0.813235574934,0.58193461803,0.));
#5200 = ORIENTED_EDGE('',*,*,#5201,.F.);
#5201 = EDGE_CURVE('',#5202,#5194,#5204,.T.);
#5202 = VERTEX_POINT('',#5203);
#5203 = CARTESIAN_POINT('',(84.461183,-93.073104,1.51));
#5204 = LINE('',#5205,#5206);
#5205 = CARTESIAN_POINT('',(84.461183,-93.073104,1.51));
#5206 = VECTOR('',#5207,1.);
#5207 = DIRECTION('',(-0.806829308858,0.590784619271,0.));
#5208 = ORIENTED_EDGE('',*,*,#5209,.F.);
#5209 = EDGE_CURVE('',#5210,#5202,#5212,.T.);
#5210 = VERTEX_POINT('',#5211);
#5211 = CARTESIAN_POINT('',(85.215596,-93.638094,1.51));
#5212 = LINE('',#5213,#5214);
#5213 = CARTESIAN_POINT('',(85.215596,-93.638094,1.51));
#5214 = VECTOR('',#5215,1.);
#5215 = DIRECTION('',(-0.800417280852,0.599443222093,0.));
#5216 = ORIENTED_EDGE('',*,*,#5217,.F.);
#5217 = EDGE_CURVE('',#5218,#5210,#5220,.T.);
#5218 = VERTEX_POINT('',#5219);
#5219 = CARTESIAN_POINT('',(85.97919,-94.222724,1.51));
#5220 = LINE('',#5221,#5222);
#5221 = CARTESIAN_POINT('',(85.97919,-94.222724,1.51));
#5222 = VECTOR('',#5223,1.);
#5223 = DIRECTION('',(-0.794003876314,0.607912694717,0.));
#5224 = ORIENTED_EDGE('',*,*,#5225,.F.);
#5225 = EDGE_CURVE('',#5226,#5218,#5228,.T.);
#5226 = VERTEX_POINT('',#5227);
#5227 = CARTESIAN_POINT('',(86.743339,-94.820577,1.51));
#5228 = LINE('',#5229,#5230);
#5229 = CARTESIAN_POINT('',(86.743339,-94.820577,1.51));
#5230 = VECTOR('',#5231,1.);
#5231 = DIRECTION('',(-0.787593360764,0.616195340847,0.));
#5232 = ORIENTED_EDGE('',*,*,#5233,.F.);
#5233 = EDGE_CURVE('',#5234,#5226,#5236,.T.);
#5234 = VERTEX_POINT('',#5235);
#5235 = CARTESIAN_POINT('',(87.517184,-95.438996,1.51));
#5236 = LINE('',#5237,#5238);
#5237 = CARTESIAN_POINT('',(87.517184,-95.438996,1.51));
#5238 = VECTOR('',#5239,1.);
#5239 = DIRECTION('',(-0.781192235381,0.624290550449,0.));
#5240 = ORIENTED_EDGE('',*,*,#5241,.F.);
#5241 = EDGE_CURVE('',#5242,#5234,#5244,.T.);
#5242 = VERTEX_POINT('',#5243);
#5243 = CARTESIAN_POINT('',(88.291686,-96.070954,1.51));
#5244 = LINE('',#5245,#5246);
#5245 = CARTESIAN_POINT('',(88.291686,-96.070954,1.51));
#5246 = VECTOR('',#5247,1.);
#5247 = DIRECTION('',(-0.774802580296,0.632203259693,0.));
#5248 = ORIENTED_EDGE('',*,*,#5249,.F.);
#5249 = EDGE_CURVE('',#5250,#5242,#5252,.T.);
#5250 = VERTEX_POINT('',#5251);
#5251 = CARTESIAN_POINT('',(89.076415,-96.724462,1.51));
#5252 = LINE('',#5253,#5254);
#5253 = CARTESIAN_POINT('',(89.076415,-96.724462,1.51));
#5254 = VECTOR('',#5255,1.);
#5255 = DIRECTION('',(-0.768429686307,0.639934228809,0.));
#5256 = ORIENTED_EDGE('',*,*,#5257,.F.);
#5257 = EDGE_CURVE('',#5258,#5250,#5260,.T.);
#5258 = VERTEX_POINT('',#5259);
#5259 = CARTESIAN_POINT('',(89.86191,-97.391842,1.51));
#5260 = LINE('',#5261,#5262);
#5261 = CARTESIAN_POINT('',(89.86191,-97.391842,1.51));
#5262 = VECTOR('',#5263,1.);
#5263 = DIRECTION('',(-0.762078499028,0.647484641763,0.));
#5264 = ORIENTED_EDGE('',*,*,#5265,.F.);
#5265 = EDGE_CURVE('',#5266,#5258,#5268,.T.);
#5266 = VERTEX_POINT('',#5267);
#5267 = CARTESIAN_POINT('',(90.658181,-98.081813,1.51));
#5268 = LINE('',#5269,#5270);
#5269 = CARTESIAN_POINT('',(90.658181,-98.081813,1.51));
#5270 = VECTOR('',#5271,1.);
#5271 = DIRECTION('',(-0.75575039597,0.654859785749,0.));
#5272 = ORIENTED_EDGE('',*,*,#5273,.F.);
#5273 = EDGE_CURVE('',#5274,#5266,#5276,.T.);
#5274 = VERTEX_POINT('',#5275);
#5275 = CARTESIAN_POINT('',(91.455332,-98.786011,1.51));
#5276 = LINE('',#5277,#5278);
#5277 = CARTESIAN_POINT('',(91.455332,-98.786011,1.51));
#5278 = VECTOR('',#5279,1.);
#5279 = DIRECTION('',(-0.74945084331,0.662059992344,0.));
#5280 = ORIENTED_EDGE('',*,*,#5281,.F.);
#5281 = EDGE_CURVE('',#5282,#5274,#5284,.T.);
#5282 = VERTEX_POINT('',#5283);
#5283 = CARTESIAN_POINT('',(98.630909,-91.476204,1.51));
#5284 = CIRCLE('',#5285,5.200209687481);
#5285 = AXIS2_PLACEMENT_3D('',#5286,#5287,#5288);
#5286 = CARTESIAN_POINT('',(94.4002069173,-94.49999974065,1.51));
#5287 = DIRECTION('',(0.,0.,-1.));
#5288 = DIRECTION('',(0.813563747801,0.581475733168,0.));
#5289 = ORIENTED_EDGE('',*,*,#5290,.F.);
#5290 = EDGE_CURVE('',#5291,#5282,#5293,.T.);
#5291 = VERTEX_POINT('',#5292);
#5292 = CARTESIAN_POINT('',(97.549106,-89.97167,1.51));
#5293 = LINE('',#5294,#5295);
#5294 = CARTESIAN_POINT('',(97.549106,-89.97167,1.51));
#5295 = VECTOR('',#5296,1.);
#5296 = DIRECTION('',(0.583785194647,-0.811908151524,0.));
#5297 = ORIENTED_EDGE('',*,*,#5298,.F.);
#5298 = EDGE_CURVE('',#5299,#5291,#5301,.T.);
#5299 = VERTEX_POINT('',#5300);
#5300 = CARTESIAN_POINT('',(96.195712,-88.030787,1.51));
#5301 = LINE('',#5302,#5303);
#5302 = CARTESIAN_POINT('',(96.195712,-88.030787,1.51));
#5303 = VECTOR('',#5304,1.);
#5304 = DIRECTION('',(0.571979633812,-0.820267821205,0.));
#5305 = ORIENTED_EDGE('',*,*,#5306,.F.);
#5306 = EDGE_CURVE('',#5307,#5299,#5309,.T.);
#5307 = VERTEX_POINT('',#5308);
#5308 = CARTESIAN_POINT('',(94.917748,-86.130147,1.51));
#5309 = LINE('',#5310,#5311);
#5310 = CARTESIAN_POINT('',(94.917748,-86.130147,1.51));
#5311 = VECTOR('',#5312,1.);
#5312 = DIRECTION('',(0.557981788793,-0.82985319387,0.));
#5313 = ORIENTED_EDGE('',*,*,#5314,.F.);
#5314 = EDGE_CURVE('',#5315,#5307,#5317,.T.);
#5315 = VERTEX_POINT('',#5316);
#5316 = CARTESIAN_POINT('',(93.71239,-84.267811,1.51));
#5317 = LINE('',#5318,#5319);
#5318 = CARTESIAN_POINT('',(93.71239,-84.267811,1.51));
#5319 = VECTOR('',#5320,1.);
#5320 = DIRECTION('',(0.543352018216,-0.839504963833,0.));
#5321 = ORIENTED_EDGE('',*,*,#5322,.F.);
#5322 = EDGE_CURVE('',#5323,#5315,#5325,.T.);
#5323 = VERTEX_POINT('',#5324);
#5324 = CARTESIAN_POINT('',(92.57697,-82.441929,1.51));
#5325 = LINE('',#5326,#5327);
#5326 = CARTESIAN_POINT('',(92.57697,-82.441929,1.51));
#5327 = VECTOR('',#5328,1.);
#5328 = DIRECTION('',(0.528072415406,-0.849199342962,0.));
#5329 = ORIENTED_EDGE('',*,*,#5330,.F.);
#5330 = EDGE_CURVE('',#5331,#5323,#5333,.T.);
#5331 = VERTEX_POINT('',#5332);
#5332 = CARTESIAN_POINT('',(91.508966,-80.650731,1.51));
#5333 = LINE('',#5334,#5335);
#5334 = CARTESIAN_POINT('',(91.508966,-80.650731,1.51));
#5335 = VECTOR('',#5336,1.);
#5336 = DIRECTION('',(0.512126248901,-0.858910184587,0.));
#5337 = ORIENTED_EDGE('',*,*,#5338,.F.);
#5338 = EDGE_CURVE('',#5339,#5331,#5341,.T.);
#5339 = VERTEX_POINT('',#5340);
#5340 = CARTESIAN_POINT('',(90.505992,-78.892522,1.51));
#5341 = LINE('',#5342,#5343);
#5342 = CARTESIAN_POINT('',(90.505992,-78.892522,1.51));
#5343 = VECTOR('',#5344,1.);
#5344 = DIRECTION('',(0.495499407187,-0.868608276197,0.));
#5345 = ORIENTED_EDGE('',*,*,#5346,.F.);
#5346 = EDGE_CURVE('',#5347,#5339,#5349,.T.);
#5347 = VERTEX_POINT('',#5348);
#5348 = CARTESIAN_POINT('',(89.565794,-77.165671,1.51));
#5349 = LINE('',#5350,#5351);
#5350 = CARTESIAN_POINT('',(89.565794,-77.165671,1.51));
#5351 = VECTOR('',#5352,1.);
#5352 = DIRECTION('',(0.478177511671,-0.878263210736,0.));
#5353 = ORIENTED_EDGE('',*,*,#5354,.F.);
#5354 = EDGE_CURVE('',#5355,#5347,#5357,.T.);
#5355 = VERTEX_POINT('',#5356);
#5356 = CARTESIAN_POINT('',(88.686244,-75.468611,1.51));
#5357 = LINE('',#5358,#5359);
#5358 = CARTESIAN_POINT('',(88.686244,-75.468611,1.51));
#5359 = VECTOR('',#5360,1.);
#5360 = DIRECTION('',(0.460149330716,-0.887841536222,0.));
#5361 = ORIENTED_EDGE('',*,*,#5362,.F.);
#5362 = EDGE_CURVE('',#5363,#5355,#5365,.T.);
#5363 = VERTEX_POINT('',#5364);
#5364 = CARTESIAN_POINT('',(87.865333,-73.799828,1.51));
#5365 = LINE('',#5366,#5367);
#5366 = CARTESIAN_POINT('',(87.865333,-73.799828,1.51));
#5367 = VECTOR('',#5368,1.);
#5368 = DIRECTION('',(0.441405404282,-0.897307789485,0.));
#5369 = ORIENTED_EDGE('',*,*,#5370,.F.);
#5370 = EDGE_CURVE('',#5371,#5363,#5373,.T.);
#5371 = VERTEX_POINT('',#5372);
#5372 = CARTESIAN_POINT('',(87.101169,-72.157859,1.51));
#5373 = LINE('',#5374,#5375);
#5374 = CARTESIAN_POINT('',(87.101169,-72.157859,1.51));
#5375 = VECTOR('',#5376,1.);
#5376 = DIRECTION('',(0.421938416423,-0.906624493794,0.));
#5377 = ORIENTED_EDGE('',*,*,#5378,.F.);
#5378 = EDGE_CURVE('',#5379,#5371,#5381,.T.);
#5379 = VERTEX_POINT('',#5380);
#5380 = CARTESIAN_POINT('',(86.391969,-70.541286,1.51));
#5381 = LINE('',#5382,#5383);
#5382 = CARTESIAN_POINT('',(86.391969,-70.541286,1.51));
#5383 = VECTOR('',#5384,1.);
#5384 = DIRECTION('',(0.401745466954,-0.915751374436,0.));
#5385 = ORIENTED_EDGE('',*,*,#5386,.F.);
#5386 = EDGE_CURVE('',#5387,#5379,#5389,.T.);
#5387 = VERTEX_POINT('',#5388);
#5388 = CARTESIAN_POINT('',(85.73606,-68.948733,1.51));
#5389 = LINE('',#5390,#5391);
#5390 = CARTESIAN_POINT('',(85.73606,-68.948733,1.51));
#5391 = VECTOR('',#5392,1.);
#5392 = DIRECTION('',(0.380825203851,-0.924647048399,0.));
#5393 = ORIENTED_EDGE('',*,*,#5394,.F.);
#5394 = EDGE_CURVE('',#5395,#5387,#5397,.T.);
#5395 = VERTEX_POINT('',#5396);
#5396 = CARTESIAN_POINT('',(85.131872,-67.378859,1.51));
#5397 = LINE('',#5398,#5399);
#5398 = CARTESIAN_POINT('',(85.131872,-67.378859,1.51));
#5399 = VECTOR('',#5400,1.);
#5400 = DIRECTION('',(0.3591812022,-0.933267841504,0.));
#5401 = ORIENTED_EDGE('',*,*,#5402,.F.);
#5402 = EDGE_CURVE('',#5403,#5395,#5405,.T.);
#5403 = VERTEX_POINT('',#5404);
#5404 = CARTESIAN_POINT('',(84.57794,-65.83036,1.51));
#5405 = LINE('',#5406,#5407);
#5406 = CARTESIAN_POINT('',(84.57794,-65.83036,1.51));
#5407 = VECTOR('',#5408,1.);
#5408 = DIRECTION('',(0.336819883927,-0.941569097725,0.));
#5409 = ORIENTED_EDGE('',*,*,#5410,.F.);
#5410 = EDGE_CURVE('',#5411,#5403,#5413,.T.);
#5411 = VERTEX_POINT('',#5412);
#5412 = CARTESIAN_POINT('',(84.072899,-64.301958,1.51));
#5413 = LINE('',#5414,#5415);
#5414 = CARTESIAN_POINT('',(84.072899,-64.301958,1.51));
#5415 = VECTOR('',#5416,1.);
#5416 = DIRECTION('',(0.313751854757,-0.949505015067,0.));
#5417 = ORIENTED_EDGE('',*,*,#5418,.F.);
#5418 = EDGE_CURVE('',#5419,#5411,#5421,.T.);
#5419 = VERTEX_POINT('',#5420);
#5420 = CARTESIAN_POINT('',(83.615481,-62.792407,1.51));
#5421 = LINE('',#5422,#5423);
#5422 = CARTESIAN_POINT('',(83.615481,-62.792407,1.51));
#5423 = VECTOR('',#5424,1.);
#5424 = DIRECTION('',(0.289994796664,-0.957028222106,0.));
#5425 = ORIENTED_EDGE('',*,*,#5426,.F.);
#5426 = EDGE_CURVE('',#5427,#5419,#5429,.T.);
#5427 = VERTEX_POINT('',#5428);
#5428 = CARTESIAN_POINT('',(83.204518,-61.300482,1.51));
#5429 = LINE('',#5430,#5431);
#5430 = CARTESIAN_POINT('',(83.204518,-61.300482,1.51));
#5431 = VECTOR('',#5432,1.);
#5432 = DIRECTION('',(0.265567162746,-0.964092361795,0.));
#5433 = ORIENTED_EDGE('',*,*,#5434,.F.);
#5434 = EDGE_CURVE('',#5435,#5427,#5437,.T.);
#5435 = VERTEX_POINT('',#5436);
#5436 = CARTESIAN_POINT('',(82.838937,-59.824982,1.51));
#5437 = LINE('',#5438,#5439);
#5438 = CARTESIAN_POINT('',(82.838937,-59.824982,1.51));
#5439 = VECTOR('',#5440,1.);
#5440 = DIRECTION('',(0.240495614968,-0.970650224943,0.));
#5441 = ORIENTED_EDGE('',*,*,#5442,.F.);
#5442 = EDGE_CURVE('',#5443,#5435,#5445,.T.);
#5443 = VERTEX_POINT('',#5444);
#5444 = CARTESIAN_POINT('',(82.517762,-58.364725,1.51));
#5445 = LINE('',#5446,#5447);
#5446 = CARTESIAN_POINT('',(82.517762,-58.364725,1.51));
#5447 = VECTOR('',#5448,1.);
#5448 = DIRECTION('',(0.214809764091,-0.976655909341,0.));
#5449 = ORIENTED_EDGE('',*,*,#5450,.F.);
#5450 = EDGE_CURVE('',#5451,#5443,#5453,.T.);
#5451 = VERTEX_POINT('',#5452);
#5452 = CARTESIAN_POINT('',(82.240109,-56.91855,1.51));
#5453 = LINE('',#5454,#5455);
#5454 = CARTESIAN_POINT('',(82.240109,-56.91855,1.51));
#5455 = VECTOR('',#5456,1.);
#5456 = DIRECTION('',(0.188547736609,-0.982064025927,0.));
#5457 = ORIENTED_EDGE('',*,*,#5458,.F.);
#5458 = EDGE_CURVE('',#5459,#5451,#5461,.T.);
#5459 = VERTEX_POINT('',#5460);
#5460 = CARTESIAN_POINT('',(82.005193,-55.485307,1.51));
#5461 = LINE('',#5462,#5463);
#5462 = CARTESIAN_POINT('',(82.005193,-55.485307,1.51));
#5463 = VECTOR('',#5464,1.);
#5464 = DIRECTION('',(0.16174695346,-0.986832266926,0.));
#5465 = ORIENTED_EDGE('',*,*,#5466,.F.);
#5466 = EDGE_CURVE('',#5467,#5459,#5469,.T.);
#5467 = VERTEX_POINT('',#5468);
#5468 = CARTESIAN_POINT('',(81.812319,-54.063867,1.51));
#5469 = LINE('',#5470,#5471);
#5470 = CARTESIAN_POINT('',(81.812319,-54.063867,1.51));
#5471 = VECTOR('',#5472,1.);
#5472 = DIRECTION('',(0.134457024804,-0.990919425827,0.));
#5473 = ORIENTED_EDGE('',*,*,#5474,.F.);
#5474 = EDGE_CURVE('',#5475,#5467,#5477,.T.);
#5475 = VERTEX_POINT('',#5476);
#5476 = CARTESIAN_POINT('',(81.660888,-52.653111,1.51));
#5477 = LINE('',#5478,#5479);
#5478 = CARTESIAN_POINT('',(81.660888,-52.653111,1.51));
#5479 = VECTOR('',#5480,1.);
#5480 = DIRECTION('',(0.106727228018,-0.994288337858,0.));
#5481 = ORIENTED_EDGE('',*,*,#5482,.F.);
#5482 = EDGE_CURVE('',#5483,#5475,#5485,.T.);
#5483 = VERTEX_POINT('',#5484);
#5484 = CARTESIAN_POINT('',(81.550397,-51.251931,1.51));
#5485 = LINE('',#5486,#5487);
#5486 = CARTESIAN_POINT('',(81.550397,-51.251931,1.51));
#5487 = VECTOR('',#5488,1.);
#5488 = DIRECTION('',(7.861164538316E-02,-0.996905316071,0.));
#5489 = ORIENTED_EDGE('',*,*,#5490,.F.);
#5490 = EDGE_CURVE('',#5491,#5483,#5493,.T.);
#5491 = VERTEX_POINT('',#5492);
#5492 = CARTESIAN_POINT('',(81.480433,-49.859235,1.51));
#5493 = LINE('',#5494,#5495);
#5494 = CARTESIAN_POINT('',(81.480433,-49.859235,1.51));
#5495 = VECTOR('',#5496,1.);
#5496 = DIRECTION('',(5.017310518954E-02,-0.998740536634,0.));
#5497 = ORIENTED_EDGE('',*,*,#5498,.F.);
#5498 = EDGE_CURVE('',#5499,#5491,#5501,.T.);
#5499 = VERTEX_POINT('',#5500);
#5500 = CARTESIAN_POINT('',(81.45068,-48.473936,1.51));
#5501 = LINE('',#5502,#5503);
#5502 = CARTESIAN_POINT('',(81.45068,-48.473936,1.51));
#5503 = VECTOR('',#5504,1.);
#5504 = DIRECTION('',(2.1472721763E-02,-0.99976943453,0.));
#5505 = ORIENTED_EDGE('',*,*,#5506,.F.);
#5506 = EDGE_CURVE('',#5507,#5499,#5509,.T.);
#5507 = VERTEX_POINT('',#5508);
#5508 = CARTESIAN_POINT('',(81.460917,-47.094961,1.51));
#5509 = LINE('',#5510,#5511);
#5510 = CARTESIAN_POINT('',(81.460917,-47.094961,1.51));
#5511 = VECTOR('',#5512,1.);
#5512 = DIRECTION('',(-7.423425319297E-03,-0.999972445999,0.));
#5513 = ORIENTED_EDGE('',*,*,#5514,.F.);
#5514 = EDGE_CURVE('',#5515,#5507,#5517,.T.);
#5515 = VERTEX_POINT('',#5516);
#5516 = CARTESIAN_POINT('',(81.511015,-45.721243,1.51));
#5517 = LINE('',#5518,#5519);
#5518 = CARTESIAN_POINT('',(81.511015,-45.721243,1.51));
#5519 = VECTOR('',#5520,1.);
#5520 = DIRECTION('',(-3.644468405281E-02,-0.999335671836,0.));
#5521 = ORIENTED_EDGE('',*,*,#5522,.F.);
#5522 = EDGE_CURVE('',#5523,#5515,#5525,.T.);
#5523 = VERTEX_POINT('',#5524);
#5524 = CARTESIAN_POINT('',(81.600941,-44.351723,1.51));
#5525 = LINE('',#5526,#5527);
#5526 = CARTESIAN_POINT('',(81.600941,-44.351723,1.51));
#5527 = VECTOR('',#5528,1.);
#5528 = DIRECTION('',(-6.55213244415E-02,-0.997851169285,0.));
#5529 = ORIENTED_EDGE('',*,*,#5530,.F.);
#5530 = EDGE_CURVE('',#5531,#5523,#5533,.T.);
#5531 = VERTEX_POINT('',#5532);
#5532 = CARTESIAN_POINT('',(81.660867,-43.668096,1.51));
#5533 = LINE('',#5534,#5535);
#5534 = CARTESIAN_POINT('',(81.660867,-43.668096,1.51));
#5535 = VECTOR('',#5536,1.);
#5536 = DIRECTION('',(-8.732405273051E-02,-0.996179958549,0.));
#5537 = ORIENTED_EDGE('',*,*,#5538,.F.);
#5538 = EDGE_CURVE('',#5539,#5531,#5541,.T.);
#5539 = VERTEX_POINT('',#5540);
#5540 = CARTESIAN_POINT('',(81.730759,-42.985352,1.51));
#5541 = LINE('',#5542,#5543);
#5542 = CARTESIAN_POINT('',(81.730759,-42.985352,1.51));
#5543 = VECTOR('',#5544,1.);
#5544 = DIRECTION('',(-0.101837054563,-0.994801092841,0.));
#5545 = ORIENTED_EDGE('',*,*,#5546,.F.);
#5546 = EDGE_CURVE('',#5547,#5539,#5549,.T.);
#5547 = VERTEX_POINT('',#5548);
#5548 = CARTESIAN_POINT('',(81.810699,-42.302805,1.51));
#5549 = LINE('',#5550,#5551);
#5550 = CARTESIAN_POINT('',(81.810699,-42.302805,1.51));
#5551 = VECTOR('',#5552,1.);
#5552 = DIRECTION('',(-0.116325034423,-0.993211199276,0.));
#5553 = ORIENTED_EDGE('',*,*,#5554,.F.);
#5554 = EDGE_CURVE('',#5555,#5547,#5557,.T.);
#5555 = VERTEX_POINT('',#5556);
#5556 = CARTESIAN_POINT('',(81.900624,-41.621086,1.51));
#5557 = LINE('',#5558,#5559);
#5558 = CARTESIAN_POINT('',(81.900624,-41.621086,1.51));
#5559 = VECTOR('',#5560,1.);
#5560 = DIRECTION('',(-0.130776338675,-0.991411896864,0.));
#5561 = ORIENTED_EDGE('',*,*,#5562,.F.);
#5562 = EDGE_CURVE('',#5563,#5555,#5565,.T.);
#5563 = VERTEX_POINT('',#5564);
#5564 = CARTESIAN_POINT('',(82.000699,-40.939101,1.51));
#5565 = LINE('',#5566,#5567);
#5566 = CARTESIAN_POINT('',(82.000699,-40.939101,1.51));
#5567 = VECTOR('',#5568,1.);
#5568 = DIRECTION('',(-0.145185955545,-0.989404385634,0.));
#5569 = ORIENTED_EDGE('',*,*,#5570,.F.);
#5570 = EDGE_CURVE('',#5571,#5563,#5573,.T.);
#5571 = VERTEX_POINT('',#5572);
#5572 = CARTESIAN_POINT('',(82.110791,-40.257886,1.51));
#5573 = LINE('',#5574,#5575);
#5574 = CARTESIAN_POINT('',(82.110791,-40.257886,1.51));
#5575 = VECTOR('',#5576,1.);
#5576 = DIRECTION('',(-0.159541204073,-0.987191270324,0.));
#5577 = ORIENTED_EDGE('',*,*,#5578,.F.);
#5578 = EDGE_CURVE('',#5579,#5571,#5581,.T.);
#5579 = VERTEX_POINT('',#5580);
#5580 = CARTESIAN_POINT('',(82.231168,-39.575946,1.51));
#5581 = LINE('',#5582,#5583);
#5582 = CARTESIAN_POINT('',(82.231168,-39.575946,1.51));
#5583 = VECTOR('',#5584,1.);
#5584 = DIRECTION('',(-0.17383385571,-0.984774994915,0.));
#5585 = ORIENTED_EDGE('',*,*,#5586,.F.);
#5586 = EDGE_CURVE('',#5587,#5579,#5589,.T.);
#5587 = VERTEX_POINT('',#5588);
#5588 = CARTESIAN_POINT('',(82.361606,-38.894721,1.51));
#5589 = LINE('',#5590,#5591);
#5590 = CARTESIAN_POINT('',(82.361606,-38.894721,1.51));
#5591 = VECTOR('',#5592,1.);
#5592 = DIRECTION('',(-0.188059280521,-0.982157679301,0.));
#5593 = ORIENTED_EDGE('',*,*,#5594,.F.);
#5594 = EDGE_CURVE('',#5595,#5587,#5597,.T.);
#5595 = VERTEX_POINT('',#5596);
#5596 = CARTESIAN_POINT('',(82.502503,-38.212313,1.51));
#5597 = LINE('',#5598,#5599);
#5598 = CARTESIAN_POINT('',(82.502503,-38.212313,1.51));
#5599 = VECTOR('',#5600,1.);
#5600 = DIRECTION('',(-0.202205297539,-0.979343156226,0.));
#5601 = ORIENTED_EDGE('',*,*,#5602,.F.);
#5602 = EDGE_CURVE('',#5603,#5595,#5605,.T.);
#5603 = VERTEX_POINT('',#5604);
#5604 = CARTESIAN_POINT('',(82.653515,-37.530563,1.51));
#5605 = LINE('',#5606,#5607);
#5606 = CARTESIAN_POINT('',(82.653515,-37.530563,1.51));
#5607 = VECTOR('',#5608,1.);
#5608 = DIRECTION('',(-0.216264429846,-0.976334828009,0.));
#5609 = ORIENTED_EDGE('',*,*,#5610,.F.);
#5610 = EDGE_CURVE('',#5611,#5603,#5613,.T.);
#5611 = VERTEX_POINT('',#5612);
#5612 = CARTESIAN_POINT('',(82.815195,-36.847176,1.51));
#5613 = LINE('',#5614,#5615);
#5614 = CARTESIAN_POINT('',(82.815195,-36.847176,1.51));
#5615 = VECTOR('',#5616,1.);
#5616 = DIRECTION('',(-0.230230663393,-0.973136085876,0.));
#5617 = ORIENTED_EDGE('',*,*,#5618,.F.);
#5618 = EDGE_CURVE('',#5619,#5611,#5621,.T.);
#5619 = VERTEX_POINT('',#5620);
#5620 = CARTESIAN_POINT('',(82.987057,-36.16439,1.51));
#5621 = LINE('',#5622,#5623);
#5622 = CARTESIAN_POINT('',(82.987057,-36.16439,1.51));
#5623 = VECTOR('',#5624,1.);
#5624 = DIRECTION('',(-0.244093283063,-0.969751756463,0.));
#5625 = ORIENTED_EDGE('',*,*,#5626,.F.);
#5626 = EDGE_CURVE('',#5627,#5619,#5629,.T.);
#5627 = VERTEX_POINT('',#5628);
#5628 = CARTESIAN_POINT('',(83.169833,-35.479513,1.51));
#5629 = LINE('',#5630,#5631);
#5630 = CARTESIAN_POINT('',(83.169833,-35.479513,1.51));
#5631 = VECTOR('',#5632,1.);
#5632 = DIRECTION('',(-0.257849847139,-0.966185001089,0.));
#5633 = ORIENTED_EDGE('',*,*,#5634,.F.);
#5634 = EDGE_CURVE('',#5635,#5627,#5637,.T.);
#5635 = VERTEX_POINT('',#5636);
#5636 = CARTESIAN_POINT('',(83.362872,-34.79518,1.51));
#5637 = LINE('',#5638,#5639);
#5638 = CARTESIAN_POINT('',(83.362872,-34.79518,1.51));
#5639 = VECTOR('',#5640,1.);
#5640 = DIRECTION('',(-0.271488825525,-0.962441591794,0.));
#5641 = ORIENTED_EDGE('',*,*,#5642,.F.);
#5642 = EDGE_CURVE('',#5643,#5635,#5645,.T.);
#5643 = VERTEX_POINT('',#5644);
#5644 = CARTESIAN_POINT('',(83.567104,-34.108305,1.51));
#5645 = LINE('',#5646,#5647);
#5646 = CARTESIAN_POINT('',(83.567104,-34.108305,1.51));
#5647 = VECTOR('',#5648,1.);
#5648 = DIRECTION('',(-0.285003500217,-0.958526475828,0.));
#5649 = ORIENTED_EDGE('',*,*,#5650,.F.);
#5650 = EDGE_CURVE('',#5651,#5643,#5653,.T.);
#5651 = VERTEX_POINT('',#5652);
#5652 = CARTESIAN_POINT('',(83.781691,-33.421917,1.51));
#5653 = LINE('',#5654,#5655);
#5654 = CARTESIAN_POINT('',(83.781691,-33.421917,1.51));
#5655 = VECTOR('',#5656,1.);
#5656 = DIRECTION('',(-0.298389954762,-0.954444044927,0.));
#5657 = ORIENTED_EDGE('',*,*,#5658,.F.);
#5658 = EDGE_CURVE('',#5659,#5651,#5661,.T.);
#5659 = VERTEX_POINT('',#5660);
#5660 = CARTESIAN_POINT('',(84.00779,-32.732535,1.51));
#5661 = LINE('',#5662,#5663);
#5662 = CARTESIAN_POINT('',(84.00779,-32.732535,1.51));
#5663 = VECTOR('',#5664,1.);
#5664 = DIRECTION('',(-0.311640418167,-0.950200110379,0.));
#5665 = ORIENTED_EDGE('',*,*,#5666,.F.);
#5666 = EDGE_CURVE('',#5667,#5659,#5669,.T.);
#5667 = VERTEX_POINT('',#5668);
#5668 = CARTESIAN_POINT('',(84.244348,-32.043581,1.51));
#5669 = LINE('',#5670,#5671);
#5670 = CARTESIAN_POINT('',(84.244348,-32.043581,1.51));
#5671 = VECTOR('',#5672,1.);
#5672 = DIRECTION('',(-0.324748337497,-0.945800463784,0.));
#5673 = ORIENTED_EDGE('',*,*,#5674,.F.);
#5674 = EDGE_CURVE('',#5675,#5667,#5677,.T.);
#5675 = VERTEX_POINT('',#5676);
#5676 = CARTESIAN_POINT('',(84.492773,-31.351184,1.51));
#5677 = LINE('',#5678,#5679);
#5678 = CARTESIAN_POINT('',(84.492773,-31.351184,1.51));
#5679 = VECTOR('',#5680,1.);
#5680 = DIRECTION('',(-0.337710885821,-0.941249891154,0.));
#5681 = ORIENTED_EDGE('',*,*,#5682,.F.);
#5682 = EDGE_CURVE('',#5683,#5675,#5685,.T.);
#5683 = VERTEX_POINT('',#5684);
#5684 = CARTESIAN_POINT('',(84.751773,-30.659157,1.51));
#5685 = LINE('',#5686,#5687);
#5686 = CARTESIAN_POINT('',(84.751773,-30.659157,1.51));
#5687 = VECTOR('',#5688,1.);
#5688 = DIRECTION('',(-0.350518104829,-0.936555955716,0.));
#5689 = ORIENTED_EDGE('',*,*,#5690,.F.);
#5690 = EDGE_CURVE('',#5691,#5683,#5693,.T.);
#5691 = VERTEX_POINT('',#5692);
#5692 = CARTESIAN_POINT('',(85.023032,-29.963235,1.51));
#5693 = LINE('',#5694,#5695);
#5694 = CARTESIAN_POINT('',(85.023032,-29.963235,1.51));
#5695 = VECTOR('',#5696,1.);
#5696 = DIRECTION('',(-0.363170284098,-0.931722783208,0.));
#5697 = ORIENTED_EDGE('',*,*,#5698,.F.);
#5698 = EDGE_CURVE('',#5699,#5691,#5701,.T.);
#5699 = VERTEX_POINT('',#5700);
#5700 = CARTESIAN_POINT('',(85.304996,-29.267623,1.51));
#5701 = LINE('',#5702,#5703);
#5702 = CARTESIAN_POINT('',(85.304996,-29.267623,1.51));
#5703 = VECTOR('',#5704,1.);
#5704 = DIRECTION('',(-0.375658349329,-0.926758223367,0.));
#5705 = ORIENTED_EDGE('',*,*,#5706,.F.);
#5706 = EDGE_CURVE('',#5707,#5699,#5709,.T.);
#5707 = VERTEX_POINT('',#5708);
#5708 = CARTESIAN_POINT('',(85.599646,-28.567666,1.51));
#5709 = LINE('',#5710,#5711);
#5710 = CARTESIAN_POINT('',(85.599646,-28.567666,1.51));
#5711 = VECTOR('',#5712,1.);
#5712 = DIRECTION('',(-0.387980119151,-0.921667742272,0.));
#5713 = ORIENTED_EDGE('',*,*,#5714,.F.);
#5714 = EDGE_CURVE('',#5715,#5707,#5717,.T.);
#5715 = VERTEX_POINT('',#5716);
#5716 = CARTESIAN_POINT('',(85.905145,-27.867956,1.51));
#5717 = LINE('',#5718,#5719);
#5718 = CARTESIAN_POINT('',(85.905145,-27.867956,1.51));
#5719 = VECTOR('',#5720,1.);
#5720 = DIRECTION('',(-0.400132592512,-0.916457259456,0.));
#5721 = ORIENTED_EDGE('',*,*,#5722,.F.);
#5722 = EDGE_CURVE('',#5723,#5715,#5725,.T.);
#5723 = VERTEX_POINT('',#5724);
#5724 = CARTESIAN_POINT('',(86.223797,-27.163451,1.51));
#5725 = LINE('',#5726,#5727);
#5726 = CARTESIAN_POINT('',(86.223797,-27.163451,1.51));
#5727 = VECTOR('',#5728,1.);
#5728 = DIRECTION('',(-0.412111352332,-0.911133488178,0.));
#5729 = ORIENTED_EDGE('',*,*,#5730,.F.);
#5730 = EDGE_CURVE('',#5731,#5723,#5733,.T.);
#5731 = VERTEX_POINT('',#5732);
#5732 = CARTESIAN_POINT('',(86.553453,-26.459128,1.51));
#5733 = LINE('',#5734,#5735);
#5734 = CARTESIAN_POINT('',(86.553453,-26.459128,1.51));
#5735 = VECTOR('',#5736,1.);
#5736 = DIRECTION('',(-0.423911513796,-0.905703609616,0.));
#5737 = ORIENTED_EDGE('',*,*,#5738,.F.);
#5738 = EDGE_CURVE('',#5739,#5731,#5741,.T.);
#5739 = VERTEX_POINT('',#5740);
#5740 = CARTESIAN_POINT('',(86.896767,-25.749557,1.51));
#5741 = LINE('',#5742,#5743);
#5742 = CARTESIAN_POINT('',(86.896767,-25.749557,1.51));
#5743 = VECTOR('',#5744,1.);
#5744 = DIRECTION('',(-0.435533372422,-0.90017258429,0.));
#5745 = ORIENTED_EDGE('',*,*,#5746,.F.);
#5746 = EDGE_CURVE('',#5747,#5739,#5749,.T.);
#5747 = VERTEX_POINT('',#5748);
#5748 = CARTESIAN_POINT('',(87.251254,-25.040101,1.51));
#5749 = LINE('',#5750,#5751);
#5750 = CARTESIAN_POINT('',(87.251254,-25.040101,1.51));
#5751 = VECTOR('',#5752,1.);
#5752 = DIRECTION('',(-0.446970478647,-0.894548708131,0.));
#5753 = ORIENTED_EDGE('',*,*,#5754,.F.);
#5754 = EDGE_CURVE('',#5755,#5747,#5757,.T.);
#5755 = VERTEX_POINT('',#5756);
#5756 = CARTESIAN_POINT('',(87.619942,-24.324942,1.51));
#5757 = LINE('',#5758,#5759);
#5758 = CARTESIAN_POINT('',(87.619942,-24.324942,1.51));
#5759 = VECTOR('',#5760,1.);
#5760 = DIRECTION('',(-0.458224470141,-0.888836506318,0.));
#5761 = ORIENTED_EDGE('',*,*,#5762,.F.);
#5762 = EDGE_CURVE('',#5763,#5755,#5765,.T.);
#5763 = VERTEX_POINT('',#5764);
#5764 = CARTESIAN_POINT('',(87.999986,-23.609829,1.51));
#5765 = LINE('',#5766,#5767);
#5766 = CARTESIAN_POINT('',(87.999986,-23.609829,1.51));
#5767 = VECTOR('',#5768,1.);
#5768 = DIRECTION('',(-0.469290256295,-0.883043971355,0.));
#5769 = ORIENTED_EDGE('',*,*,#5770,.F.);
#5770 = EDGE_CURVE('',#5771,#5763,#5773,.T.);
#5771 = VERTEX_POINT('',#5772);
#5772 = CARTESIAN_POINT('',(88.394815,-22.888553,1.51));
#5773 = LINE('',#5774,#5775);
#5774 = CARTESIAN_POINT('',(88.394815,-22.888553,1.51));
#5775 = VECTOR('',#5776,1.);
#5776 = DIRECTION('',(-0.480169156244,-0.877175912456,0.));
#5777 = ORIENTED_EDGE('',*,*,#5778,.F.);
#5778 = EDGE_CURVE('',#5779,#5771,#5781,.T.);
#5779 = VERTEX_POINT('',#5780);
#5780 = CARTESIAN_POINT('',(88.801198,-22.167251,1.51));
#5781 = LINE('',#5782,#5783);
#5782 = CARTESIAN_POINT('',(88.801198,-22.167251,1.51));
#5783 = VECTOR('',#5784,1.);
#5784 = DIRECTION('',(-0.490858106644,-0.871239530291,0.));
#5785 = ORIENTED_EDGE('',*,*,#5786,.F.);
#5786 = EDGE_CURVE('',#5787,#5779,#5789,.T.);
#5787 = VERTEX_POINT('',#5788);
#5788 = CARTESIAN_POINT('',(89.222989,-21.439323,1.51));
#5789 = LINE('',#5790,#5791);
#5790 = CARTESIAN_POINT('',(89.222989,-21.439323,1.51));
#5791 = VECTOR('',#5792,1.);
#5792 = DIRECTION('',(-0.501355833879,-0.865241196335,0.));
#5793 = ORIENTED_EDGE('',*,*,#5794,.F.);
#5794 = EDGE_CURVE('',#5795,#5787,#5797,.T.);
#5795 = VERTEX_POINT('',#5796);
#5796 = CARTESIAN_POINT('',(89.656544,-20.711292,1.51));
#5797 = LINE('',#5798,#5799);
#5798 = CARTESIAN_POINT('',(89.656544,-20.711292,1.51));
#5799 = VECTOR('',#5800,1.);
#5800 = DIRECTION('',(-0.511660931031,-0.859187460137,0.));
#5801 = ORIENTED_EDGE('',*,*,#5802,.F.);
#5802 = EDGE_CURVE('',#5803,#5795,#5805,.T.);
#5803 = VERTEX_POINT('',#5804);
#5804 = CARTESIAN_POINT('',(90.106174,-19.976167,1.51));
#5805 = LINE('',#5806,#5807);
#5806 = CARTESIAN_POINT('',(90.106174,-19.976167,1.51));
#5807 = VECTOR('',#5808,1.);
#5808 = DIRECTION('',(-0.521776907513,-0.853081976592,0.));
#5809 = ORIENTED_EDGE('',*,*,#5810,.F.);
#5810 = EDGE_CURVE('',#5811,#5803,#5813,.T.);
#5811 = VERTEX_POINT('',#5812);
#5812 = CARTESIAN_POINT('',(90.567795,-19.240859,1.51));
#5813 = LINE('',#5814,#5815);
#5814 = CARTESIAN_POINT('',(90.567795,-19.240859,1.51));
#5815 = VECTOR('',#5816,1.);
#5816 = DIRECTION('',(-0.531698718909,-0.846933570187,0.));
#5817 = ORIENTED_EDGE('',*,*,#5818,.F.);
#5818 = EDGE_CURVE('',#5819,#5811,#5821,.T.);
#5819 = VERTEX_POINT('',#5820);
#5820 = CARTESIAN_POINT('',(91.0462,-18.497979,1.51));
#5821 = LINE('',#5822,#5823);
#5822 = CARTESIAN_POINT('',(91.0462,-18.497979,1.51));
#5823 = VECTOR('',#5824,1.);
#5824 = DIRECTION('',(-0.541429516316,-0.840746144126,0.));
#5825 = ORIENTED_EDGE('',*,*,#5826,.F.);
#5826 = EDGE_CURVE('',#5827,#5819,#5829,.T.);
#5827 = VERTEX_POINT('',#5828);
#5828 = CARTESIAN_POINT('',(91.536836,-17.754834,1.51));
#5829 = LINE('',#5830,#5831);
#5830 = CARTESIAN_POINT('',(91.536836,-17.754834,1.51));
#5831 = VECTOR('',#5832,1.);
#5832 = DIRECTION('',(-0.550967593215,-0.834526639016,0.));
#5833 = ORIENTED_EDGE('',*,*,#5834,.F.);
#5834 = EDGE_CURVE('',#5835,#5827,#5837,.T.);
#5835 = VERTEX_POINT('',#5836);
#5836 = CARTESIAN_POINT('',(92.045012,-17.003631,1.51));
#5837 = LINE('',#5838,#5839);
#5838 = CARTESIAN_POINT('',(92.045012,-17.003631,1.51));
#5839 = VECTOR('',#5840,1.);
#5840 = DIRECTION('',(-0.56031637592,-0.828278672233,0.));
#5841 = ORIENTED_EDGE('',*,*,#5842,.F.);
#5842 = EDGE_CURVE('',#5843,#5835,#5845,.T.);
#5843 = VERTEX_POINT('',#5844);
#5844 = CARTESIAN_POINT('',(92.565675,-16.252075,1.51));
#5845 = LINE('',#5846,#5847);
#5846 = CARTESIAN_POINT('',(92.565675,-16.252075,1.51));
#5847 = VECTOR('',#5848,1.);
#5848 = DIRECTION('',(-0.569472426692,-0.822010434993,0.));
#5849 = ORIENTED_EDGE('',*,*,#5850,.F.);
#5850 = EDGE_CURVE('',#5851,#5843,#5853,.T.);
#5851 = VERTEX_POINT('',#5852);
#5852 = CARTESIAN_POINT('',(93.104679,-15.491965,1.51));
#5853 = LINE('',#5854,#5855);
#5854 = CARTESIAN_POINT('',(93.104679,-15.491965,1.51));
#5855 = VECTOR('',#5856,1.);
#5856 = DIRECTION('',(-0.578440852134,-0.815724328791,0.));
#5857 = ORIENTED_EDGE('',*,*,#5858,.F.);
#5858 = EDGE_CURVE('',#5859,#5851,#5861,.T.);
#5859 = VERTEX_POINT('',#5860);
#5860 = CARTESIAN_POINT('',(93.656444,-14.731409,1.51));
#5861 = LINE('',#5862,#5863);
#5862 = CARTESIAN_POINT('',(93.656444,-14.731409,1.51));
#5863 = VECTOR('',#5864,1.);
#5864 = DIRECTION('',(-0.587219999959,-0.809427372683,0.));
#5865 = ORIENTED_EDGE('',*,*,#5866,.F.);
#5866 = EDGE_CURVE('',#5867,#5859,#5869,.T.);
#5867 = VERTEX_POINT('',#5868);
#5868 = CARTESIAN_POINT('',(94.227401,-13.96179,1.51));
#5869 = LINE('',#5870,#5871);
#5870 = CARTESIAN_POINT('',(94.227401,-13.96179,1.51));
#5871 = VECTOR('',#5872,1.);
#5872 = DIRECTION('',(-0.595812837206,-0.803123317443,0.));
#5873 = ORIENTED_EDGE('',*,*,#5874,.F.);
#5874 = EDGE_CURVE('',#5875,#5867,#5877,.T.);
#5875 = VERTEX_POINT('',#5876);
#5876 = CARTESIAN_POINT('',(94.811407,-13.191627,1.51));
#5877 = LINE('',#5878,#5879);
#5878 = CARTESIAN_POINT('',(94.811407,-13.191627,1.51));
#5879 = VECTOR('',#5880,1.);
#5880 = DIRECTION('',(-0.604218628402,-0.796818579786,0.));
#5881 = ORIENTED_EDGE('',*,*,#5882,.F.);
#5882 = EDGE_CURVE('',#5883,#5875,#5885,.T.);
#5883 = VERTEX_POINT('',#5884);
#5884 = CARTESIAN_POINT('',(95.415509,-12.411878,1.51));
#5885 = LINE('',#5886,#5887);
#5886 = CARTESIAN_POINT('',(95.415509,-12.411878,1.51));
#5887 = VECTOR('',#5888,1.);
#5888 = DIRECTION('',(-0.612442779911,-0.79051492164,0.));
#5889 = ORIENTED_EDGE('',*,*,#5890,.F.);
#5890 = EDGE_CURVE('',#5891,#5883,#5893,.T.);
#5891 = VERTEX_POINT('',#5892);
#5892 = CARTESIAN_POINT('',(96.032967,-11.631482,1.51));
#5893 = LINE('',#5894,#5895);
#5894 = CARTESIAN_POINT('',(96.032967,-11.631482,1.51));
#5895 = VECTOR('',#5896,1.);
#5896 = DIRECTION('',(-0.620483313522,-0.784219648849,0.));
#5897 = ORIENTED_EDGE('',*,*,#5898,.F.);
#5898 = EDGE_CURVE('',#5899,#5891,#5901,.T.);
#5899 = VERTEX_POINT('',#5900);
#5900 = CARTESIAN_POINT('',(96.671478,-10.840959,1.51));
#5901 = LINE('',#5902,#5903);
#5902 = CARTESIAN_POINT('',(96.671478,-10.840959,1.51));
#5903 = VECTOR('',#5904,1.);
#5904 = DIRECTION('',(-0.628344047581,-0.777935574369,0.));
#5905 = ORIENTED_EDGE('',*,*,#5906,.F.);
#5906 = EDGE_CURVE('',#5907,#5899,#5909,.T.);
#5907 = VERTEX_POINT('',#5908);
#5908 = CARTESIAN_POINT('',(97.32367,-10.04968,1.51));
#5909 = LINE('',#5910,#5911);
#5910 = CARTESIAN_POINT('',(97.32367,-10.04968,1.51));
#5911 = VECTOR('',#5912,1.);
#5912 = DIRECTION('',(-0.636027080692,-0.771666736763,0.));
#5913 = ORIENTED_EDGE('',*,*,#5914,.F.);
#5914 = EDGE_CURVE('',#5915,#5907,#5917,.T.);
#5915 = VERTEX_POINT('',#5916);
#5916 = CARTESIAN_POINT('',(97.997933,-9.247715,1.51));
#5917 = LINE('',#5918,#5919);
#5918 = CARTESIAN_POINT('',(97.997933,-9.247715,1.51));
#5919 = VECTOR('',#5920,1.);
#5920 = DIRECTION('',(-0.643534711386,-0.765416929027,0.));
#5921 = ORIENTED_EDGE('',*,*,#5922,.F.);
#5922 = EDGE_CURVE('',#114,#5915,#5923,.T.);
#5923 = LINE('',#5924,#5925);
#5924 = CARTESIAN_POINT('',(98.686219,-8.444876,1.51));
#5925 = VECTOR('',#5926,1.);
#5926 = DIRECTION('',(-0.650866753979,-0.759191983997,0.));
#5927 = ORIENTED_EDGE('',*,*,#113,.F.);
#5928 = FACE_BOUND('',#5929,.T.);
#5929 = EDGE_LOOP('',(#5930));
#5930 = ORIENTED_EDGE('',*,*,#5931,.F.);
#5931 = EDGE_CURVE('',#5932,#5932,#5934,.T.);
#5932 = VERTEX_POINT('',#5933);
#5933 = CARTESIAN_POINT('',(9.300207,-94.5,1.51));
#5934 = CIRCLE('',#5935,3.9);
#5935 = AXIS2_PLACEMENT_3D('',#5936,#5937,#5938);
#5936 = CARTESIAN_POINT('',(5.400207,-94.5,1.51));
#5937 = DIRECTION('',(0.,0.,1.));
#5938 = DIRECTION('',(1.,0.,-0.));
#5939 = FACE_BOUND('',#5940,.T.);
#5940 = EDGE_LOOP('',(#5941));
#5941 = ORIENTED_EDGE('',*,*,#5942,.T.);
#5942 = EDGE_CURVE('',#5943,#5943,#5945,.T.);
#5943 = VERTEX_POINT('',#5944);
#5944 = CARTESIAN_POINT('',(13.475,-90.25,1.51));
#5945 = CIRCLE('',#5946,0.5);
#5946 = AXIS2_PLACEMENT_3D('',#5947,#5948,#5949);
#5947 = CARTESIAN_POINT('',(13.475,-89.75,1.51));
#5948 = DIRECTION('',(-0.,0.,-1.));
#5949 = DIRECTION('',(-0.,-1.,0.));
#5950 = FACE_BOUND('',#5951,.T.);
#5951 = EDGE_LOOP('',(#5952));
#5952 = ORIENTED_EDGE('',*,*,#5953,.T.);
#5953 = EDGE_CURVE('',#5954,#5954,#5956,.T.);
#5954 = VERTEX_POINT('',#5955);
#5955 = CARTESIAN_POINT('',(16.015,-90.25,1.51));
#5956 = CIRCLE('',#5957,0.5);
#5957 = AXIS2_PLACEMENT_3D('',#5958,#5959,#5960);
#5958 = CARTESIAN_POINT('',(16.015,-89.75,1.51));
#5959 = DIRECTION('',(-0.,0.,-1.));
#5960 = DIRECTION('',(-0.,-1.,0.));
#5961 = FACE_BOUND('',#5962,.T.);
#5962 = EDGE_LOOP('',(#5963));
#5963 = ORIENTED_EDGE('',*,*,#5964,.F.);
#5964 = EDGE_CURVE('',#5965,#5965,#5967,.T.);
#5965 = VERTEX_POINT('',#5966);
#5966 = CARTESIAN_POINT('',(35.5,-77.5,1.51));
#5967 = CIRCLE('',#5968,3.);
#5968 = AXIS2_PLACEMENT_3D('',#5969,#5970,#5971);
#5969 = CARTESIAN_POINT('',(32.5,-77.5,1.51));
#5970 = DIRECTION('',(0.,0.,1.));
#5971 = DIRECTION('',(1.,0.,-0.));
#5972 = FACE_BOUND('',#5973,.T.);
#5973 = EDGE_LOOP('',(#5974));
#5974 = ORIENTED_EDGE('',*,*,#5975,.T.);
#5975 = EDGE_CURVE('',#5976,#5976,#5978,.T.);
#5976 = VERTEX_POINT('',#5977);
#5977 = CARTESIAN_POINT('',(49.25,-79.075,1.51));
#5978 = CIRCLE('',#5979,0.375);
#5979 = AXIS2_PLACEMENT_3D('',#5980,#5981,#5982);
#5980 = CARTESIAN_POINT('',(49.25,-78.7,1.51));
#5981 = DIRECTION('',(-0.,0.,-1.));
#5982 = DIRECTION('',(-0.,-1.,0.));
#5983 = FACE_BOUND('',#5984,.T.);
#5984 = EDGE_LOOP('',(#5985,#5995,#6003,#6011));
#5985 = ORIENTED_EDGE('',*,*,#5986,.F.);
#5986 = EDGE_CURVE('',#5987,#5989,#5991,.T.);
#5987 = VERTEX_POINT('',#5988);
#5988 = CARTESIAN_POINT('',(39.9,-76.3,1.51));
#5989 = VERTEX_POINT('',#5990);
#5990 = CARTESIAN_POINT('',(41.9,-76.3,1.51));
#5991 = LINE('',#5992,#5993);
#5992 = CARTESIAN_POINT('',(39.9,-76.3,1.51));
#5993 = VECTOR('',#5994,1.);
#5994 = DIRECTION('',(1.,0.,0.));
#5995 = ORIENTED_EDGE('',*,*,#5996,.F.);
#5996 = EDGE_CURVE('',#5997,#5987,#5999,.T.);
#5997 = VERTEX_POINT('',#5998);
#5998 = CARTESIAN_POINT('',(39.9,-71.3,1.51));
#5999 = LINE('',#6000,#6001);
#6000 = CARTESIAN_POINT('',(39.9,-71.3,1.51));
#6001 = VECTOR('',#6002,1.);
#6002 = DIRECTION('',(0.,-1.,0.));
#6003 = ORIENTED_EDGE('',*,*,#6004,.F.);
#6004 = EDGE_CURVE('',#6005,#5997,#6007,.T.);
#6005 = VERTEX_POINT('',#6006);
#6006 = CARTESIAN_POINT('',(41.9,-71.3,1.51));
#6007 = LINE('',#6008,#6009);
#6008 = CARTESIAN_POINT('',(41.9,-71.3,1.51));
#6009 = VECTOR('',#6010,1.);
#6010 = DIRECTION('',(-1.,0.,0.));
#6011 = ORIENTED_EDGE('',*,*,#6012,.F.);
#6012 = EDGE_CURVE('',#5989,#6005,#6013,.T.);
#6013 = LINE('',#6014,#6015);
#6014 = CARTESIAN_POINT('',(41.9,-76.3,1.51));
#6015 = VECTOR('',#6016,1.);
#6016 = DIRECTION('',(0.,1.,0.));
#6017 = FACE_BOUND('',#6018,.T.);
#6018 = EDGE_LOOP('',(#6019));
#6019 = ORIENTED_EDGE('',*,*,#6020,.T.);
#6020 = EDGE_CURVE('',#6021,#6021,#6023,.T.);
#6021 = VERTEX_POINT('',#6022);
#6022 = CARTESIAN_POINT('',(51.25,-79.075,1.51));
#6023 = CIRCLE('',#6024,0.375);
#6024 = AXIS2_PLACEMENT_3D('',#6025,#6026,#6027);
#6025 = CARTESIAN_POINT('',(51.25,-78.7,1.51));
#6026 = DIRECTION('',(-0.,0.,-1.));
#6027 = DIRECTION('',(-0.,-1.,0.));
#6028 = FACE_BOUND('',#6029,.T.);
#6029 = EDGE_LOOP('',(#6030));
#6030 = ORIENTED_EDGE('',*,*,#6031,.F.);
#6031 = EDGE_CURVE('',#6032,#6032,#6034,.T.);
#6032 = VERTEX_POINT('',#6033);
#6033 = CARTESIAN_POINT('',(70.5,-77.5,1.51));
#6034 = CIRCLE('',#6035,3.);
#6035 = AXIS2_PLACEMENT_3D('',#6036,#6037,#6038);
#6036 = CARTESIAN_POINT('',(67.5,-77.5,1.51));
#6037 = DIRECTION('',(0.,0.,1.));
#6038 = DIRECTION('',(1.,0.,-0.));
#6039 = FACE_BOUND('',#6040,.T.);
#6040 = EDGE_LOOP('',(#6041));
#6041 = ORIENTED_EDGE('',*,*,#6042,.T.);
#6042 = EDGE_CURVE('',#6043,#6043,#6045,.T.);
#6043 = VERTEX_POINT('',#6044);
#6044 = CARTESIAN_POINT('',(84.725,-90.,1.51));
#6045 = CIRCLE('',#6046,0.5);
#6046 = AXIS2_PLACEMENT_3D('',#6047,#6048,#6049);
#6047 = CARTESIAN_POINT('',(84.725,-89.5,1.51));
#6048 = DIRECTION('',(-0.,0.,-1.));
#6049 = DIRECTION('',(-0.,-1.,0.));
#6050 = FACE_BOUND('',#6051,.T.);
#6051 = EDGE_LOOP('',(#6052));
#6052 = ORIENTED_EDGE('',*,*,#6053,.F.);
#6053 = EDGE_CURVE('',#6054,#6054,#6056,.T.);
#6054 = VERTEX_POINT('',#6055);
#6055 = CARTESIAN_POINT('',(98.300207,-94.5,1.51));
#6056 = CIRCLE('',#6057,3.9);
#6057 = AXIS2_PLACEMENT_3D('',#6058,#6059,#6060);
#6058 = CARTESIAN_POINT('',(94.400207,-94.5,1.51));
#6059 = DIRECTION('',(0.,0.,1.));
#6060 = DIRECTION('',(1.,0.,-0.));
#6061 = FACE_BOUND('',#6062,.T.);
#6062 = EDGE_LOOP('',(#6063));
#6063 = ORIENTED_EDGE('',*,*,#6064,.T.);
#6064 = EDGE_CURVE('',#6065,#6065,#6067,.T.);
#6065 = VERTEX_POINT('',#6066);
#6066 = CARTESIAN_POINT('',(87.265,-90.,1.51));
#6067 = CIRCLE('',#6068,0.5);
#6068 = AXIS2_PLACEMENT_3D('',#6069,#6070,#6071);
#6069 = CARTESIAN_POINT('',(87.265,-89.5,1.51));
#6070 = DIRECTION('',(-0.,0.,-1.));
#6071 = DIRECTION('',(-0.,-1.,0.));
#6072 = FACE_BOUND('',#6073,.T.);
#6073 = EDGE_LOOP('',(#6074,#6084,#6092,#6100));
#6074 = ORIENTED_EDGE('',*,*,#6075,.F.);
#6075 = EDGE_CURVE('',#6076,#6078,#6080,.T.);
#6076 = VERTEX_POINT('',#6077);
#6077 = CARTESIAN_POINT('',(57.9,-76.3,1.51));
#6078 = VERTEX_POINT('',#6079);
#6079 = CARTESIAN_POINT('',(59.9,-76.3,1.51));
#6080 = LINE('',#6081,#6082);
#6081 = CARTESIAN_POINT('',(57.9,-76.3,1.51));
#6082 = VECTOR('',#6083,1.);
#6083 = DIRECTION('',(1.,0.,0.));
#6084 = ORIENTED_EDGE('',*,*,#6085,.F.);
#6085 = EDGE_CURVE('',#6086,#6076,#6088,.T.);
#6086 = VERTEX_POINT('',#6087);
#6087 = CARTESIAN_POINT('',(57.9,-71.3,1.51));
#6088 = LINE('',#6089,#6090);
#6089 = CARTESIAN_POINT('',(57.9,-71.3,1.51));
#6090 = VECTOR('',#6091,1.);
#6091 = DIRECTION('',(0.,-1.,0.));
#6092 = ORIENTED_EDGE('',*,*,#6093,.F.);
#6093 = EDGE_CURVE('',#6094,#6086,#6096,.T.);
#6094 = VERTEX_POINT('',#6095);
#6095 = CARTESIAN_POINT('',(59.9,-71.3,1.51));
#6096 = LINE('',#6097,#6098);
#6097 = CARTESIAN_POINT('',(59.9,-71.3,1.51));
#6098 = VECTOR('',#6099,1.);
#6099 = DIRECTION('',(-1.,0.,0.));
#6100 = ORIENTED_EDGE('',*,*,#6101,.F.);
#6101 = EDGE_CURVE('',#6078,#6094,#6102,.T.);
#6102 = LINE('',#6103,#6104);
#6103 = CARTESIAN_POINT('',(59.9,-76.3,1.51));
#6104 = VECTOR('',#6105,1.);
#6105 = DIRECTION('',(0.,1.,0.));
#6106 = FACE_BOUND('',#6107,.T.);
#6107 = EDGE_LOOP('',(#6108));
#6108 = ORIENTED_EDGE('',*,*,#6109,.T.);
#6109 = EDGE_CURVE('',#6110,#6110,#6112,.T.);
#6110 = VERTEX_POINT('',#6111);
#6111 = CARTESIAN_POINT('',(77.9535,-52.7,1.51));
#6112 = CIRCLE('',#6113,0.45);
#6113 = AXIS2_PLACEMENT_3D('',#6114,#6115,#6116);
#6114 = CARTESIAN_POINT('',(77.9535,-52.25,1.51));
#6115 = DIRECTION('',(-0.,0.,-1.));
#6116 = DIRECTION('',(3.157967714489E-14,-1.,-0.));
#6117 = FACE_BOUND('',#6118,.T.);
#6118 = EDGE_LOOP('',(#6119,#6129,#6137,#6145));
#6119 = ORIENTED_EDGE('',*,*,#6120,.F.);
#6120 = EDGE_CURVE('',#6121,#6123,#6125,.T.);
#6121 = VERTEX_POINT('',#6122);
#6122 = CARTESIAN_POINT('',(40.,-31.7,1.51));
#6123 = VERTEX_POINT('',#6124);
#6124 = CARTESIAN_POINT('',(42.,-31.7,1.51));
#6125 = LINE('',#6126,#6127);
#6126 = CARTESIAN_POINT('',(40.,-31.7,1.51));
#6127 = VECTOR('',#6128,1.);
#6128 = DIRECTION('',(1.,0.,0.));
#6129 = ORIENTED_EDGE('',*,*,#6130,.F.);
#6130 = EDGE_CURVE('',#6131,#6121,#6133,.T.);
#6131 = VERTEX_POINT('',#6132);
#6132 = CARTESIAN_POINT('',(40.,-26.7,1.51));
#6133 = LINE('',#6134,#6135);
#6134 = CARTESIAN_POINT('',(40.,-26.7,1.51));
#6135 = VECTOR('',#6136,1.);
#6136 = DIRECTION('',(0.,-1.,0.));
#6137 = ORIENTED_EDGE('',*,*,#6138,.F.);
#6138 = EDGE_CURVE('',#6139,#6131,#6141,.T.);
#6139 = VERTEX_POINT('',#6140);
#6140 = CARTESIAN_POINT('',(42.,-26.7,1.51));
#6141 = LINE('',#6142,#6143);
#6142 = CARTESIAN_POINT('',(42.,-26.7,1.51));
#6143 = VECTOR('',#6144,1.);
#6144 = DIRECTION('',(-1.,0.,0.));
#6145 = ORIENTED_EDGE('',*,*,#6146,.F.);
#6146 = EDGE_CURVE('',#6123,#6139,#6147,.T.);
#6147 = LINE('',#6148,#6149);
#6148 = CARTESIAN_POINT('',(42.,-31.7,1.51));
#6149 = VECTOR('',#6150,1.);
#6150 = DIRECTION('',(0.,1.,0.));
#6151 = FACE_BOUND('',#6152,.T.);
#6152 = EDGE_LOOP('',(#6153,#6164,#6172,#6181));
#6153 = ORIENTED_EDGE('',*,*,#6154,.T.);
#6154 = EDGE_CURVE('',#6155,#6157,#6159,.T.);
#6155 = VERTEX_POINT('',#6156);
#6156 = CARTESIAN_POINT('',(45.520001,-26.340013,1.51));
#6157 = VERTEX_POINT('',#6158);
#6158 = CARTESIAN_POINT('',(46.319999,-26.340013,1.51));
#6159 = CIRCLE('',#6160,0.399999);
#6160 = AXIS2_PLACEMENT_3D('',#6161,#6162,#6163);
#6161 = CARTESIAN_POINT('',(45.92,-26.340013,1.51));
#6162 = DIRECTION('',(0.,-0.,-1.));
#6163 = DIRECTION('',(1.,2.664541920455E-14,-0.));
#6164 = ORIENTED_EDGE('',*,*,#6165,.T.);
#6165 = EDGE_CURVE('',#6157,#6166,#6168,.T.);
#6166 = VERTEX_POINT('',#6167);
#6167 = CARTESIAN_POINT('',(46.319999,-27.139987,1.51));
#6168 = LINE('',#6169,#6170);
#6169 = CARTESIAN_POINT('',(46.319999,-13.5699935,1.51));
#6170 = VECTOR('',#6171,1.);
#6171 = DIRECTION('',(0.,-1.,0.));
#6172 = ORIENTED_EDGE('',*,*,#6173,.T.);
#6173 = EDGE_CURVE('',#6166,#6174,#6176,.T.);
#6174 = VERTEX_POINT('',#6175);
#6175 = CARTESIAN_POINT('',(45.520001,-27.139987,1.51));
#6176 = CIRCLE('',#6177,0.399999);
#6177 = AXIS2_PLACEMENT_3D('',#6178,#6179,#6180);
#6178 = CARTESIAN_POINT('',(45.92,-27.139987,1.51));
#6179 = DIRECTION('',(-0.,0.,-1.));
#6180 = DIRECTION('',(-1.,-1.776361280303E-14,0.));
#6181 = ORIENTED_EDGE('',*,*,#6182,.T.);
#6182 = EDGE_CURVE('',#6174,#6155,#6183,.T.);
#6183 = LINE('',#6184,#6185);
#6184 = CARTESIAN_POINT('',(45.520001,-13.1700065,1.51));
#6185 = VECTOR('',#6186,1.);
#6186 = DIRECTION('',(-0.,1.,0.));
#6187 = FACE_BOUND('',#6188,.T.);
#6188 = EDGE_LOOP('',(#6189));
#6189 = ORIENTED_EDGE('',*,*,#6190,.T.);
#6190 = EDGE_CURVE('',#6191,#6191,#6193,.T.);
#6191 = VERTEX_POINT('',#6192);
#6192 = CARTESIAN_POINT('',(47.35,-26.615,1.51));
#6193 = CIRCLE('',#6194,0.375);
#6194 = AXIS2_PLACEMENT_3D('',#6195,#6196,#6197);
#6195 = CARTESIAN_POINT('',(47.35,-26.24,1.51));
#6196 = DIRECTION('',(-0.,0.,-1.));
#6197 = DIRECTION('',(-0.,-1.,0.));
#6198 = FACE_BOUND('',#6199,.T.);
#6199 = EDGE_LOOP('',(#6200));
#6200 = ORIENTED_EDGE('',*,*,#6201,.T.);
#6201 = EDGE_CURVE('',#6202,#6202,#6204,.T.);
#6202 = VERTEX_POINT('',#6203);
#6203 = CARTESIAN_POINT('',(12.235,-11.,1.51));
#6204 = CIRCLE('',#6205,0.5);
#6205 = AXIS2_PLACEMENT_3D('',#6206,#6207,#6208);
#6206 = CARTESIAN_POINT('',(12.235,-10.5,1.51));
#6207 = DIRECTION('',(-0.,0.,-1.));
#6208 = DIRECTION('',(-0.,-1.,0.));
#6209 = FACE_BOUND('',#6210,.T.);
#6210 = EDGE_LOOP('',(#6211));
#6211 = ORIENTED_EDGE('',*,*,#6212,.F.);
#6212 = EDGE_CURVE('',#6213,#6213,#6215,.T.);
#6213 = VERTEX_POINT('',#6214);
#6214 = CARTESIAN_POINT('',(9.300207,-5.5,1.51));
#6215 = CIRCLE('',#6216,3.9);
#6216 = AXIS2_PLACEMENT_3D('',#6217,#6218,#6219);
#6217 = CARTESIAN_POINT('',(5.400207,-5.5,1.51));
#6218 = DIRECTION('',(0.,0.,1.));
#6219 = DIRECTION('',(1.,0.,-0.));
#6220 = FACE_BOUND('',#6221,.T.);
#6221 = EDGE_LOOP('',(#6222));
#6222 = ORIENTED_EDGE('',*,*,#6223,.T.);
#6223 = EDGE_CURVE('',#6224,#6224,#6226,.T.);
#6224 = VERTEX_POINT('',#6225);
#6225 = CARTESIAN_POINT('',(14.775,-11.,1.51));
#6226 = CIRCLE('',#6227,0.5);
#6227 = AXIS2_PLACEMENT_3D('',#6228,#6229,#6230);
#6228 = CARTESIAN_POINT('',(14.775,-10.5,1.51));
#6229 = DIRECTION('',(-0.,0.,-1.));
#6230 = DIRECTION('',(-0.,-1.,0.));
#6231 = FACE_BOUND('',#6232,.T.);
#6232 = EDGE_LOOP('',(#6233));
#6233 = ORIENTED_EDGE('',*,*,#6234,.F.);
#6234 = EDGE_CURVE('',#6235,#6235,#6237,.T.);
#6235 = VERTEX_POINT('',#6236);
#6236 = CARTESIAN_POINT('',(35.5,-22.5,1.51));
#6237 = CIRCLE('',#6238,3.);
#6238 = AXIS2_PLACEMENT_3D('',#6239,#6240,#6241);
#6239 = CARTESIAN_POINT('',(32.5,-22.5,1.51));
#6240 = DIRECTION('',(0.,0.,1.));
#6241 = DIRECTION('',(1.,0.,-0.));
#6242 = FACE_BOUND('',#6243,.T.);
#6243 = EDGE_LOOP('',(#6244,#6255,#6263,#6272));
#6244 = ORIENTED_EDGE('',*,*,#6245,.T.);
#6245 = EDGE_CURVE('',#6246,#6248,#6250,.T.);
#6246 = VERTEX_POINT('',#6247);
#6247 = CARTESIAN_POINT('',(45.520001,-22.26,1.51));
#6248 = VERTEX_POINT('',#6249);
#6249 = CARTESIAN_POINT('',(46.319999,-22.26,1.51));
#6250 = CIRCLE('',#6251,0.399999);
#6251 = AXIS2_PLACEMENT_3D('',#6252,#6253,#6254);
#6252 = CARTESIAN_POINT('',(45.92,-22.26,1.51));
#6253 = DIRECTION('',(0.,-0.,-1.));
#6254 = DIRECTION('',(1.,8.881806401517E-15,-0.));
#6255 = ORIENTED_EDGE('',*,*,#6256,.T.);
#6256 = EDGE_CURVE('',#6248,#6257,#6259,.T.);
#6257 = VERTEX_POINT('',#6258);
#6258 = CARTESIAN_POINT('',(46.319999,-22.86,1.51));
#6259 = LINE('',#6260,#6261);
#6260 = CARTESIAN_POINT('',(46.319999,-11.43,1.51));
#6261 = VECTOR('',#6262,1.);
#6262 = DIRECTION('',(0.,-1.,0.));
#6263 = ORIENTED_EDGE('',*,*,#6264,.T.);
#6264 = EDGE_CURVE('',#6257,#6265,#6267,.T.);
#6265 = VERTEX_POINT('',#6266);
#6266 = CARTESIAN_POINT('',(45.520001,-22.86,1.51));
#6267 = CIRCLE('',#6268,0.399999);
#6268 = AXIS2_PLACEMENT_3D('',#6269,#6270,#6271);
#6269 = CARTESIAN_POINT('',(45.92,-22.86,1.51));
#6270 = DIRECTION('',(-0.,0.,-1.));
#6271 = DIRECTION('',(-1.,-8.881806401517E-15,0.));
#6272 = ORIENTED_EDGE('',*,*,#6273,.T.);
#6273 = EDGE_CURVE('',#6265,#6246,#6274,.T.);
#6274 = LINE('',#6275,#6276);
#6275 = CARTESIAN_POINT('',(45.520001,-11.13,1.51));
#6276 = VECTOR('',#6277,1.);
#6277 = DIRECTION('',(-0.,1.,0.));
#6278 = FACE_BOUND('',#6279,.T.);
#6279 = EDGE_LOOP('',(#6280));
#6280 = ORIENTED_EDGE('',*,*,#6281,.T.);
#6281 = EDGE_CURVE('',#6282,#6282,#6284,.T.);
#6282 = VERTEX_POINT('',#6283);
#6283 = CARTESIAN_POINT('',(53.15,-26.615,1.51));
#6284 = CIRCLE('',#6285,0.375);
#6285 = AXIS2_PLACEMENT_3D('',#6286,#6287,#6288);
#6286 = CARTESIAN_POINT('',(53.15,-26.24,1.51));
#6287 = DIRECTION('',(-0.,0.,-1.));
#6288 = DIRECTION('',(-0.,-1.,0.));
#6289 = FACE_BOUND('',#6290,.T.);
#6290 = EDGE_LOOP('',(#6291,#6302,#6310,#6319));
#6291 = ORIENTED_EDGE('',*,*,#6292,.T.);
#6292 = EDGE_CURVE('',#6293,#6295,#6297,.T.);
#6293 = VERTEX_POINT('',#6294);
#6294 = CARTESIAN_POINT('',(54.180001,-26.339988,1.51));
#6295 = VERTEX_POINT('',#6296);
#6296 = CARTESIAN_POINT('',(54.979999,-26.339988,1.51));
#6297 = CIRCLE('',#6298,0.399999);
#6298 = AXIS2_PLACEMENT_3D('',#6299,#6300,#6301);
#6299 = CARTESIAN_POINT('',(54.58,-26.339988,1.51));
#6300 = DIRECTION('',(0.,-0.,-1.));
#6301 = DIRECTION('',(1.,8.881806401517E-15,-0.));
#6302 = ORIENTED_EDGE('',*,*,#6303,.T.);
#6303 = EDGE_CURVE('',#6295,#6304,#6306,.T.);
#6304 = VERTEX_POINT('',#6305);
#6305 = CARTESIAN_POINT('',(54.979999,-27.140012,1.51));
#6306 = LINE('',#6307,#6308);
#6307 = CARTESIAN_POINT('',(54.979999,-13.570006,1.51));
#6308 = VECTOR('',#6309,1.);
#6309 = DIRECTION('',(0.,-1.,0.));
#6310 = ORIENTED_EDGE('',*,*,#6311,.T.);
#6311 = EDGE_CURVE('',#6304,#6312,#6314,.T.);
#6312 = VERTEX_POINT('',#6313);
#6313 = CARTESIAN_POINT('',(54.180001,-27.140012,1.51));
#6314 = CIRCLE('',#6315,0.399999);
#6315 = AXIS2_PLACEMENT_3D('',#6316,#6317,#6318);
#6316 = CARTESIAN_POINT('',(54.58,-27.140012,1.51));
#6317 = DIRECTION('',(-0.,0.,-1.));
#6318 = DIRECTION('',(-1.,-8.881806401517E-15,0.));
#6319 = ORIENTED_EDGE('',*,*,#6320,.T.);
#6320 = EDGE_CURVE('',#6312,#6293,#6321,.T.);
#6321 = LINE('',#6322,#6323);
#6322 = CARTESIAN_POINT('',(54.180001,-13.169994,1.51));
#6323 = VECTOR('',#6324,1.);
#6324 = DIRECTION('',(-0.,1.,0.));
#6325 = FACE_BOUND('',#6326,.T.);
#6326 = EDGE_LOOP('',(#6327,#6337,#6345,#6353));
#6327 = ORIENTED_EDGE('',*,*,#6328,.F.);
#6328 = EDGE_CURVE('',#6329,#6331,#6333,.T.);
#6329 = VERTEX_POINT('',#6330);
#6330 = CARTESIAN_POINT('',(58.,-31.7,1.51));
#6331 = VERTEX_POINT('',#6332);
#6332 = CARTESIAN_POINT('',(60.,-31.7,1.51));
#6333 = LINE('',#6334,#6335);
#6334 = CARTESIAN_POINT('',(58.,-31.7,1.51));
#6335 = VECTOR('',#6336,1.);
#6336 = DIRECTION('',(1.,0.,0.));
#6337 = ORIENTED_EDGE('',*,*,#6338,.F.);
#6338 = EDGE_CURVE('',#6339,#6329,#6341,.T.);
#6339 = VERTEX_POINT('',#6340);
#6340 = CARTESIAN_POINT('',(58.,-26.7,1.51));
#6341 = LINE('',#6342,#6343);
#6342 = CARTESIAN_POINT('',(58.,-26.7,1.51));
#6343 = VECTOR('',#6344,1.);
#6344 = DIRECTION('',(0.,-1.,0.));
#6345 = ORIENTED_EDGE('',*,*,#6346,.F.);
#6346 = EDGE_CURVE('',#6347,#6339,#6349,.T.);
#6347 = VERTEX_POINT('',#6348);
#6348 = CARTESIAN_POINT('',(60.,-26.7,1.51));
#6349 = LINE('',#6350,#6351);
#6350 = CARTESIAN_POINT('',(60.,-26.7,1.51));
#6351 = VECTOR('',#6352,1.);
#6352 = DIRECTION('',(-1.,0.,0.));
#6353 = ORIENTED_EDGE('',*,*,#6354,.F.);
#6354 = EDGE_CURVE('',#6331,#6347,#6355,.T.);
#6355 = LINE('',#6356,#6357);
#6356 = CARTESIAN_POINT('',(60.,-31.7,1.51));
#6357 = VECTOR('',#6358,1.);
#6358 = DIRECTION('',(0.,1.,0.));
#6359 = FACE_BOUND('',#6360,.T.);
#6360 = EDGE_LOOP('',(#6361));
#6361 = ORIENTED_EDGE('',*,*,#6362,.T.);
#6362 = EDGE_CURVE('',#6363,#6363,#6365,.T.);
#6363 = VERTEX_POINT('',#6364);
#6364 = CARTESIAN_POINT('',(77.9535,-49.7,1.51));
#6365 = CIRCLE('',#6366,0.45);
#6366 = AXIS2_PLACEMENT_3D('',#6367,#6368,#6369);
#6367 = CARTESIAN_POINT('',(77.9535,-49.25,1.51));
#6368 = DIRECTION('',(-0.,0.,-1.));
#6369 = DIRECTION('',(3.157967714489E-14,-1.,-0.));
#6370 = FACE_BOUND('',#6371,.T.);
#6371 = EDGE_LOOP('',(#6372,#6383,#6391,#6400));
#6372 = ORIENTED_EDGE('',*,*,#6373,.T.);
#6373 = EDGE_CURVE('',#6374,#6376,#6378,.T.);
#6374 = VERTEX_POINT('',#6375);
#6375 = CARTESIAN_POINT('',(54.180001,-22.26,1.51));
#6376 = VERTEX_POINT('',#6377);
#6377 = CARTESIAN_POINT('',(54.979999,-22.26,1.51));
#6378 = CIRCLE('',#6379,0.399999);
#6379 = AXIS2_PLACEMENT_3D('',#6380,#6381,#6382);
#6380 = CARTESIAN_POINT('',(54.58,-22.26,1.51));
#6381 = DIRECTION('',(0.,-0.,-1.));
#6382 = DIRECTION('',(1.,8.881806401517E-15,-0.));
#6383 = ORIENTED_EDGE('',*,*,#6384,.T.);
#6384 = EDGE_CURVE('',#6376,#6385,#6387,.T.);
#6385 = VERTEX_POINT('',#6386);
#6386 = CARTESIAN_POINT('',(54.979999,-22.86,1.51));
#6387 = LINE('',#6388,#6389);
#6388 = CARTESIAN_POINT('',(54.979999,-11.43,1.51));
#6389 = VECTOR('',#6390,1.);
#6390 = DIRECTION('',(0.,-1.,0.));
#6391 = ORIENTED_EDGE('',*,*,#6392,.T.);
#6392 = EDGE_CURVE('',#6385,#6393,#6395,.T.);
#6393 = VERTEX_POINT('',#6394);
#6394 = CARTESIAN_POINT('',(54.180001,-22.86,1.51));
#6395 = CIRCLE('',#6396,0.399999);
#6396 = AXIS2_PLACEMENT_3D('',#6397,#6398,#6399);
#6397 = CARTESIAN_POINT('',(54.58,-22.86,1.51));
#6398 = DIRECTION('',(-0.,0.,-1.));
#6399 = DIRECTION('',(-1.,-8.881806401517E-15,0.));
#6400 = ORIENTED_EDGE('',*,*,#6401,.T.);
#6401 = EDGE_CURVE('',#6393,#6374,#6402,.T.);
#6402 = LINE('',#6403,#6404);
#6403 = CARTESIAN_POINT('',(54.180001,-11.13,1.51));
#6404 = VECTOR('',#6405,1.);
#6405 = DIRECTION('',(-0.,1.,0.));
#6406 = FACE_BOUND('',#6407,.T.);
#6407 = EDGE_LOOP('',(#6408));
#6408 = ORIENTED_EDGE('',*,*,#6409,.F.);
#6409 = EDGE_CURVE('',#6410,#6410,#6412,.T.);
#6410 = VERTEX_POINT('',#6411);
#6411 = CARTESIAN_POINT('',(70.5,-22.5,1.51));
#6412 = CIRCLE('',#6413,3.);
#6413 = AXIS2_PLACEMENT_3D('',#6414,#6415,#6416);
#6414 = CARTESIAN_POINT('',(67.5,-22.5,1.51));
#6415 = DIRECTION('',(0.,0.,1.));
#6416 = DIRECTION('',(1.,0.,-0.));
#6417 = FACE_BOUND('',#6418,.T.);
#6418 = EDGE_LOOP('',(#6419));
#6419 = ORIENTED_EDGE('',*,*,#6420,.T.);
#6420 = EDGE_CURVE('',#6421,#6421,#6423,.T.);
#6421 = VERTEX_POINT('',#6422);
#6422 = CARTESIAN_POINT('',(84.477208,-11.,1.51));
#6423 = CIRCLE('',#6424,0.5);
#6424 = AXIS2_PLACEMENT_3D('',#6425,#6426,#6427);
#6425 = CARTESIAN_POINT('',(84.477208,-10.5,1.51));
#6426 = DIRECTION('',(-0.,0.,-1.));
#6427 = DIRECTION('',(-0.,-1.,0.));
#6428 = FACE_BOUND('',#6429,.T.);
#6429 = EDGE_LOOP('',(#6430));
#6430 = ORIENTED_EDGE('',*,*,#6431,.T.);
#6431 = EDGE_CURVE('',#6432,#6432,#6434,.T.);
#6432 = VERTEX_POINT('',#6433);
#6433 = CARTESIAN_POINT('',(87.017208,-11.,1.51));
#6434 = CIRCLE('',#6435,0.5);
#6435 = AXIS2_PLACEMENT_3D('',#6436,#6437,#6438);
#6436 = CARTESIAN_POINT('',(87.017208,-10.5,1.51));
#6437 = DIRECTION('',(-0.,0.,-1.));
#6438 = DIRECTION('',(-0.,-1.,0.));
#6439 = FACE_BOUND('',#6440,.T.);
#6440 = EDGE_LOOP('',(#6441));
#6441 = ORIENTED_EDGE('',*,*,#6442,.F.);
#6442 = EDGE_CURVE('',#6443,#6443,#6445,.T.);
#6443 = VERTEX_POINT('',#6444);
#6444 = CARTESIAN_POINT('',(98.300207,-5.5,1.51));
#6445 = CIRCLE('',#6446,3.9);
#6446 = AXIS2_PLACEMENT_3D('',#6447,#6448,#6449);
#6447 = CARTESIAN_POINT('',(94.400207,-5.5,1.51));
#6448 = DIRECTION('',(0.,0.,1.));
#6449 = DIRECTION('',(1.,0.,-0.));
#6450 = PLANE('',#6451);
#6451 = AXIS2_PLACEMENT_3D('',#6452,#6453,#6454);
#6452 = CARTESIAN_POINT('',(0.,0.,1.51));
#6453 = DIRECTION('',(0.,0.,1.));
#6454 = DIRECTION('',(1.,0.,-0.));
#6455 = ADVANCED_FACE('',(#6456),#6467,.T.);
#6456 = FACE_BOUND('',#6457,.T.);
#6457 = EDGE_LOOP('',(#6458,#6464,#6465,#6466));
#6458 = ORIENTED_EDGE('',*,*,#6459,.T.);
#6459 = EDGE_CURVE('',#146,#3304,#6460,.T.);
#6460 = LINE('',#6461,#6462);
#6461 = CARTESIAN_POINT('',(88.992593,-3.082631,0.));
#6462 = VECTOR('',#6463,1.);
#6463 = DIRECTION('',(0.,0.,1.));
#6464 = ORIENTED_EDGE('',*,*,#3303,.T.);
#6465 = ORIENTED_EDGE('',*,*,#81,.F.);
#6466 = ORIENTED_EDGE('',*,*,#145,.F.);
#6467 = PLANE('',#6468);
#6468 = AXIS2_PLACEMENT_3D('',#6469,#6470,#6471);
#6469 = CARTESIAN_POINT('',(88.992593,-3.082631,0.));
#6470 = DIRECTION('',(-0.60435796151,0.796712905857,0.));
#6471 = DIRECTION('',(0.796712905857,0.60435796151,0.));
#6472 = ADVANCED_FACE('',(#6473),#6484,.T.);
#6473 = FACE_BOUND('',#6474,.T.);
#6474 = EDGE_LOOP('',(#6475,#6476,#6477,#6483));
#6475 = ORIENTED_EDGE('',*,*,#121,.T.);
#6476 = ORIENTED_EDGE('',*,*,#5922,.T.);
#6477 = ORIENTED_EDGE('',*,*,#6478,.F.);
#6478 = EDGE_CURVE('',#2757,#5915,#6479,.T.);
#6479 = LINE('',#6480,#6481);
#6480 = CARTESIAN_POINT('',(97.997933,-9.247715,0.));
#6481 = VECTOR('',#6482,1.);
#6482 = DIRECTION('',(0.,0.,1.));
#6483 = ORIENTED_EDGE('',*,*,#2764,.F.);
#6484 = PLANE('',#6485);
#6485 = AXIS2_PLACEMENT_3D('',#6486,#6487,#6488);
#6486 = CARTESIAN_POINT('',(98.686219,-8.444876,0.));
#6487 = DIRECTION('',(0.759191983997,-0.650866753979,0.));
#6488 = DIRECTION('',(-0.650866753979,-0.759191983997,0.));
#6489 = ADVANCED_FACE('',(#6490),#6501,.T.);
#6490 = FACE_BOUND('',#6491,.T.);
#6491 = EDGE_LOOP('',(#6492,#6498,#6499,#6500));
#6492 = ORIENTED_EDGE('',*,*,#6493,.T.);
#6493 = EDGE_CURVE('',#154,#3312,#6494,.T.);
#6494 = LINE('',#6495,#6496);
#6495 = CARTESIAN_POINT('',(87.034813,-4.519692,0.));
#6496 = VECTOR('',#6497,1.);
#6497 = DIRECTION('',(0.,0.,1.));
#6498 = ORIENTED_EDGE('',*,*,#3311,.T.);
#6499 = ORIENTED_EDGE('',*,*,#6459,.F.);
#6500 = ORIENTED_EDGE('',*,*,#153,.F.);
#6501 = PLANE('',#6502);
#6502 = AXIS2_PLACEMENT_3D('',#6503,#6504,#6505);
#6503 = CARTESIAN_POINT('',(87.034813,-4.519692,0.));
#6504 = DIRECTION('',(-0.591726602546,0.806138715011,0.));
#6505 = DIRECTION('',(0.806138715011,0.591726602546,0.));
#6506 = ADVANCED_FACE('',(#6507),#6518,.T.);
#6507 = FACE_BOUND('',#6508,.T.);
#6508 = EDGE_LOOP('',(#6509,#6510,#6511,#6517));
#6509 = ORIENTED_EDGE('',*,*,#6478,.T.);
#6510 = ORIENTED_EDGE('',*,*,#5914,.T.);
#6511 = ORIENTED_EDGE('',*,*,#6512,.F.);
#6512 = EDGE_CURVE('',#2749,#5907,#6513,.T.);
#6513 = LINE('',#6514,#6515);
#6514 = CARTESIAN_POINT('',(97.32367,-10.04968,0.));
#6515 = VECTOR('',#6516,1.);
#6516 = DIRECTION('',(0.,0.,1.));
#6517 = ORIENTED_EDGE('',*,*,#2756,.F.);
#6518 = PLANE('',#6519);
#6519 = AXIS2_PLACEMENT_3D('',#6520,#6521,#6522);
#6520 = CARTESIAN_POINT('',(97.997933,-9.247715,0.));
#6521 = DIRECTION('',(0.765416929027,-0.643534711386,0.));
#6522 = DIRECTION('',(-0.643534711386,-0.765416929027,0.));
#6523 = ADVANCED_FACE('',(#6524),#6535,.T.);
#6524 = FACE_BOUND('',#6525,.T.);
#6525 = EDGE_LOOP('',(#6526,#6532,#6533,#6534));
#6526 = ORIENTED_EDGE('',*,*,#6527,.T.);
#6527 = EDGE_CURVE('',#162,#3320,#6528,.T.);
#6528 = LINE('',#6529,#6530);
#6529 = CARTESIAN_POINT('',(85.138913,-5.863766,0.));
#6530 = VECTOR('',#6531,1.);
#6531 = DIRECTION('',(0.,0.,1.));
#6532 = ORIENTED_EDGE('',*,*,#3319,.T.);
#6533 = ORIENTED_EDGE('',*,*,#6493,.F.);
#6534 = ORIENTED_EDGE('',*,*,#161,.F.);
#6535 = PLANE('',#6536);
#6536 = AXIS2_PLACEMENT_3D('',#6537,#6538,#6539);
#6537 = CARTESIAN_POINT('',(85.138913,-5.863766,0.));
#6538 = DIRECTION('',(-0.578345323419,0.815792061055,0.));
#6539 = DIRECTION('',(0.815792061055,0.578345323419,0.));
#6540 = ADVANCED_FACE('',(#6541),#6552,.T.);
#6541 = FACE_BOUND('',#6542,.T.);
#6542 = EDGE_LOOP('',(#6543,#6544,#6545,#6551));
#6543 = ORIENTED_EDGE('',*,*,#6512,.T.);
#6544 = ORIENTED_EDGE('',*,*,#5906,.T.);
#6545 = ORIENTED_EDGE('',*,*,#6546,.F.);
#6546 = EDGE_CURVE('',#2741,#5899,#6547,.T.);
#6547 = LINE('',#6548,#6549);
#6548 = CARTESIAN_POINT('',(96.671478,-10.840959,0.));
#6549 = VECTOR('',#6550,1.);
#6550 = DIRECTION('',(0.,0.,1.));
#6551 = ORIENTED_EDGE('',*,*,#2748,.F.);
#6552 = PLANE('',#6553);
#6553 = AXIS2_PLACEMENT_3D('',#6554,#6555,#6556);
#6554 = CARTESIAN_POINT('',(97.32367,-10.04968,0.));
#6555 = DIRECTION('',(0.771666736763,-0.636027080692,0.));
#6556 = DIRECTION('',(-0.636027080692,-0.771666736763,0.));
#6557 = ADVANCED_FACE('',(#6558),#6569,.T.);
#6558 = FACE_BOUND('',#6559,.T.);
#6559 = EDGE_LOOP('',(#6560,#6566,#6567,#6568));
#6560 = ORIENTED_EDGE('',*,*,#6561,.T.);
#6561 = EDGE_CURVE('',#170,#3328,#6562,.T.);
#6562 = LINE('',#6563,#6564);
#6563 = CARTESIAN_POINT('',(83.300042,-7.120332,0.));
#6564 = VECTOR('',#6565,1.);
#6565 = DIRECTION('',(0.,0.,1.));
#6566 = ORIENTED_EDGE('',*,*,#3327,.T.);
#6567 = ORIENTED_EDGE('',*,*,#6527,.F.);
#6568 = ORIENTED_EDGE('',*,*,#169,.F.);
#6569 = PLANE('',#6570);
#6570 = AXIS2_PLACEMENT_3D('',#6571,#6572,#6573);
#6571 = CARTESIAN_POINT('',(83.300042,-7.120332,0.));
#6572 = DIRECTION('',(-0.564191775236,0.825643773522,0.));
#6573 = DIRECTION('',(0.825643773522,0.564191775236,0.));
#6574 = ADVANCED_FACE('',(#6575),#6586,.T.);
#6575 = FACE_BOUND('',#6576,.T.);
#6576 = EDGE_LOOP('',(#6577,#6578,#6579,#6585));
#6577 = ORIENTED_EDGE('',*,*,#6546,.T.);
#6578 = ORIENTED_EDGE('',*,*,#5898,.T.);
#6579 = ORIENTED_EDGE('',*,*,#6580,.F.);
#6580 = EDGE_CURVE('',#2733,#5891,#6581,.T.);
#6581 = LINE('',#6582,#6583);
#6582 = CARTESIAN_POINT('',(96.032967,-11.631482,0.));
#6583 = VECTOR('',#6584,1.);
#6584 = DIRECTION('',(0.,0.,1.));
#6585 = ORIENTED_EDGE('',*,*,#2740,.F.);
#6586 = PLANE('',#6587);
#6587 = AXIS2_PLACEMENT_3D('',#6588,#6589,#6590);
#6588 = CARTESIAN_POINT('',(96.671478,-10.840959,0.));
#6589 = DIRECTION('',(0.777935574369,-0.628344047581,0.));
#6590 = DIRECTION('',(-0.628344047581,-0.777935574369,0.));
#6591 = ADVANCED_FACE('',(#6592),#6603,.T.);
#6592 = FACE_BOUND('',#6593,.T.);
#6593 = EDGE_LOOP('',(#6594,#6600,#6601,#6602));
#6594 = ORIENTED_EDGE('',*,*,#6595,.T.);
#6595 = EDGE_CURVE('',#178,#3336,#6596,.T.);
#6596 = LINE('',#6597,#6598);
#6597 = CARTESIAN_POINT('',(81.513792,-8.294346,0.));
#6598 = VECTOR('',#6599,1.);
#6599 = DIRECTION('',(0.,0.,1.));
#6600 = ORIENTED_EDGE('',*,*,#3335,.T.);
#6601 = ORIENTED_EDGE('',*,*,#6561,.F.);
#6602 = ORIENTED_EDGE('',*,*,#177,.F.);
#6603 = PLANE('',#6604);
#6604 = AXIS2_PLACEMENT_3D('',#6605,#6606,#6607);
#6605 = CARTESIAN_POINT('',(81.513792,-8.294346,0.));
#6606 = DIRECTION('',(-0.549240804982,0.835664129984,0.));
#6607 = DIRECTION('',(0.835664129984,0.549240804982,0.));
#6608 = ADVANCED_FACE('',(#6609),#6620,.T.);
#6609 = FACE_BOUND('',#6610,.T.);
#6610 = EDGE_LOOP('',(#6611,#6612,#6613,#6619));
#6611 = ORIENTED_EDGE('',*,*,#6580,.T.);
#6612 = ORIENTED_EDGE('',*,*,#5890,.T.);
#6613 = ORIENTED_EDGE('',*,*,#6614,.F.);
#6614 = EDGE_CURVE('',#2725,#5883,#6615,.T.);
#6615 = LINE('',#6616,#6617);
#6616 = CARTESIAN_POINT('',(95.415509,-12.411878,0.));
#6617 = VECTOR('',#6618,1.);
#6618 = DIRECTION('',(0.,0.,1.));
#6619 = ORIENTED_EDGE('',*,*,#2732,.F.);
#6620 = PLANE('',#6621);
#6621 = AXIS2_PLACEMENT_3D('',#6622,#6623,#6624);
#6622 = CARTESIAN_POINT('',(96.032967,-11.631482,0.));
#6623 = DIRECTION('',(0.784219648849,-0.620483313522,0.));
#6624 = DIRECTION('',(-0.620483313522,-0.784219648849,0.));
#6625 = ADVANCED_FACE('',(#6626),#6637,.T.);
#6626 = FACE_BOUND('',#6627,.T.);
#6627 = EDGE_LOOP('',(#6628,#6634,#6635,#6636));
#6628 = ORIENTED_EDGE('',*,*,#6629,.T.);
#6629 = EDGE_CURVE('',#186,#3344,#6630,.T.);
#6630 = LINE('',#6631,#6632);
#6631 = CARTESIAN_POINT('',(79.776143,-9.39031,0.));
#6632 = VECTOR('',#6633,1.);
#6633 = DIRECTION('',(0.,0.,1.));
#6634 = ORIENTED_EDGE('',*,*,#3343,.T.);
#6635 = ORIENTED_EDGE('',*,*,#6595,.F.);
#6636 = ORIENTED_EDGE('',*,*,#185,.F.);
#6637 = PLANE('',#6638);
#6638 = AXIS2_PLACEMENT_3D('',#6639,#6640,#6641);
#6639 = CARTESIAN_POINT('',(79.776143,-9.39031,0.));
#6640 = DIRECTION('',(-0.533471460936,0.845818065761,0.));
#6641 = DIRECTION('',(0.845818065761,0.533471460936,0.));
#6642 = ADVANCED_FACE('',(#6643),#6654,.T.);
#6643 = FACE_BOUND('',#6644,.T.);
#6644 = EDGE_LOOP('',(#6645,#6646,#6647,#6653));
#6645 = ORIENTED_EDGE('',*,*,#6614,.T.);
#6646 = ORIENTED_EDGE('',*,*,#5882,.T.);
#6647 = ORIENTED_EDGE('',*,*,#6648,.F.);
#6648 = EDGE_CURVE('',#2717,#5875,#6649,.T.);
#6649 = LINE('',#6650,#6651);
#6650 = CARTESIAN_POINT('',(94.811407,-13.191627,0.));
#6651 = VECTOR('',#6652,1.);
#6652 = DIRECTION('',(0.,0.,1.));
#6653 = ORIENTED_EDGE('',*,*,#2724,.F.);
#6654 = PLANE('',#6655);
#6655 = AXIS2_PLACEMENT_3D('',#6656,#6657,#6658);
#6656 = CARTESIAN_POINT('',(95.415509,-12.411878,0.));
#6657 = DIRECTION('',(0.79051492164,-0.612442779911,0.));
#6658 = DIRECTION('',(-0.612442779911,-0.79051492164,0.));
#6659 = ADVANCED_FACE('',(#6660),#6671,.T.);
#6660 = FACE_BOUND('',#6661,.T.);
#6661 = EDGE_LOOP('',(#6662,#6668,#6669,#6670));
#6662 = ORIENTED_EDGE('',*,*,#6663,.T.);
#6663 = EDGE_CURVE('',#194,#3352,#6664,.T.);
#6664 = LINE('',#6665,#6666);
#6665 = CARTESIAN_POINT('',(78.083407,-10.412325,0.));
#6666 = VECTOR('',#6667,1.);
#6667 = DIRECTION('',(0.,0.,1.));
#6668 = ORIENTED_EDGE('',*,*,#3351,.T.);
#6669 = ORIENTED_EDGE('',*,*,#6629,.F.);
#6670 = ORIENTED_EDGE('',*,*,#193,.F.);
#6671 = PLANE('',#6672);
#6672 = AXIS2_PLACEMENT_3D('',#6673,#6674,#6675);
#6673 = CARTESIAN_POINT('',(78.083407,-10.412325,0.));
#6674 = DIRECTION('',(-0.516863805416,0.856067641399,0.));
#6675 = DIRECTION('',(0.856067641399,0.516863805416,0.));
#6676 = ADVANCED_FACE('',(#6677),#6688,.T.);
#6677 = FACE_BOUND('',#6678,.T.);
#6678 = EDGE_LOOP('',(#6679,#6680,#6681,#6687));
#6679 = ORIENTED_EDGE('',*,*,#6648,.T.);
#6680 = ORIENTED_EDGE('',*,*,#5874,.T.);
#6681 = ORIENTED_EDGE('',*,*,#6682,.F.);
#6682 = EDGE_CURVE('',#2709,#5867,#6683,.T.);
#6683 = LINE('',#6684,#6685);
#6684 = CARTESIAN_POINT('',(94.227401,-13.96179,0.));
#6685 = VECTOR('',#6686,1.);
#6686 = DIRECTION('',(0.,0.,1.));
#6687 = ORIENTED_EDGE('',*,*,#2716,.F.);
#6688 = PLANE('',#6689);
#6689 = AXIS2_PLACEMENT_3D('',#6690,#6691,#6692);
#6690 = CARTESIAN_POINT('',(94.811407,-13.191627,0.));
#6691 = DIRECTION('',(0.796818579786,-0.604218628402,0.));
#6692 = DIRECTION('',(-0.604218628402,-0.796818579786,0.));
#6693 = ADVANCED_FACE('',(#6694),#6705,.T.);
#6694 = FACE_BOUND('',#6695,.T.);
#6695 = EDGE_LOOP('',(#6696,#6702,#6703,#6704));
#6696 = ORIENTED_EDGE('',*,*,#6697,.T.);
#6697 = EDGE_CURVE('',#202,#3360,#6698,.T.);
#6698 = LINE('',#6699,#6700);
#6699 = CARTESIAN_POINT('',(76.432183,-11.364132,0.));
#6700 = VECTOR('',#6701,1.);
#6701 = DIRECTION('',(0.,0.,1.));
#6702 = ORIENTED_EDGE('',*,*,#3359,.T.);
#6703 = ORIENTED_EDGE('',*,*,#6663,.F.);
#6704 = ORIENTED_EDGE('',*,*,#201,.F.);
#6705 = PLANE('',#6706);
#6706 = AXIS2_PLACEMENT_3D('',#6707,#6708,#6709);
#6707 = CARTESIAN_POINT('',(76.432183,-11.364132,0.));
#6708 = DIRECTION('',(-0.499398739857,0.866372263308,0.));
#6709 = DIRECTION('',(0.866372263308,0.499398739857,0.));
#6710 = ADVANCED_FACE('',(#6711),#6722,.T.);
#6711 = FACE_BOUND('',#6712,.T.);
#6712 = EDGE_LOOP('',(#6713,#6714,#6715,#6721));
#6713 = ORIENTED_EDGE('',*,*,#6682,.T.);
#6714 = ORIENTED_EDGE('',*,*,#5866,.T.);
#6715 = ORIENTED_EDGE('',*,*,#6716,.F.);
#6716 = EDGE_CURVE('',#2701,#5859,#6717,.T.);
#6717 = LINE('',#6718,#6719);
#6718 = CARTESIAN_POINT('',(93.656444,-14.731409,0.));
#6719 = VECTOR('',#6720,1.);
#6720 = DIRECTION('',(0.,0.,1.));
#6721 = ORIENTED_EDGE('',*,*,#2708,.F.);
#6722 = PLANE('',#6723);
#6723 = AXIS2_PLACEMENT_3D('',#6724,#6725,#6726);
#6724 = CARTESIAN_POINT('',(94.227401,-13.96179,0.));
#6725 = DIRECTION('',(0.803123317443,-0.595812837206,0.));
#6726 = DIRECTION('',(-0.595812837206,-0.803123317443,0.));
#6727 = ADVANCED_FACE('',(#6728),#6739,.T.);
#6728 = FACE_BOUND('',#6729,.T.);
#6729 = EDGE_LOOP('',(#6730,#6736,#6737,#6738));
#6730 = ORIENTED_EDGE('',*,*,#6731,.T.);
#6731 = EDGE_CURVE('',#210,#3368,#6732,.T.);
#6732 = LINE('',#6733,#6734);
#6733 = CARTESIAN_POINT('',(74.819318,-12.249153,0.));
#6734 = VECTOR('',#6735,1.);
#6735 = DIRECTION('',(0.,0.,1.));
#6736 = ORIENTED_EDGE('',*,*,#3367,.T.);
#6737 = ORIENTED_EDGE('',*,*,#6697,.F.);
#6738 = ORIENTED_EDGE('',*,*,#209,.F.);
#6739 = PLANE('',#6740);
#6740 = AXIS2_PLACEMENT_3D('',#6741,#6742,#6743);
#6741 = CARTESIAN_POINT('',(74.819318,-12.249153,0.));
#6742 = DIRECTION('',(-0.481061031382,0.876687107289,0.));
#6743 = DIRECTION('',(0.876687107289,0.481061031382,0.));
#6744 = ADVANCED_FACE('',(#6745),#6756,.T.);
#6745 = FACE_BOUND('',#6746,.T.);
#6746 = EDGE_LOOP('',(#6747,#6748,#6749,#6755));
#6747 = ORIENTED_EDGE('',*,*,#6716,.T.);
#6748 = ORIENTED_EDGE('',*,*,#5858,.T.);
#6749 = ORIENTED_EDGE('',*,*,#6750,.F.);
#6750 = EDGE_CURVE('',#2693,#5851,#6751,.T.);
#6751 = LINE('',#6752,#6753);
#6752 = CARTESIAN_POINT('',(93.104679,-15.491965,0.));
#6753 = VECTOR('',#6754,1.);
#6754 = DIRECTION('',(0.,0.,1.));
#6755 = ORIENTED_EDGE('',*,*,#2700,.F.);
#6756 = PLANE('',#6757);
#6757 = AXIS2_PLACEMENT_3D('',#6758,#6759,#6760);
#6758 = CARTESIAN_POINT('',(93.656444,-14.731409,0.));
#6759 = DIRECTION('',(0.809427372683,-0.587219999959,0.));
#6760 = DIRECTION('',(-0.587219999959,-0.809427372683,0.));
#6761 = ADVANCED_FACE('',(#6762),#6773,.T.);
#6762 = FACE_BOUND('',#6763,.T.);
#6763 = EDGE_LOOP('',(#6764,#6770,#6771,#6772));
#6764 = ORIENTED_EDGE('',*,*,#6765,.T.);
#6765 = EDGE_CURVE('',#218,#3376,#6766,.T.);
#6766 = LINE('',#6767,#6768);
#6767 = CARTESIAN_POINT('',(73.241881,-13.070517,0.));
#6768 = VECTOR('',#6769,1.);
#6769 = DIRECTION('',(0.,0.,1.));
#6770 = ORIENTED_EDGE('',*,*,#3375,.T.);
#6771 = ORIENTED_EDGE('',*,*,#6731,.F.);
#6772 = ORIENTED_EDGE('',*,*,#217,.F.);
#6773 = PLANE('',#6774);
#6774 = AXIS2_PLACEMENT_3D('',#6775,#6776,#6777);
#6775 = CARTESIAN_POINT('',(73.241881,-13.070517,0.));
#6776 = DIRECTION('',(-0.461838096017,0.886964245653,0.));
#6777 = DIRECTION('',(0.886964245653,0.461838096017,0.));
#6778 = ADVANCED_FACE('',(#6779),#6790,.T.);
#6779 = FACE_BOUND('',#6780,.T.);
#6780 = EDGE_LOOP('',(#6781,#6782,#6783,#6789));
#6781 = ORIENTED_EDGE('',*,*,#6750,.T.);
#6782 = ORIENTED_EDGE('',*,*,#5850,.T.);
#6783 = ORIENTED_EDGE('',*,*,#6784,.F.);
#6784 = EDGE_CURVE('',#2685,#5843,#6785,.T.);
#6785 = LINE('',#6786,#6787);
#6786 = CARTESIAN_POINT('',(92.565675,-16.252075,0.));
#6787 = VECTOR('',#6788,1.);
#6788 = DIRECTION('',(0.,0.,1.));
#6789 = ORIENTED_EDGE('',*,*,#2692,.F.);
#6790 = PLANE('',#6791);
#6791 = AXIS2_PLACEMENT_3D('',#6792,#6793,#6794);
#6792 = CARTESIAN_POINT('',(93.104679,-15.491965,0.));
#6793 = DIRECTION('',(0.815724328791,-0.578440852134,0.));
#6794 = DIRECTION('',(-0.578440852134,-0.815724328791,0.));
#6795 = ADVANCED_FACE('',(#6796),#6807,.T.);
#6796 = FACE_BOUND('',#6797,.T.);
#6797 = EDGE_LOOP('',(#6798,#6804,#6805,#6806));
#6798 = ORIENTED_EDGE('',*,*,#6799,.T.);
#6799 = EDGE_CURVE('',#226,#3384,#6800,.T.);
#6800 = LINE('',#6801,#6802);
#6801 = CARTESIAN_POINT('',(71.697129,-13.831094,0.));
#6802 = VECTOR('',#6803,1.);
#6803 = DIRECTION('',(0.,0.,1.));
#6804 = ORIENTED_EDGE('',*,*,#3383,.T.);
#6805 = ORIENTED_EDGE('',*,*,#6765,.F.);
#6806 = ORIENTED_EDGE('',*,*,#225,.F.);
#6807 = PLANE('',#6808);
#6808 = AXIS2_PLACEMENT_3D('',#6809,#6810,#6811);
#6809 = CARTESIAN_POINT('',(71.697129,-13.831094,0.));
#6810 = DIRECTION('',(-0.441723155846,0.897151410626,0.));
#6811 = DIRECTION('',(0.897151410626,0.441723155846,0.));
#6812 = ADVANCED_FACE('',(#6813),#6824,.T.);
#6813 = FACE_BOUND('',#6814,.T.);
#6814 = EDGE_LOOP('',(#6815,#6816,#6817,#6823));
#6815 = ORIENTED_EDGE('',*,*,#6784,.T.);
#6816 = ORIENTED_EDGE('',*,*,#5842,.T.);
#6817 = ORIENTED_EDGE('',*,*,#6818,.F.);
#6818 = EDGE_CURVE('',#2677,#5835,#6819,.T.);
#6819 = LINE('',#6820,#6821);
#6820 = CARTESIAN_POINT('',(92.045012,-17.003631,0.));
#6821 = VECTOR('',#6822,1.);
#6822 = DIRECTION('',(0.,0.,1.));
#6823 = ORIENTED_EDGE('',*,*,#2684,.F.);
#6824 = PLANE('',#6825);
#6825 = AXIS2_PLACEMENT_3D('',#6826,#6827,#6828);
#6826 = CARTESIAN_POINT('',(92.565675,-16.252075,0.));
#6827 = DIRECTION('',(0.822010434993,-0.569472426692,0.));
#6828 = DIRECTION('',(-0.569472426692,-0.822010434993,0.));
#6829 = ADVANCED_FACE('',(#6830),#6841,.T.);
#6830 = FACE_BOUND('',#6831,.T.);
#6831 = EDGE_LOOP('',(#6832,#6838,#6839,#6840));
#6832 = ORIENTED_EDGE('',*,*,#6833,.T.);
#6833 = EDGE_CURVE('',#234,#3392,#6834,.T.);
#6834 = LINE('',#6835,#6836);
#6835 = CARTESIAN_POINT('',(70.182486,-14.533508,0.));
#6836 = VECTOR('',#6837,1.);
#6837 = DIRECTION('',(0.,0.,1.));
#6838 = ORIENTED_EDGE('',*,*,#3391,.T.);
#6839 = ORIENTED_EDGE('',*,*,#6799,.F.);
#6840 = ORIENTED_EDGE('',*,*,#233,.F.);
#6841 = PLANE('',#6842);
#6842 = AXIS2_PLACEMENT_3D('',#6843,#6844,#6845);
#6843 = CARTESIAN_POINT('',(70.182486,-14.533508,0.));
#6844 = DIRECTION('',(-0.420710618963,0.907194893665,0.));
#6845 = DIRECTION('',(0.907194893665,0.420710618963,0.));
#6846 = ADVANCED_FACE('',(#6847),#6858,.T.);
#6847 = FACE_BOUND('',#6848,.T.);
#6848 = EDGE_LOOP('',(#6849,#6850,#6851,#6857));
#6849 = ORIENTED_EDGE('',*,*,#6818,.T.);
#6850 = ORIENTED_EDGE('',*,*,#5834,.T.);
#6851 = ORIENTED_EDGE('',*,*,#6852,.F.);
#6852 = EDGE_CURVE('',#2669,#5827,#6853,.T.);
#6853 = LINE('',#6854,#6855);
#6854 = CARTESIAN_POINT('',(91.536836,-17.754834,0.));
#6855 = VECTOR('',#6856,1.);
#6856 = DIRECTION('',(0.,0.,1.));
#6857 = ORIENTED_EDGE('',*,*,#2676,.F.);
#6858 = PLANE('',#6859);
#6859 = AXIS2_PLACEMENT_3D('',#6860,#6861,#6862);
#6860 = CARTESIAN_POINT('',(92.045012,-17.003631,0.));
#6861 = DIRECTION('',(0.828278672233,-0.56031637592,0.));
#6862 = DIRECTION('',(-0.56031637592,-0.828278672233,0.));
#6863 = ADVANCED_FACE('',(#6864),#6875,.T.);
#6864 = FACE_BOUND('',#6865,.T.);
#6865 = EDGE_LOOP('',(#6866,#6872,#6873,#6874));
#6866 = ORIENTED_EDGE('',*,*,#6867,.T.);
#6867 = EDGE_CURVE('',#242,#3400,#6868,.T.);
#6868 = LINE('',#6869,#6870);
#6869 = CARTESIAN_POINT('',(68.695522,-15.180162,0.));
#6870 = VECTOR('',#6871,1.);
#6871 = DIRECTION('',(0.,0.,1.));
#6872 = ORIENTED_EDGE('',*,*,#3399,.T.);
#6873 = ORIENTED_EDGE('',*,*,#6833,.F.);
#6874 = ORIENTED_EDGE('',*,*,#241,.F.);
#6875 = PLANE('',#6876);
#6876 = AXIS2_PLACEMENT_3D('',#6877,#6878,#6879);
#6877 = CARTESIAN_POINT('',(68.695522,-15.180162,0.));
#6878 = DIRECTION('',(-0.398802828106,0.917036697355,0.));
#6879 = DIRECTION('',(0.917036697355,0.398802828106,0.));
#6880 = ADVANCED_FACE('',(#6881),#6892,.T.);
#6881 = FACE_BOUND('',#6882,.T.);
#6882 = EDGE_LOOP('',(#6883,#6884,#6885,#6891));
#6883 = ORIENTED_EDGE('',*,*,#6852,.T.);
#6884 = ORIENTED_EDGE('',*,*,#5826,.T.);
#6885 = ORIENTED_EDGE('',*,*,#6886,.F.);
#6886 = EDGE_CURVE('',#2661,#5819,#6887,.T.);
#6887 = LINE('',#6888,#6889);
#6888 = CARTESIAN_POINT('',(91.0462,-18.497979,0.));
#6889 = VECTOR('',#6890,1.);
#6890 = DIRECTION('',(0.,0.,1.));
#6891 = ORIENTED_EDGE('',*,*,#2668,.F.);
#6892 = PLANE('',#6893);
#6893 = AXIS2_PLACEMENT_3D('',#6894,#6895,#6896);
#6894 = CARTESIAN_POINT('',(91.536836,-17.754834,0.));
#6895 = DIRECTION('',(0.834526639016,-0.550967593215,0.));
#6896 = DIRECTION('',(-0.550967593215,-0.834526639016,0.));
#6897 = ADVANCED_FACE('',(#6898),#6909,.T.);
#6898 = FACE_BOUND('',#6899,.T.);
#6899 = EDGE_LOOP('',(#6900,#6906,#6907,#6908));
#6900 = ORIENTED_EDGE('',*,*,#6901,.T.);
#6901 = EDGE_CURVE('',#250,#3408,#6902,.T.);
#6902 = LINE('',#6903,#6904);
#6903 = CARTESIAN_POINT('',(67.233932,-15.77325,0.));
#6904 = VECTOR('',#6905,1.);
#6905 = DIRECTION('',(0.,0.,1.));
#6906 = ORIENTED_EDGE('',*,*,#3407,.T.);
#6907 = ORIENTED_EDGE('',*,*,#6867,.F.);
#6908 = ORIENTED_EDGE('',*,*,#249,.F.);
#6909 = PLANE('',#6910);
#6910 = AXIS2_PLACEMENT_3D('',#6911,#6912,#6913);
#6911 = CARTESIAN_POINT('',(67.233932,-15.77325,0.));
#6912 = DIRECTION('',(-0.376005382711,0.926617478884,0.));
#6913 = DIRECTION('',(0.926617478884,0.376005382711,0.));
#6914 = ADVANCED_FACE('',(#6915),#6926,.T.);
#6915 = FACE_BOUND('',#6916,.T.);
#6916 = EDGE_LOOP('',(#6917,#6918,#6919,#6925));
#6917 = ORIENTED_EDGE('',*,*,#6886,.T.);
#6918 = ORIENTED_EDGE('',*,*,#5818,.T.);
#6919 = ORIENTED_EDGE('',*,*,#6920,.F.);
#6920 = EDGE_CURVE('',#2653,#5811,#6921,.T.);
#6921 = LINE('',#6922,#6923);
#6922 = CARTESIAN_POINT('',(90.567795,-19.240859,0.));
#6923 = VECTOR('',#6924,1.);
#6924 = DIRECTION('',(0.,0.,1.));
#6925 = ORIENTED_EDGE('',*,*,#2660,.F.);
#6926 = PLANE('',#6927);
#6927 = AXIS2_PLACEMENT_3D('',#6928,#6929,#6930);
#6928 = CARTESIAN_POINT('',(91.0462,-18.497979,0.));
#6929 = DIRECTION('',(0.840746144126,-0.541429516316,0.));
#6930 = DIRECTION('',(-0.541429516316,-0.840746144126,0.));
#6931 = ADVANCED_FACE('',(#6932),#6943,.T.);
#6932 = FACE_BOUND('',#6933,.T.);
#6933 = EDGE_LOOP('',(#6934,#6940,#6941,#6942));
#6934 = ORIENTED_EDGE('',*,*,#6935,.T.);
#6935 = EDGE_CURVE('',#258,#3416,#6936,.T.);
#6936 = LINE('',#6937,#6938);
#6937 = CARTESIAN_POINT('',(65.795527,-16.314773,0.));
#6938 = VECTOR('',#6939,1.);
#6939 = DIRECTION('',(0.,0.,1.));
#6940 = ORIENTED_EDGE('',*,*,#3415,.T.);
#6941 = ORIENTED_EDGE('',*,*,#6901,.F.);
#6942 = ORIENTED_EDGE('',*,*,#257,.F.);
#6943 = PLANE('',#6944);
#6944 = AXIS2_PLACEMENT_3D('',#6945,#6946,#6947);
#6945 = CARTESIAN_POINT('',(65.795527,-16.314773,0.));
#6946 = DIRECTION('',(-0.352333077438,0.935874672455,0.));
#6947 = DIRECTION('',(0.935874672455,0.352333077438,0.));
#6948 = ADVANCED_FACE('',(#6949),#6960,.T.);
#6949 = FACE_BOUND('',#6950,.T.);
#6950 = EDGE_LOOP('',(#6951,#6952,#6953,#6959));
#6951 = ORIENTED_EDGE('',*,*,#6920,.T.);
#6952 = ORIENTED_EDGE('',*,*,#5810,.T.);
#6953 = ORIENTED_EDGE('',*,*,#6954,.F.);
#6954 = EDGE_CURVE('',#2645,#5803,#6955,.T.);
#6955 = LINE('',#6956,#6957);
#6956 = CARTESIAN_POINT('',(90.106174,-19.976167,0.));
#6957 = VECTOR('',#6958,1.);
#6958 = DIRECTION('',(0.,0.,1.));
#6959 = ORIENTED_EDGE('',*,*,#2652,.F.);
#6960 = PLANE('',#6961);
#6961 = AXIS2_PLACEMENT_3D('',#6962,#6963,#6964);
#6962 = CARTESIAN_POINT('',(90.567795,-19.240859,0.));
#6963 = DIRECTION('',(0.846933570187,-0.531698718909,0.));
#6964 = DIRECTION('',(-0.531698718909,-0.846933570187,0.));
#6965 = ADVANCED_FACE('',(#6966),#6977,.T.);
#6966 = FACE_BOUND('',#6967,.T.);
#6967 = EDGE_LOOP('',(#6968,#6974,#6975,#6976));
#6968 = ORIENTED_EDGE('',*,*,#6969,.T.);
#6969 = EDGE_CURVE('',#266,#3424,#6970,.T.);
#6970 = LINE('',#6971,#6972);
#6971 = CARTESIAN_POINT('',(64.378209,-16.806548,0.));
#6972 = VECTOR('',#6973,1.);
#6973 = DIRECTION('',(0.,0.,1.));
#6974 = ORIENTED_EDGE('',*,*,#3423,.T.);
#6975 = ORIENTED_EDGE('',*,*,#6935,.F.);
#6976 = ORIENTED_EDGE('',*,*,#265,.F.);
#6977 = PLANE('',#6978);
#6978 = AXIS2_PLACEMENT_3D('',#6979,#6980,#6981);
#6979 = CARTESIAN_POINT('',(64.378209,-16.806548,0.));
#6980 = DIRECTION('',(-0.327803894802,0.944745789381,0.));
#6981 = DIRECTION('',(0.944745789381,0.327803894802,0.));
#6982 = ADVANCED_FACE('',(#6983),#6994,.T.);
#6983 = FACE_BOUND('',#6984,.T.);
#6984 = EDGE_LOOP('',(#6985,#6986,#6987,#6993));
#6985 = ORIENTED_EDGE('',*,*,#6954,.T.);
#6986 = ORIENTED_EDGE('',*,*,#5802,.T.);
#6987 = ORIENTED_EDGE('',*,*,#6988,.F.);
#6988 = EDGE_CURVE('',#2637,#5795,#6989,.T.);
#6989 = LINE('',#6990,#6991);
#6990 = CARTESIAN_POINT('',(89.656544,-20.711292,0.));
#6991 = VECTOR('',#6992,1.);
#6992 = DIRECTION('',(0.,0.,1.));
#6993 = ORIENTED_EDGE('',*,*,#2644,.F.);
#6994 = PLANE('',#6995);
#6995 = AXIS2_PLACEMENT_3D('',#6996,#6997,#6998);
#6996 = CARTESIAN_POINT('',(90.106174,-19.976167,0.));
#6997 = DIRECTION('',(0.853081976592,-0.521776907513,0.));
#6998 = DIRECTION('',(-0.521776907513,-0.853081976592,0.));
#6999 = ADVANCED_FACE('',(#7000),#7011,.T.);
#7000 = FACE_BOUND('',#7001,.T.);
#7001 = EDGE_LOOP('',(#7002,#7008,#7009,#7010));
#7002 = ORIENTED_EDGE('',*,*,#7003,.T.);
#7003 = EDGE_CURVE('',#274,#3432,#7004,.T.);
#7004 = LINE('',#7005,#7006);
#7005 = CARTESIAN_POINT('',(62.97997,-17.250219,0.));
#7006 = VECTOR('',#7007,1.);
#7007 = DIRECTION('',(0.,0.,1.));
#7008 = ORIENTED_EDGE('',*,*,#3431,.T.);
#7009 = ORIENTED_EDGE('',*,*,#6969,.F.);
#7010 = ORIENTED_EDGE('',*,*,#273,.F.);
#7011 = PLANE('',#7012);
#7012 = AXIS2_PLACEMENT_3D('',#7013,#7014,#7015);
#7013 = CARTESIAN_POINT('',(62.97997,-17.250219,0.));
#7014 = DIRECTION('',(-0.302446358034,0.953166407566,0.));
#7015 = DIRECTION('',(0.953166407566,0.302446358034,0.));
#7016 = ADVANCED_FACE('',(#7017),#7028,.T.);
#7017 = FACE_BOUND('',#7018,.T.);
#7018 = EDGE_LOOP('',(#7019,#7020,#7021,#7027));
#7019 = ORIENTED_EDGE('',*,*,#6988,.T.);
#7020 = ORIENTED_EDGE('',*,*,#5794,.T.);
#7021 = ORIENTED_EDGE('',*,*,#7022,.F.);
#7022 = EDGE_CURVE('',#2629,#5787,#7023,.T.);
#7023 = LINE('',#7024,#7025);
#7024 = CARTESIAN_POINT('',(89.222989,-21.439323,0.));
#7025 = VECTOR('',#7026,1.);
#7026 = DIRECTION('',(0.,0.,1.));
#7027 = ORIENTED_EDGE('',*,*,#2636,.F.);
#7028 = PLANE('',#7029);
#7029 = AXIS2_PLACEMENT_3D('',#7030,#7031,#7032);
#7030 = CARTESIAN_POINT('',(89.656544,-20.711292,0.));
#7031 = DIRECTION('',(0.859187460137,-0.511660931031,0.));
#7032 = DIRECTION('',(-0.511660931031,-0.859187460137,0.));
#7033 = ADVANCED_FACE('',(#7034),#7045,.T.);
#7034 = FACE_BOUND('',#7035,.T.);
#7035 = EDGE_LOOP('',(#7036,#7042,#7043,#7044));
#7036 = ORIENTED_EDGE('',*,*,#7037,.T.);
#7037 = EDGE_CURVE('',#282,#3440,#7038,.T.);
#7038 = LINE('',#7039,#7040);
#7039 = CARTESIAN_POINT('',(61.598873,-17.647262,0.));
#7040 = VECTOR('',#7041,1.);
#7041 = DIRECTION('',(0.,0.,1.));
#7042 = ORIENTED_EDGE('',*,*,#3439,.T.);
#7043 = ORIENTED_EDGE('',*,*,#7003,.F.);
#7044 = ORIENTED_EDGE('',*,*,#281,.F.);
#7045 = PLANE('',#7046);
#7046 = AXIS2_PLACEMENT_3D('',#7047,#7048,#7049);
#7047 = CARTESIAN_POINT('',(61.598873,-17.647262,0.));
#7048 = DIRECTION('',(-0.276293035292,0.96107344082,0.));
#7049 = DIRECTION('',(0.96107344082,0.276293035292,0.));
#7050 = ADVANCED_FACE('',(#7051),#7062,.T.);
#7051 = FACE_BOUND('',#7052,.T.);
#7052 = EDGE_LOOP('',(#7053,#7054,#7055,#7061));
#7053 = ORIENTED_EDGE('',*,*,#7022,.T.);
#7054 = ORIENTED_EDGE('',*,*,#5786,.T.);
#7055 = ORIENTED_EDGE('',*,*,#7056,.F.);
#7056 = EDGE_CURVE('',#2621,#5779,#7057,.T.);
#7057 = LINE('',#7058,#7059);
#7058 = CARTESIAN_POINT('',(88.801198,-22.167251,0.));
#7059 = VECTOR('',#7060,1.);
#7060 = DIRECTION('',(0.,0.,1.));
#7061 = ORIENTED_EDGE('',*,*,#2628,.F.);
#7062 = PLANE('',#7063);
#7063 = AXIS2_PLACEMENT_3D('',#7064,#7065,#7066);
#7064 = CARTESIAN_POINT('',(89.222989,-21.439323,0.));
#7065 = DIRECTION('',(0.865241196335,-0.501355833879,0.));
#7066 = DIRECTION('',(-0.501355833879,-0.865241196335,0.));
#7067 = ADVANCED_FACE('',(#7068),#7079,.T.);
#7068 = FACE_BOUND('',#7069,.T.);
#7069 = EDGE_LOOP('',(#7070,#7076,#7077,#7078));
#7070 = ORIENTED_EDGE('',*,*,#7071,.T.);
#7071 = EDGE_CURVE('',#290,#3448,#7072,.T.);
#7072 = LINE('',#7073,#7074);
#7073 = CARTESIAN_POINT('',(60.233043,-17.998996,0.));
#7074 = VECTOR('',#7075,1.);
#7075 = DIRECTION('',(0.,0.,1.));
#7076 = ORIENTED_EDGE('',*,*,#3447,.T.);
#7077 = ORIENTED_EDGE('',*,*,#7037,.F.);
#7078 = ORIENTED_EDGE('',*,*,#289,.F.);
#7079 = PLANE('',#7080);
#7080 = AXIS2_PLACEMENT_3D('',#7081,#7082,#7083);
#7081 = CARTESIAN_POINT('',(60.233043,-17.998996,0.));
#7082 = DIRECTION('',(-0.24938722871,0.968403846624,0.));
#7083 = DIRECTION('',(0.968403846624,0.24938722871,0.));
#7084 = ADVANCED_FACE('',(#7085),#7096,.T.);
#7085 = FACE_BOUND('',#7086,.T.);
#7086 = EDGE_LOOP('',(#7087,#7088,#7089,#7095));
#7087 = ORIENTED_EDGE('',*,*,#7056,.T.);
#7088 = ORIENTED_EDGE('',*,*,#5778,.T.);
#7089 = ORIENTED_EDGE('',*,*,#7090,.F.);
#7090 = EDGE_CURVE('',#2613,#5771,#7091,.T.);
#7091 = LINE('',#7092,#7093);
#7092 = CARTESIAN_POINT('',(88.394815,-22.888553,0.));
#7093 = VECTOR('',#7094,1.);
#7094 = DIRECTION('',(0.,0.,1.));
#7095 = ORIENTED_EDGE('',*,*,#2620,.F.);
#7096 = PLANE('',#7097);
#7097 = AXIS2_PLACEMENT_3D('',#7098,#7099,#7100);
#7098 = CARTESIAN_POINT('',(88.801198,-22.167251,0.));
#7099 = DIRECTION('',(0.871239530291,-0.490858106644,0.));
#7100 = DIRECTION('',(-0.490858106644,-0.871239530291,0.));
#7101 = ADVANCED_FACE('',(#7102),#7113,.T.);
#7102 = FACE_BOUND('',#7103,.T.);
#7103 = EDGE_LOOP('',(#7104,#7110,#7111,#7112));
#7104 = ORIENTED_EDGE('',*,*,#7105,.T.);
#7105 = EDGE_CURVE('',#298,#3456,#7106,.T.);
#7106 = LINE('',#7107,#7108);
#7107 = CARTESIAN_POINT('',(58.880662,-18.306584,0.));
#7108 = VECTOR('',#7109,1.);
#7109 = DIRECTION('',(0.,0.,1.));
#7110 = ORIENTED_EDGE('',*,*,#3455,.T.);
#7111 = ORIENTED_EDGE('',*,*,#7071,.F.);
#7112 = ORIENTED_EDGE('',*,*,#297,.F.);
#7113 = PLANE('',#7114);
#7114 = AXIS2_PLACEMENT_3D('',#7115,#7116,#7117);
#7115 = CARTESIAN_POINT('',(58.880662,-18.306584,0.));
#7116 = DIRECTION('',(-0.221777887009,0.975097209941,0.));
#7117 = DIRECTION('',(0.975097209941,0.221777887009,0.));
#7118 = ADVANCED_FACE('',(#7119),#7130,.T.);
#7119 = FACE_BOUND('',#7120,.T.);
#7120 = EDGE_LOOP('',(#7121,#7122,#7123,#7129));
#7121 = ORIENTED_EDGE('',*,*,#7090,.T.);
#7122 = ORIENTED_EDGE('',*,*,#5770,.T.);
#7123 = ORIENTED_EDGE('',*,*,#7124,.F.);
#7124 = EDGE_CURVE('',#2605,#5763,#7125,.T.);
#7125 = LINE('',#7126,#7127);
#7126 = CARTESIAN_POINT('',(87.999986,-23.609829,0.));
#7127 = VECTOR('',#7128,1.);
#7128 = DIRECTION('',(0.,0.,1.));
#7129 = ORIENTED_EDGE('',*,*,#2612,.F.);
#7130 = PLANE('',#7131);
#7131 = AXIS2_PLACEMENT_3D('',#7132,#7133,#7134);
#7132 = CARTESIAN_POINT('',(88.394815,-22.888553,0.));
#7133 = DIRECTION('',(0.877175912456,-0.480169156244,0.));
#7134 = DIRECTION('',(-0.480169156244,-0.877175912456,0.));
#7135 = ADVANCED_FACE('',(#7136),#7147,.T.);
#7136 = FACE_BOUND('',#7137,.T.);
#7137 = EDGE_LOOP('',(#7138,#7144,#7145,#7146));
#7138 = ORIENTED_EDGE('',*,*,#7139,.T.);
#7139 = EDGE_CURVE('',#306,#3464,#7140,.T.);
#7140 = LINE('',#7141,#7142);
#7141 = CARTESIAN_POINT('',(57.539957,-18.571041,0.));
#7142 = VECTOR('',#7143,1.);
#7143 = DIRECTION('',(0.,0.,1.));
#7144 = ORIENTED_EDGE('',*,*,#3463,.T.);
#7145 = ORIENTED_EDGE('',*,*,#7105,.F.);
#7146 = ORIENTED_EDGE('',*,*,#305,.F.);
#7147 = PLANE('',#7148);
#7148 = AXIS2_PLACEMENT_3D('',#7149,#7150,#7151);
#7149 = CARTESIAN_POINT('',(57.539957,-18.571041,0.));
#7150 = DIRECTION('',(-0.193523274291,0.981095684583,0.));
#7151 = DIRECTION('',(0.981095684583,0.193523274291,0.));
#7152 = ADVANCED_FACE('',(#7153),#7164,.T.);
#7153 = FACE_BOUND('',#7154,.T.);
#7154 = EDGE_LOOP('',(#7155,#7156,#7157,#7163));
#7155 = ORIENTED_EDGE('',*,*,#7124,.T.);
#7156 = ORIENTED_EDGE('',*,*,#5762,.T.);
#7157 = ORIENTED_EDGE('',*,*,#7158,.F.);
#7158 = EDGE_CURVE('',#2597,#5755,#7159,.T.);
#7159 = LINE('',#7160,#7161);
#7160 = CARTESIAN_POINT('',(87.619942,-24.324942,0.));
#7161 = VECTOR('',#7162,1.);
#7162 = DIRECTION('',(0.,0.,1.));
#7163 = ORIENTED_EDGE('',*,*,#2604,.F.);
#7164 = PLANE('',#7165);
#7165 = AXIS2_PLACEMENT_3D('',#7166,#7167,#7168);
#7166 = CARTESIAN_POINT('',(87.999986,-23.609829,0.));
#7167 = DIRECTION('',(0.883043971355,-0.469290256295,0.));
#7168 = DIRECTION('',(-0.469290256295,-0.883043971355,0.));
#7169 = ADVANCED_FACE('',(#7170),#7181,.T.);
#7170 = FACE_BOUND('',#7171,.T.);
#7171 = EDGE_LOOP('',(#7172,#7178,#7179,#7180));
#7172 = ORIENTED_EDGE('',*,*,#7173,.T.);
#7173 = EDGE_CURVE('',#314,#3472,#7174,.T.);
#7174 = LINE('',#7175,#7176);
#7175 = CARTESIAN_POINT('',(56.209195,-18.793235,0.));
#7176 = VECTOR('',#7177,1.);
#7177 = DIRECTION('',(0.,0.,1.));
#7178 = ORIENTED_EDGE('',*,*,#3471,.T.);
#7179 = ORIENTED_EDGE('',*,*,#7139,.F.);
#7180 = ORIENTED_EDGE('',*,*,#313,.F.);
#7181 = PLANE('',#7182);
#7182 = AXIS2_PLACEMENT_3D('',#7183,#7184,#7185);
#7183 = CARTESIAN_POINT('',(56.209195,-18.793235,0.));
#7184 = DIRECTION('',(-0.164687683281,0.986345764413,0.));
#7185 = DIRECTION('',(0.986345764413,0.164687683281,0.));
#7186 = ADVANCED_FACE('',(#7187),#7198,.T.);
#7187 = FACE_BOUND('',#7188,.T.);
#7188 = EDGE_LOOP('',(#7189,#7190,#7191,#7197));
#7189 = ORIENTED_EDGE('',*,*,#7158,.T.);
#7190 = ORIENTED_EDGE('',*,*,#5754,.T.);
#7191 = ORIENTED_EDGE('',*,*,#7192,.F.);
#7192 = EDGE_CURVE('',#2589,#5747,#7193,.T.);
#7193 = LINE('',#7194,#7195);
#7194 = CARTESIAN_POINT('',(87.251254,-25.040101,0.));
#7195 = VECTOR('',#7196,1.);
#7196 = DIRECTION('',(0.,0.,1.));
#7197 = ORIENTED_EDGE('',*,*,#2596,.F.);
#7198 = PLANE('',#7199);
#7199 = AXIS2_PLACEMENT_3D('',#7200,#7201,#7202);
#7200 = CARTESIAN_POINT('',(87.619942,-24.324942,0.));
#7201 = DIRECTION('',(0.888836506318,-0.458224470141,0.));
#7202 = DIRECTION('',(-0.458224470141,-0.888836506318,0.));
#7203 = ADVANCED_FACE('',(#7204),#7215,.T.);
#7204 = FACE_BOUND('',#7205,.T.);
#7205 = EDGE_LOOP('',(#7206,#7212,#7213,#7214));
#7206 = ORIENTED_EDGE('',*,*,#7207,.T.);
#7207 = EDGE_CURVE('',#322,#3480,#7208,.T.);
#7208 = LINE('',#7209,#7210);
#7209 = CARTESIAN_POINT('',(54.886675,-18.973891,0.));
#7210 = VECTOR('',#7211,1.);
#7211 = DIRECTION('',(0.,0.,1.));
#7212 = ORIENTED_EDGE('',*,*,#3479,.T.);
#7213 = ORIENTED_EDGE('',*,*,#7173,.F.);
#7214 = ORIENTED_EDGE('',*,*,#321,.F.);
#7215 = PLANE('',#7216);
#7216 = AXIS2_PLACEMENT_3D('',#7217,#7218,#7219);
#7217 = CARTESIAN_POINT('',(54.886675,-18.973891,0.));
#7218 = DIRECTION('',(-0.135342944024,0.990798812829,0.));
#7219 = DIRECTION('',(0.990798812829,0.135342944024,0.));
#7220 = ADVANCED_FACE('',(#7221),#7232,.T.);
#7221 = FACE_BOUND('',#7222,.T.);
#7222 = EDGE_LOOP('',(#7223,#7224,#7225,#7231));
#7223 = ORIENTED_EDGE('',*,*,#7192,.T.);
#7224 = ORIENTED_EDGE('',*,*,#5746,.T.);
#7225 = ORIENTED_EDGE('',*,*,#7226,.F.);
#7226 = EDGE_CURVE('',#2581,#5739,#7227,.T.);
#7227 = LINE('',#7228,#7229);
#7228 = CARTESIAN_POINT('',(86.896767,-25.749557,0.));
#7229 = VECTOR('',#7230,1.);
#7230 = DIRECTION('',(0.,0.,1.));
#7231 = ORIENTED_EDGE('',*,*,#2588,.F.);
#7232 = PLANE('',#7233);
#7233 = AXIS2_PLACEMENT_3D('',#7234,#7235,#7236);
#7234 = CARTESIAN_POINT('',(87.251254,-25.040101,0.));
#7235 = DIRECTION('',(0.894548708131,-0.446970478647,0.));
#7236 = DIRECTION('',(-0.446970478647,-0.894548708131,0.));
#7237 = ADVANCED_FACE('',(#7238),#7249,.T.);
#7238 = FACE_BOUND('',#7239,.T.);
#7239 = EDGE_LOOP('',(#7240,#7246,#7247,#7248));
#7240 = ORIENTED_EDGE('',*,*,#7241,.T.);
#7241 = EDGE_CURVE('',#330,#3488,#7242,.T.);
#7242 = LINE('',#7243,#7244);
#7243 = CARTESIAN_POINT('',(53.570721,-19.113592,0.));
#7244 = VECTOR('',#7245,1.);
#7245 = DIRECTION('',(0.,0.,1.));
#7246 = ORIENTED_EDGE('',*,*,#3487,.T.);
#7247 = ORIENTED_EDGE('',*,*,#7207,.F.);
#7248 = ORIENTED_EDGE('',*,*,#329,.F.);
#7249 = PLANE('',#7250);
#7250 = AXIS2_PLACEMENT_3D('',#7251,#7252,#7253);
#7251 = CARTESIAN_POINT('',(53.570721,-19.113592,0.));
#7252 = DIRECTION('',(-0.105566294988,0.994412267303,0.));
#7253 = DIRECTION('',(0.994412267303,0.105566294988,0.));
#7254 = ADVANCED_FACE('',(#7255),#7266,.T.);
#7255 = FACE_BOUND('',#7256,.T.);
#7256 = EDGE_LOOP('',(#7257,#7258,#7259,#7265));
#7257 = ORIENTED_EDGE('',*,*,#7226,.T.);
#7258 = ORIENTED_EDGE('',*,*,#5738,.T.);
#7259 = ORIENTED_EDGE('',*,*,#7260,.F.);
#7260 = EDGE_CURVE('',#2573,#5731,#7261,.T.);
#7261 = LINE('',#7262,#7263);
#7262 = CARTESIAN_POINT('',(86.553453,-26.459128,0.));
#7263 = VECTOR('',#7264,1.);
#7264 = DIRECTION('',(0.,0.,1.));
#7265 = ORIENTED_EDGE('',*,*,#2580,.F.);
#7266 = PLANE('',#7267);
#7267 = AXIS2_PLACEMENT_3D('',#7268,#7269,#7270);
#7268 = CARTESIAN_POINT('',(86.896767,-25.749557,0.));
#7269 = DIRECTION('',(0.90017258429,-0.435533372422,0.));
#7270 = DIRECTION('',(-0.435533372422,-0.90017258429,0.));
#7271 = ADVANCED_FACE('',(#7272),#7283,.T.);
#7272 = FACE_BOUND('',#7273,.T.);
#7273 = EDGE_LOOP('',(#7274,#7280,#7281,#7282));
#7274 = ORIENTED_EDGE('',*,*,#7275,.T.);
#7275 = EDGE_CURVE('',#338,#3496,#7276,.T.);
#7276 = LINE('',#7277,#7278);
#7277 = CARTESIAN_POINT('',(52.259679,-19.212784,0.));
#7278 = VECTOR('',#7279,1.);
#7279 = DIRECTION('',(0.,0.,1.));
#7280 = ORIENTED_EDGE('',*,*,#3495,.T.);
#7281 = ORIENTED_EDGE('',*,*,#7241,.F.);
#7282 = ORIENTED_EDGE('',*,*,#337,.F.);
#7283 = PLANE('',#7284);
#7284 = AXIS2_PLACEMENT_3D('',#7285,#7286,#7287);
#7285 = CARTESIAN_POINT('',(52.259679,-19.212784,0.));
#7286 = DIRECTION('',(-7.544328265657E-02,0.997150094571,0.));
#7287 = DIRECTION('',(0.997150094571,7.544328265657E-02,0.));
#7288 = ADVANCED_FACE('',(#7289),#7300,.T.);
#7289 = FACE_BOUND('',#7290,.T.);
#7290 = EDGE_LOOP('',(#7291,#7292,#7293,#7299));
#7291 = ORIENTED_EDGE('',*,*,#7260,.T.);
#7292 = ORIENTED_EDGE('',*,*,#5730,.T.);
#7293 = ORIENTED_EDGE('',*,*,#7294,.F.);
#7294 = EDGE_CURVE('',#2565,#5723,#7295,.T.);
#7295 = LINE('',#7296,#7297);
#7296 = CARTESIAN_POINT('',(86.223797,-27.163451,0.));
#7297 = VECTOR('',#7298,1.);
#7298 = DIRECTION('',(0.,0.,1.));
#7299 = ORIENTED_EDGE('',*,*,#2572,.F.);
#7300 = PLANE('',#7301);
#7301 = AXIS2_PLACEMENT_3D('',#7302,#7303,#7304);
#7302 = CARTESIAN_POINT('',(86.553453,-26.459128,0.));
#7303 = DIRECTION('',(0.905703609616,-0.423911513796,0.));
#7304 = DIRECTION('',(-0.423911513796,-0.905703609616,0.));
#7305 = ADVANCED_FACE('',(#7306),#7317,.T.);
#7306 = FACE_BOUND('',#7307,.T.);
#7307 = EDGE_LOOP('',(#7308,#7314,#7315,#7316));
#7308 = ORIENTED_EDGE('',*,*,#7309,.T.);
#7309 = EDGE_CURVE('',#346,#3504,#7310,.T.);
#7310 = LINE('',#7311,#7312);
#7311 = CARTESIAN_POINT('',(50.951912,-19.271774,0.));
#7312 = VECTOR('',#7313,1.);
#7313 = DIRECTION('',(0.,0.,1.));
#7314 = ORIENTED_EDGE('',*,*,#3503,.T.);
#7315 = ORIENTED_EDGE('',*,*,#7275,.F.);
#7316 = ORIENTED_EDGE('',*,*,#345,.F.);
#7317 = PLANE('',#7318);
#7318 = AXIS2_PLACEMENT_3D('',#7319,#7320,#7321);
#7319 = CARTESIAN_POINT('',(50.951912,-19.271774,0.));
#7320 = DIRECTION('',(-4.506160390087E-02,0.998984210012,0.));
#7321 = DIRECTION('',(0.998984210012,4.506160390087E-02,0.));
#7322 = ADVANCED_FACE('',(#7323),#7334,.T.);
#7323 = FACE_BOUND('',#7324,.T.);
#7324 = EDGE_LOOP('',(#7325,#7326,#7327,#7333));
#7325 = ORIENTED_EDGE('',*,*,#7294,.T.);
#7326 = ORIENTED_EDGE('',*,*,#5722,.T.);
#7327 = ORIENTED_EDGE('',*,*,#7328,.F.);
#7328 = EDGE_CURVE('',#2557,#5715,#7329,.T.);
#7329 = LINE('',#7330,#7331);
#7330 = CARTESIAN_POINT('',(85.905145,-27.867956,0.));
#7331 = VECTOR('',#7332,1.);
#7332 = DIRECTION('',(0.,0.,1.));
#7333 = ORIENTED_EDGE('',*,*,#2564,.F.);
#7334 = PLANE('',#7335);
#7335 = AXIS2_PLACEMENT_3D('',#7336,#7337,#7338);
#7336 = CARTESIAN_POINT('',(86.223797,-27.163451,0.));
#7337 = DIRECTION('',(0.911133488178,-0.412111352332,0.));
#7338 = DIRECTION('',(-0.412111352332,-0.911133488178,0.));
#7339 = ADVANCED_FACE('',(#7340),#7351,.T.);
#7340 = FACE_BOUND('',#7341,.T.);
#7341 = EDGE_LOOP('',(#7342,#7348,#7349,#7350));
#7342 = ORIENTED_EDGE('',*,*,#7343,.T.);
#7343 = EDGE_CURVE('',#354,#3512,#7344,.T.);
#7344 = LINE('',#7345,#7346);
#7345 = CARTESIAN_POINT('',(49.64579,-19.290731,0.));
#7346 = VECTOR('',#7347,1.);
#7347 = DIRECTION('',(0.,0.,1.));
#7348 = ORIENTED_EDGE('',*,*,#3511,.T.);
#7349 = ORIENTED_EDGE('',*,*,#7309,.F.);
#7350 = ORIENTED_EDGE('',*,*,#353,.F.);
#7351 = PLANE('',#7352);
#7352 = AXIS2_PLACEMENT_3D('',#7353,#7354,#7355);
#7353 = CARTESIAN_POINT('',(49.64579,-19.290731,0.));
#7354 = DIRECTION('',(-1.451242963688E-02,0.999894689148,0.));
#7355 = DIRECTION('',(0.999894689148,1.451242963688E-02,0.));
#7356 = ADVANCED_FACE('',(#7357),#7368,.T.);
#7357 = FACE_BOUND('',#7358,.T.);
#7358 = EDGE_LOOP('',(#7359,#7360,#7361,#7367));
#7359 = ORIENTED_EDGE('',*,*,#7328,.T.);
#7360 = ORIENTED_EDGE('',*,*,#5714,.T.);
#7361 = ORIENTED_EDGE('',*,*,#7362,.F.);
#7362 = EDGE_CURVE('',#2549,#5707,#7363,.T.);
#7363 = LINE('',#7364,#7365);
#7364 = CARTESIAN_POINT('',(85.599646,-28.567666,0.));
#7365 = VECTOR('',#7366,1.);
#7366 = DIRECTION('',(0.,0.,1.));
#7367 = ORIENTED_EDGE('',*,*,#2556,.F.);
#7368 = PLANE('',#7369);
#7369 = AXIS2_PLACEMENT_3D('',#7370,#7371,#7372);
#7370 = CARTESIAN_POINT('',(85.905145,-27.867956,0.));
#7371 = DIRECTION('',(0.916457259456,-0.400132592512,0.));
#7372 = DIRECTION('',(-0.400132592512,-0.916457259456,0.));
#7373 = ADVANCED_FACE('',(#7374),#7385,.T.);
#7374 = FACE_BOUND('',#7375,.T.);
#7375 = EDGE_LOOP('',(#7376,#7382,#7383,#7384));
#7376 = ORIENTED_EDGE('',*,*,#7377,.T.);
#7377 = EDGE_CURVE('',#362,#3520,#7378,.T.);
#7378 = LINE('',#7379,#7380);
#7379 = CARTESIAN_POINT('',(48.992767,-19.285211,0.));
#7380 = VECTOR('',#7381,1.);
#7381 = DIRECTION('',(0.,0.,1.));
#7382 = ORIENTED_EDGE('',*,*,#3519,.T.);
#7383 = ORIENTED_EDGE('',*,*,#7343,.F.);
#7384 = ORIENTED_EDGE('',*,*,#361,.F.);
#7385 = PLANE('',#7386);
#7386 = AXIS2_PLACEMENT_3D('',#7387,#7388,#7389);
#7387 = CARTESIAN_POINT('',(48.992767,-19.285211,0.));
#7388 = DIRECTION('',(8.452692784107E-03,0.999964275354,-0.));
#7389 = DIRECTION('',(0.999964275354,-8.452692784107E-03,0.));
#7390 = ADVANCED_FACE('',(#7391),#7402,.T.);
#7391 = FACE_BOUND('',#7392,.T.);
#7392 = EDGE_LOOP('',(#7393,#7394,#7395,#7401));
#7393 = ORIENTED_EDGE('',*,*,#7362,.T.);
#7394 = ORIENTED_EDGE('',*,*,#5706,.T.);
#7395 = ORIENTED_EDGE('',*,*,#7396,.F.);
#7396 = EDGE_CURVE('',#2541,#5699,#7397,.T.);
#7397 = LINE('',#7398,#7399);
#7398 = CARTESIAN_POINT('',(85.304996,-29.267623,0.));
#7399 = VECTOR('',#7400,1.);
#7400 = DIRECTION('',(0.,0.,1.));
#7401 = ORIENTED_EDGE('',*,*,#2548,.F.);
#7402 = PLANE('',#7403);
#7403 = AXIS2_PLACEMENT_3D('',#7404,#7405,#7406);
#7404 = CARTESIAN_POINT('',(85.599646,-28.567666,0.));
#7405 = DIRECTION('',(0.921667742272,-0.387980119151,0.));
#7406 = DIRECTION('',(-0.387980119151,-0.921667742272,0.));
#7407 = ADVANCED_FACE('',(#7408),#7419,.T.);
#7408 = FACE_BOUND('',#7409,.T.);
#7409 = EDGE_LOOP('',(#7410,#7416,#7417,#7418));
#7410 = ORIENTED_EDGE('',*,*,#7411,.T.);
#7411 = EDGE_CURVE('',#370,#3528,#7412,.T.);
#7412 = LINE('',#7413,#7414);
#7413 = CARTESIAN_POINT('',(48.339691,-19.269687,0.));
#7414 = VECTOR('',#7415,1.);
#7415 = DIRECTION('',(0.,0.,1.));
#7416 = ORIENTED_EDGE('',*,*,#3527,.T.);
#7417 = ORIENTED_EDGE('',*,*,#7377,.F.);
#7418 = ORIENTED_EDGE('',*,*,#369,.F.);
#7419 = PLANE('',#7420);
#7420 = AXIS2_PLACEMENT_3D('',#7421,#7422,#7423);
#7421 = CARTESIAN_POINT('',(48.339691,-19.269687,0.));
#7422 = DIRECTION('',(2.376387435911E-02,0.999717599263,-0.));
#7423 = DIRECTION('',(0.999717599263,-2.376387435911E-02,0.));
#7424 = ADVANCED_FACE('',(#7425),#7436,.T.);
#7425 = FACE_BOUND('',#7426,.T.);
#7426 = EDGE_LOOP('',(#7427,#7428,#7429,#7435));
#7427 = ORIENTED_EDGE('',*,*,#7396,.T.);
#7428 = ORIENTED_EDGE('',*,*,#5698,.T.);
#7429 = ORIENTED_EDGE('',*,*,#7430,.F.);
#7430 = EDGE_CURVE('',#2533,#5691,#7431,.T.);
#7431 = LINE('',#7432,#7433);
#7432 = CARTESIAN_POINT('',(85.023032,-29.963235,0.));
#7433 = VECTOR('',#7434,1.);
#7434 = DIRECTION('',(0.,0.,1.));
#7435 = ORIENTED_EDGE('',*,*,#2540,.F.);
#7436 = PLANE('',#7437);
#7437 = AXIS2_PLACEMENT_3D('',#7438,#7439,#7440);
#7438 = CARTESIAN_POINT('',(85.304996,-29.267623,0.));
#7439 = DIRECTION('',(0.926758223367,-0.375658349329,0.));
#7440 = DIRECTION('',(-0.375658349329,-0.926758223367,0.));
#7441 = ADVANCED_FACE('',(#7442),#7453,.T.);
#7442 = FACE_BOUND('',#7443,.T.);
#7443 = EDGE_LOOP('',(#7444,#7450,#7451,#7452));
#7444 = ORIENTED_EDGE('',*,*,#7445,.T.);
#7445 = EDGE_CURVE('',#378,#3536,#7446,.T.);
#7446 = LINE('',#7447,#7448);
#7447 = CARTESIAN_POINT('',(47.685932,-19.244128,0.));
#7448 = VECTOR('',#7449,1.);
#7449 = DIRECTION('',(0.,0.,1.));
#7450 = ORIENTED_EDGE('',*,*,#3535,.T.);
#7451 = ORIENTED_EDGE('',*,*,#7411,.F.);
#7452 = ORIENTED_EDGE('',*,*,#377,.F.);
#7453 = PLANE('',#7454);
#7454 = AXIS2_PLACEMENT_3D('',#7455,#7456,#7457);
#7455 = CARTESIAN_POINT('',(47.685932,-19.244128,0.));
#7456 = DIRECTION('',(3.906560289919E-02,0.999236647982,-0.));
#7457 = DIRECTION('',(0.999236647982,-3.906560289919E-02,0.));
#7458 = ADVANCED_FACE('',(#7459),#7470,.T.);
#7459 = FACE_BOUND('',#7460,.T.);
#7460 = EDGE_LOOP('',(#7461,#7462,#7463,#7469));
#7461 = ORIENTED_EDGE('',*,*,#7430,.T.);
#7462 = ORIENTED_EDGE('',*,*,#5690,.T.);
#7463 = ORIENTED_EDGE('',*,*,#7464,.F.);
#7464 = EDGE_CURVE('',#2525,#5683,#7465,.T.);
#7465 = LINE('',#7466,#7467);
#7466 = CARTESIAN_POINT('',(84.751773,-30.659157,0.));
#7467 = VECTOR('',#7468,1.);
#7468 = DIRECTION('',(0.,0.,1.));
#7469 = ORIENTED_EDGE('',*,*,#2532,.F.);
#7470 = PLANE('',#7471);
#7471 = AXIS2_PLACEMENT_3D('',#7472,#7473,#7474);
#7472 = CARTESIAN_POINT('',(85.023032,-29.963235,0.));
#7473 = DIRECTION('',(0.931722783208,-0.363170284098,0.));
#7474 = DIRECTION('',(-0.363170284098,-0.931722783208,0.));
#7475 = ADVANCED_FACE('',(#7476),#7487,.T.);
#7476 = FACE_BOUND('',#7477,.T.);
#7477 = EDGE_LOOP('',(#7478,#7484,#7485,#7486));
#7478 = ORIENTED_EDGE('',*,*,#7479,.T.);
#7479 = EDGE_CURVE('',#386,#3544,#7480,.T.);
#7480 = LINE('',#7481,#7482);
#7481 = CARTESIAN_POINT('',(47.031993,-19.208538,0.));
#7482 = VECTOR('',#7483,1.);
#7483 = DIRECTION('',(0.,0.,1.));
#7484 = ORIENTED_EDGE('',*,*,#3543,.T.);
#7485 = ORIENTED_EDGE('',*,*,#7445,.F.);
#7486 = ORIENTED_EDGE('',*,*,#385,.F.);
#7487 = PLANE('',#7488);
#7488 = AXIS2_PLACEMENT_3D('',#7489,#7490,#7491);
#7489 = CARTESIAN_POINT('',(47.031993,-19.208538,0.));
#7490 = DIRECTION('',(5.434361376818E-02,0.998522294014,-0.));
#7491 = DIRECTION('',(0.998522294014,-5.434361376818E-02,0.));
#7492 = ADVANCED_FACE('',(#7493),#7504,.T.);
#7493 = FACE_BOUND('',#7494,.T.);
#7494 = EDGE_LOOP('',(#7495,#7496,#7497,#7503));
#7495 = ORIENTED_EDGE('',*,*,#7464,.T.);
#7496 = ORIENTED_EDGE('',*,*,#5682,.T.);
#7497 = ORIENTED_EDGE('',*,*,#7498,.F.);
#7498 = EDGE_CURVE('',#2517,#5675,#7499,.T.);
#7499 = LINE('',#7500,#7501);
#7500 = CARTESIAN_POINT('',(84.492773,-31.351184,0.));
#7501 = VECTOR('',#7502,1.);
#7502 = DIRECTION('',(0.,0.,1.));
#7503 = ORIENTED_EDGE('',*,*,#2524,.F.);
#7504 = PLANE('',#7505);
#7505 = AXIS2_PLACEMENT_3D('',#7506,#7507,#7508);
#7506 = CARTESIAN_POINT('',(84.751773,-30.659157,0.));
#7507 = DIRECTION('',(0.936555955716,-0.350518104829,0.));
#7508 = DIRECTION('',(-0.350518104829,-0.936555955716,0.));
#7509 = ADVANCED_FACE('',(#7510),#7521,.T.);
#7510 = FACE_BOUND('',#7511,.T.);
#7511 = EDGE_LOOP('',(#7512,#7518,#7519,#7520));
#7512 = ORIENTED_EDGE('',*,*,#7513,.T.);
#7513 = EDGE_CURVE('',#394,#3552,#7514,.T.);
#7514 = LINE('',#7515,#7516);
#7515 = CARTESIAN_POINT('',(46.376685,-19.162828,0.));
#7516 = VECTOR('',#7517,1.);
#7517 = DIRECTION('',(0.,0.,1.));
#7518 = ORIENTED_EDGE('',*,*,#3551,.T.);
#7519 = ORIENTED_EDGE('',*,*,#7479,.F.);
#7520 = ORIENTED_EDGE('',*,*,#393,.F.);
#7521 = PLANE('',#7522);
#7522 = AXIS2_PLACEMENT_3D('',#7523,#7524,#7525);
#7523 = CARTESIAN_POINT('',(46.376685,-19.162828,0.));
#7524 = DIRECTION('',(6.958438188174E-02,0.997576069179,-0.));
#7525 = DIRECTION('',(0.997576069179,-6.958438188174E-02,0.));
#7526 = ADVANCED_FACE('',(#7527),#7538,.T.);
#7527 = FACE_BOUND('',#7528,.T.);
#7528 = EDGE_LOOP('',(#7529,#7530,#7531,#7537));
#7529 = ORIENTED_EDGE('',*,*,#7498,.T.);
#7530 = ORIENTED_EDGE('',*,*,#5674,.T.);
#7531 = ORIENTED_EDGE('',*,*,#7532,.F.);
#7532 = EDGE_CURVE('',#2509,#5667,#7533,.T.);
#7533 = LINE('',#7534,#7535);
#7534 = CARTESIAN_POINT('',(84.244348,-32.043581,0.));
#7535 = VECTOR('',#7536,1.);
#7536 = DIRECTION('',(0.,0.,1.));
#7537 = ORIENTED_EDGE('',*,*,#2516,.F.);
#7538 = PLANE('',#7539);
#7539 = AXIS2_PLACEMENT_3D('',#7540,#7541,#7542);
#7540 = CARTESIAN_POINT('',(84.492773,-31.351184,0.));
#7541 = DIRECTION('',(0.941249891154,-0.337710885821,0.));
#7542 = DIRECTION('',(-0.337710885821,-0.941249891154,0.));
#7543 = ADVANCED_FACE('',(#7544),#7555,.T.);
#7544 = FACE_BOUND('',#7545,.T.);
#7545 = EDGE_LOOP('',(#7546,#7552,#7553,#7554));
#7546 = ORIENTED_EDGE('',*,*,#7547,.T.);
#7547 = EDGE_CURVE('',#402,#3560,#7548,.T.);
#7548 = LINE('',#7549,#7550);
#7549 = CARTESIAN_POINT('',(45.72107,-19.107044,0.));
#7550 = VECTOR('',#7551,1.);
#7551 = DIRECTION('',(0.,0.,1.));
#7552 = ORIENTED_EDGE('',*,*,#3559,.T.);
#7553 = ORIENTED_EDGE('',*,*,#7513,.F.);
#7554 = ORIENTED_EDGE('',*,*,#401,.F.);
#7555 = PLANE('',#7556);
#7556 = AXIS2_PLACEMENT_3D('',#7557,#7558,#7559);
#7557 = CARTESIAN_POINT('',(45.72107,-19.107044,0.));
#7558 = DIRECTION('',(8.47801830349E-02,0.996399679127,-0.));
#7559 = DIRECTION('',(0.996399679127,-8.47801830349E-02,0.));
#7560 = ADVANCED_FACE('',(#7561),#7572,.T.);
#7561 = FACE_BOUND('',#7562,.T.);
#7562 = EDGE_LOOP('',(#7563,#7564,#7565,#7571));
#7563 = ORIENTED_EDGE('',*,*,#7532,.T.);
#7564 = ORIENTED_EDGE('',*,*,#5666,.T.);
#7565 = ORIENTED_EDGE('',*,*,#7566,.F.);
#7566 = EDGE_CURVE('',#2501,#5659,#7567,.T.);
#7567 = LINE('',#7568,#7569);
#7568 = CARTESIAN_POINT('',(84.00779,-32.732535,0.));
#7569 = VECTOR('',#7570,1.);
#7570 = DIRECTION('',(0.,0.,1.));
#7571 = ORIENTED_EDGE('',*,*,#2508,.F.);
#7572 = PLANE('',#7573);
#7573 = AXIS2_PLACEMENT_3D('',#7574,#7575,#7576);
#7574 = CARTESIAN_POINT('',(84.244348,-32.043581,0.));
#7575 = DIRECTION('',(0.945800463784,-0.324748337497,0.));
#7576 = DIRECTION('',(-0.324748337497,-0.945800463784,0.));
#7577 = ADVANCED_FACE('',(#7578),#7589,.T.);
#7578 = FACE_BOUND('',#7579,.T.);
#7579 = EDGE_LOOP('',(#7580,#7586,#7587,#7588));
#7580 = ORIENTED_EDGE('',*,*,#7581,.T.);
#7581 = EDGE_CURVE('',#410,#3568,#7582,.T.);
#7582 = LINE('',#7583,#7584);
#7583 = CARTESIAN_POINT('',(45.063397,-19.041,0.));
#7584 = VECTOR('',#7585,1.);
#7585 = DIRECTION('',(0.,0.,1.));
#7586 = ORIENTED_EDGE('',*,*,#3567,.T.);
#7587 = ORIENTED_EDGE('',*,*,#7547,.F.);
#7588 = ORIENTED_EDGE('',*,*,#409,.F.);
#7589 = PLANE('',#7590);
#7590 = AXIS2_PLACEMENT_3D('',#7591,#7592,#7593);
#7591 = CARTESIAN_POINT('',(45.063397,-19.041,0.));
#7592 = DIRECTION('',(9.991818597769E-02,0.994995656328,-0.));
#7593 = DIRECTION('',(0.994995656328,-9.991818597769E-02,0.));
#7594 = ADVANCED_FACE('',(#7595),#7606,.T.);
#7595 = FACE_BOUND('',#7596,.T.);
#7596 = EDGE_LOOP('',(#7597,#7598,#7599,#7605));
#7597 = ORIENTED_EDGE('',*,*,#7566,.T.);
#7598 = ORIENTED_EDGE('',*,*,#5658,.T.);
#7599 = ORIENTED_EDGE('',*,*,#7600,.F.);
#7600 = EDGE_CURVE('',#2493,#5651,#7601,.T.);
#7601 = LINE('',#7602,#7603);
#7602 = CARTESIAN_POINT('',(83.781691,-33.421917,0.));
#7603 = VECTOR('',#7604,1.);
#7604 = DIRECTION('',(0.,0.,1.));
#7605 = ORIENTED_EDGE('',*,*,#2500,.F.);
#7606 = PLANE('',#7607);
#7607 = AXIS2_PLACEMENT_3D('',#7608,#7609,#7610);
#7608 = CARTESIAN_POINT('',(84.00779,-32.732535,0.));
#7609 = DIRECTION('',(0.950200110379,-0.311640418167,0.));
#7610 = DIRECTION('',(-0.311640418167,-0.950200110379,0.));
#7611 = ADVANCED_FACE('',(#7612),#7623,.T.);
#7612 = FACE_BOUND('',#7613,.T.);
#7613 = EDGE_LOOP('',(#7614,#7620,#7621,#7622));
#7614 = ORIENTED_EDGE('',*,*,#7615,.T.);
#7615 = EDGE_CURVE('',#418,#3576,#7616,.T.);
#7616 = LINE('',#7617,#7618);
#7617 = CARTESIAN_POINT('',(44.405287,-18.964823,0.));
#7618 = VECTOR('',#7619,1.);
#7619 = DIRECTION('',(0.,0.,1.));
#7620 = ORIENTED_EDGE('',*,*,#3575,.T.);
#7621 = ORIENTED_EDGE('',*,*,#7581,.F.);
#7622 = ORIENTED_EDGE('',*,*,#417,.F.);
#7623 = PLANE('',#7624);
#7624 = AXIS2_PLACEMENT_3D('',#7625,#7626,#7627);
#7625 = CARTESIAN_POINT('',(44.405287,-18.964823,0.));
#7626 = DIRECTION('',(0.114983436085,0.993367409082,-0.));
#7627 = DIRECTION('',(0.993367409082,-0.114983436085,0.));
#7628 = ADVANCED_FACE('',(#7629),#7640,.T.);
#7629 = FACE_BOUND('',#7630,.T.);
#7630 = EDGE_LOOP('',(#7631,#7632,#7633,#7639));
#7631 = ORIENTED_EDGE('',*,*,#7600,.T.);
#7632 = ORIENTED_EDGE('',*,*,#5650,.T.);
#7633 = ORIENTED_EDGE('',*,*,#7634,.F.);
#7634 = EDGE_CURVE('',#2485,#5643,#7635,.T.);
#7635 = LINE('',#7636,#7637);
#7636 = CARTESIAN_POINT('',(83.567104,-34.108305,0.));
#7637 = VECTOR('',#7638,1.);
#7638 = DIRECTION('',(0.,0.,1.));
#7639 = ORIENTED_EDGE('',*,*,#2492,.F.);
#7640 = PLANE('',#7641);
#7641 = AXIS2_PLACEMENT_3D('',#7642,#7643,#7644);
#7642 = CARTESIAN_POINT('',(83.781691,-33.421917,0.));
#7643 = DIRECTION('',(0.954444044927,-0.298389954762,0.));
#7644 = DIRECTION('',(-0.298389954762,-0.954444044927,0.));
#7645 = ADVANCED_FACE('',(#7646),#7657,.T.);
#7646 = FACE_BOUND('',#7647,.T.);
#7647 = EDGE_LOOP('',(#7648,#7654,#7655,#7656));
#7648 = ORIENTED_EDGE('',*,*,#7649,.T.);
#7649 = EDGE_CURVE('',#426,#3584,#7650,.T.);
#7650 = LINE('',#7651,#7652);
#7651 = CARTESIAN_POINT('',(43.744427,-18.878197,0.));
#7652 = VECTOR('',#7653,1.);
#7653 = DIRECTION('',(0.,0.,1.));
#7654 = ORIENTED_EDGE('',*,*,#3583,.T.);
#7655 = ORIENTED_EDGE('',*,*,#7615,.F.);
#7656 = ORIENTED_EDGE('',*,*,#425,.F.);
#7657 = PLANE('',#7658);
#7658 = AXIS2_PLACEMENT_3D('',#7659,#7660,#7661);
#7659 = CARTESIAN_POINT('',(43.744427,-18.878197,0.));
#7660 = DIRECTION('',(0.129968895776,0.99151807151,-0.));
#7661 = DIRECTION('',(0.99151807151,-0.129968895776,0.));
#7662 = ADVANCED_FACE('',(#7663),#7674,.T.);
#7663 = FACE_BOUND('',#7664,.T.);
#7664 = EDGE_LOOP('',(#7665,#7666,#7667,#7673));
#7665 = ORIENTED_EDGE('',*,*,#7634,.T.);
#7666 = ORIENTED_EDGE('',*,*,#5642,.T.);
#7667 = ORIENTED_EDGE('',*,*,#7668,.F.);
#7668 = EDGE_CURVE('',#2477,#5635,#7669,.T.);
#7669 = LINE('',#7670,#7671);
#7670 = CARTESIAN_POINT('',(83.362872,-34.79518,0.));
#7671 = VECTOR('',#7672,1.);
#7672 = DIRECTION('',(0.,0.,1.));
#7673 = ORIENTED_EDGE('',*,*,#2484,.F.);
#7674 = PLANE('',#7675);
#7675 = AXIS2_PLACEMENT_3D('',#7676,#7677,#7678);
#7676 = CARTESIAN_POINT('',(83.567104,-34.108305,0.));
#7677 = DIRECTION('',(0.958526475828,-0.285003500217,0.));
#7678 = DIRECTION('',(-0.285003500217,-0.958526475828,0.));
#7679 = ADVANCED_FACE('',(#7680),#7691,.T.);
#7680 = FACE_BOUND('',#7681,.T.);
#7681 = EDGE_LOOP('',(#7682,#7688,#7689,#7690));
#7682 = ORIENTED_EDGE('',*,*,#7683,.T.);
#7683 = EDGE_CURVE('',#434,#3592,#7684,.T.);
#7684 = LINE('',#7685,#7686);
#7685 = CARTESIAN_POINT('',(43.082997,-18.781359,0.));
#7686 = VECTOR('',#7687,1.);
#7687 = DIRECTION('',(0.,0.,1.));
#7688 = ORIENTED_EDGE('',*,*,#3591,.T.);
#7689 = ORIENTED_EDGE('',*,*,#7649,.F.);
#7690 = ORIENTED_EDGE('',*,*,#433,.F.);
#7691 = PLANE('',#7692);
#7692 = AXIS2_PLACEMENT_3D('',#7693,#7694,#7695);
#7693 = CARTESIAN_POINT('',(43.082997,-18.781359,0.));
#7694 = DIRECTION('',(0.144862691858,0.989451767651,-0.));
#7695 = DIRECTION('',(0.989451767651,-0.144862691858,0.));
#7696 = ADVANCED_FACE('',(#7697),#7708,.T.);
#7697 = FACE_BOUND('',#7698,.T.);
#7698 = EDGE_LOOP('',(#7699,#7700,#7701,#7707));
#7699 = ORIENTED_EDGE('',*,*,#7668,.T.);
#7700 = ORIENTED_EDGE('',*,*,#5634,.T.);
#7701 = ORIENTED_EDGE('',*,*,#7702,.F.);
#7702 = EDGE_CURVE('',#2469,#5627,#7703,.T.);
#7703 = LINE('',#7704,#7705);
#7704 = CARTESIAN_POINT('',(83.169833,-35.479513,0.));
#7705 = VECTOR('',#7706,1.);
#7706 = DIRECTION('',(0.,0.,1.));
#7707 = ORIENTED_EDGE('',*,*,#2476,.F.);
#7708 = PLANE('',#7709);
#7709 = AXIS2_PLACEMENT_3D('',#7710,#7711,#7712);
#7710 = CARTESIAN_POINT('',(83.362872,-34.79518,0.));
#7711 = DIRECTION('',(0.962441591794,-0.271488825525,0.));
#7712 = DIRECTION('',(-0.271488825525,-0.962441591794,0.));
#7713 = ADVANCED_FACE('',(#7714),#7725,.T.);
#7714 = FACE_BOUND('',#7715,.T.);
#7715 = EDGE_LOOP('',(#7716,#7722,#7723,#7724));
#7716 = ORIENTED_EDGE('',*,*,#7717,.T.);
#7717 = EDGE_CURVE('',#442,#3600,#7718,.T.);
#7718 = LINE('',#7719,#7720);
#7719 = CARTESIAN_POINT('',(42.418117,-18.673828,0.));
#7720 = VECTOR('',#7721,1.);
#7721 = DIRECTION('',(0.,0.,1.));
#7722 = ORIENTED_EDGE('',*,*,#3599,.T.);
#7723 = ORIENTED_EDGE('',*,*,#7683,.F.);
#7724 = ORIENTED_EDGE('',*,*,#441,.F.);
#7725 = PLANE('',#7726);
#7726 = AXIS2_PLACEMENT_3D('',#7727,#7728,#7729);
#7727 = CARTESIAN_POINT('',(42.418117,-18.673828,0.));
#7728 = DIRECTION('',(0.159655395437,0.987172808939,-0.));
#7729 = DIRECTION('',(0.987172808939,-0.159655395437,0.));
#7730 = ADVANCED_FACE('',(#7731),#7742,.T.);
#7731 = FACE_BOUND('',#7732,.T.);
#7732 = EDGE_LOOP('',(#7733,#7734,#7735,#7741));
#7733 = ORIENTED_EDGE('',*,*,#7702,.T.);
#7734 = ORIENTED_EDGE('',*,*,#5626,.T.);
#7735 = ORIENTED_EDGE('',*,*,#7736,.F.);
#7736 = EDGE_CURVE('',#2461,#5619,#7737,.T.);
#7737 = LINE('',#7738,#7739);
#7738 = CARTESIAN_POINT('',(82.987057,-36.16439,0.));
#7739 = VECTOR('',#7740,1.);
#7740 = DIRECTION('',(0.,0.,1.));
#7741 = ORIENTED_EDGE('',*,*,#2468,.F.);
#7742 = PLANE('',#7743);
#7743 = AXIS2_PLACEMENT_3D('',#7744,#7745,#7746);
#7744 = CARTESIAN_POINT('',(83.169833,-35.479513,0.));
#7745 = DIRECTION('',(0.966185001089,-0.257849847139,0.));
#7746 = DIRECTION('',(-0.257849847139,-0.966185001089,0.));
#7747 = ADVANCED_FACE('',(#7748),#7759,.T.);
#7748 = FACE_BOUND('',#7749,.T.);
#7749 = EDGE_LOOP('',(#7750,#7756,#7757,#7758));
#7750 = ORIENTED_EDGE('',*,*,#7751,.T.);
#7751 = EDGE_CURVE('',#450,#3608,#7752,.T.);
#7752 = LINE('',#7753,#7754);
#7753 = CARTESIAN_POINT('',(41.752532,-18.555991,0.));
#7754 = VECTOR('',#7755,1.);
#7755 = DIRECTION('',(0.,0.,1.));
#7756 = ORIENTED_EDGE('',*,*,#3607,.T.);
#7757 = ORIENTED_EDGE('',*,*,#7717,.F.);
#7758 = ORIENTED_EDGE('',*,*,#449,.F.);
#7759 = PLANE('',#7760);
#7760 = AXIS2_PLACEMENT_3D('',#7761,#7762,#7763);
#7761 = CARTESIAN_POINT('',(41.752532,-18.555991,0.));
#7762 = DIRECTION('',(0.174331693741,0.984686986081,-0.));
#7763 = DIRECTION('',(0.984686986081,-0.174331693741,0.));
#7764 = ADVANCED_FACE('',(#7765),#7776,.T.);
#7765 = FACE_BOUND('',#7766,.T.);
#7766 = EDGE_LOOP('',(#7767,#7768,#7769,#7775));
#7767 = ORIENTED_EDGE('',*,*,#7736,.T.);
#7768 = ORIENTED_EDGE('',*,*,#5618,.T.);
#7769 = ORIENTED_EDGE('',*,*,#7770,.F.);
#7770 = EDGE_CURVE('',#2453,#5611,#7771,.T.);
#7771 = LINE('',#7772,#7773);
#7772 = CARTESIAN_POINT('',(82.815195,-36.847176,0.));
#7773 = VECTOR('',#7774,1.);
#7774 = DIRECTION('',(0.,0.,1.));
#7775 = ORIENTED_EDGE('',*,*,#2460,.F.);
#7776 = PLANE('',#7777);
#7777 = AXIS2_PLACEMENT_3D('',#7778,#7779,#7780);
#7778 = CARTESIAN_POINT('',(82.987057,-36.16439,0.));
#7779 = DIRECTION('',(0.969751756463,-0.244093283063,0.));
#7780 = DIRECTION('',(-0.244093283063,-0.969751756463,0.));
#7781 = ADVANCED_FACE('',(#7782),#7793,.T.);
#7782 = FACE_BOUND('',#7783,.T.);
#7783 = EDGE_LOOP('',(#7784,#7790,#7791,#7792));
#7784 = ORIENTED_EDGE('',*,*,#7785,.T.);
#7785 = EDGE_CURVE('',#458,#3616,#7786,.T.);
#7786 = LINE('',#7787,#7788);
#7787 = CARTESIAN_POINT('',(41.082789,-18.427164,0.));
#7788 = VECTOR('',#7789,1.);
#7789 = DIRECTION('',(0.,0.,1.));
#7790 = ORIENTED_EDGE('',*,*,#3615,.T.);
#7791 = ORIENTED_EDGE('',*,*,#7751,.F.);
#7792 = ORIENTED_EDGE('',*,*,#457,.F.);
#7793 = PLANE('',#7794);
#7794 = AXIS2_PLACEMENT_3D('',#7795,#7796,#7797);
#7795 = CARTESIAN_POINT('',(41.082789,-18.427164,0.));
#7796 = DIRECTION('',(0.188890192368,0.981998215491,-0.));
#7797 = DIRECTION('',(0.981998215491,-0.188890192368,0.));
#7798 = ADVANCED_FACE('',(#7799),#7810,.T.);
#7799 = FACE_BOUND('',#7800,.T.);
#7800 = EDGE_LOOP('',(#7801,#7802,#7803,#7809));
#7801 = ORIENTED_EDGE('',*,*,#7770,.T.);
#7802 = ORIENTED_EDGE('',*,*,#5610,.T.);
#7803 = ORIENTED_EDGE('',*,*,#7804,.F.);
#7804 = EDGE_CURVE('',#2445,#5603,#7805,.T.);
#7805 = LINE('',#7806,#7807);
#7806 = CARTESIAN_POINT('',(82.653515,-37.530563,0.));
#7807 = VECTOR('',#7808,1.);
#7808 = DIRECTION('',(0.,0.,1.));
#7809 = ORIENTED_EDGE('',*,*,#2452,.F.);
#7810 = PLANE('',#7811);
#7811 = AXIS2_PLACEMENT_3D('',#7812,#7813,#7814);
#7812 = CARTESIAN_POINT('',(82.815195,-36.847176,0.));
#7813 = DIRECTION('',(0.973136085876,-0.230230663393,0.));
#7814 = DIRECTION('',(-0.230230663393,-0.973136085876,0.));
#7815 = ADVANCED_FACE('',(#7816),#7827,.T.);
#7816 = FACE_BOUND('',#7817,.T.);
#7817 = EDGE_LOOP('',(#7818,#7824,#7825,#7826));
#7818 = ORIENTED_EDGE('',*,*,#7819,.T.);
#7819 = EDGE_CURVE('',#466,#3624,#7820,.T.);
#7820 = LINE('',#7821,#7822);
#7821 = CARTESIAN_POINT('',(40.412201,-18.287917,0.));
#7822 = VECTOR('',#7823,1.);
#7823 = DIRECTION('',(0.,0.,1.));
#7824 = ORIENTED_EDGE('',*,*,#3623,.T.);
#7825 = ORIENTED_EDGE('',*,*,#7785,.F.);
#7826 = ORIENTED_EDGE('',*,*,#465,.F.);
#7827 = PLANE('',#7828);
#7828 = AXIS2_PLACEMENT_3D('',#7829,#7830,#7831);
#7829 = CARTESIAN_POINT('',(40.412201,-18.287917,0.));
#7830 = DIRECTION('',(0.203312143108,0.979113973174,-0.));
#7831 = DIRECTION('',(0.979113973174,-0.203312143108,0.));
#7832 = ADVANCED_FACE('',(#7833),#7844,.T.);
#7833 = FACE_BOUND('',#7834,.T.);
#7834 = EDGE_LOOP('',(#7835,#7836,#7837,#7843));
#7835 = ORIENTED_EDGE('',*,*,#7804,.T.);
#7836 = ORIENTED_EDGE('',*,*,#5602,.T.);
#7837 = ORIENTED_EDGE('',*,*,#7838,.F.);
#7838 = EDGE_CURVE('',#2437,#5595,#7839,.T.);
#7839 = LINE('',#7840,#7841);
#7840 = CARTESIAN_POINT('',(82.502503,-38.212313,0.));
#7841 = VECTOR('',#7842,1.);
#7842 = DIRECTION('',(0.,0.,1.));
#7843 = ORIENTED_EDGE('',*,*,#2444,.F.);
#7844 = PLANE('',#7845);
#7845 = AXIS2_PLACEMENT_3D('',#7846,#7847,#7848);
#7846 = CARTESIAN_POINT('',(82.653515,-37.530563,0.));
#7847 = DIRECTION('',(0.976334828009,-0.216264429846,0.));
#7848 = DIRECTION('',(-0.216264429846,-0.976334828009,0.));
#7849 = ADVANCED_FACE('',(#7850),#7861,.T.);
#7850 = FACE_BOUND('',#7851,.T.);
#7851 = EDGE_LOOP('',(#7852,#7858,#7859,#7860));
#7852 = ORIENTED_EDGE('',*,*,#7853,.T.);
#7853 = EDGE_CURVE('',#474,#3632,#7854,.T.);
#7854 = LINE('',#7855,#7856);
#7855 = CARTESIAN_POINT('',(39.736736,-18.13733,0.));
#7856 = VECTOR('',#7857,1.);
#7857 = DIRECTION('',(0.,0.,1.));
#7858 = ORIENTED_EDGE('',*,*,#3631,.T.);
#7859 = ORIENTED_EDGE('',*,*,#7819,.F.);
#7860 = ORIENTED_EDGE('',*,*,#473,.F.);
#7861 = PLANE('',#7862);
#7862 = AXIS2_PLACEMENT_3D('',#7863,#7864,#7865);
#7863 = CARTESIAN_POINT('',(39.736736,-18.13733,0.));
#7864 = DIRECTION('',(0.21759641081,0.976038832221,-0.));
#7865 = DIRECTION('',(0.976038832221,-0.21759641081,0.));
#7866 = ADVANCED_FACE('',(#7867),#7878,.T.);
#7867 = FACE_BOUND('',#7868,.T.);
#7868 = EDGE_LOOP('',(#7869,#7870,#7871,#7877));
#7869 = ORIENTED_EDGE('',*,*,#7838,.T.);
#7870 = ORIENTED_EDGE('',*,*,#5594,.T.);
#7871 = ORIENTED_EDGE('',*,*,#7872,.F.);
#7872 = EDGE_CURVE('',#2429,#5587,#7873,.T.);
#7873 = LINE('',#7874,#7875);
#7874 = CARTESIAN_POINT('',(82.361606,-38.894721,0.));
#7875 = VECTOR('',#7876,1.);
#7876 = DIRECTION('',(0.,0.,1.));
#7877 = ORIENTED_EDGE('',*,*,#2436,.F.);
#7878 = PLANE('',#7879);
#7879 = AXIS2_PLACEMENT_3D('',#7880,#7881,#7882);
#7880 = CARTESIAN_POINT('',(82.502503,-38.212313,0.));
#7881 = DIRECTION('',(0.979343156226,-0.202205297539,0.));
#7882 = DIRECTION('',(-0.202205297539,-0.979343156226,0.));
#7883 = ADVANCED_FACE('',(#7884),#7895,.T.);
#7884 = FACE_BOUND('',#7885,.T.);
#7885 = EDGE_LOOP('',(#7886,#7892,#7893,#7894));
#7886 = ORIENTED_EDGE('',*,*,#7887,.T.);
#7887 = EDGE_CURVE('',#482,#3640,#7888,.T.);
#7888 = LINE('',#7889,#7890);
#7889 = CARTESIAN_POINT('',(39.060282,-17.97619,0.));
#7890 = VECTOR('',#7891,1.);
#7891 = DIRECTION('',(0.,0.,1.));
#7892 = ORIENTED_EDGE('',*,*,#3639,.T.);
#7893 = ORIENTED_EDGE('',*,*,#7853,.F.);
#7894 = ORIENTED_EDGE('',*,*,#481,.F.);
#7895 = PLANE('',#7896);
#7896 = AXIS2_PLACEMENT_3D('',#7897,#7898,#7899);
#7897 = CARTESIAN_POINT('',(39.060282,-17.97619,0.));
#7898 = DIRECTION('',(0.231728750578,0.972780440879,-0.));
#7899 = DIRECTION('',(0.972780440879,-0.231728750578,0.));
#7900 = ADVANCED_FACE('',(#7901),#7912,.T.);
#7901 = FACE_BOUND('',#7902,.T.);
#7902 = EDGE_LOOP('',(#7903,#7904,#7905,#7911));
#7903 = ORIENTED_EDGE('',*,*,#7872,.T.);
#7904 = ORIENTED_EDGE('',*,*,#5586,.T.);
#7905 = ORIENTED_EDGE('',*,*,#7906,.F.);
#7906 = EDGE_CURVE('',#2421,#5579,#7907,.T.);
#7907 = LINE('',#7908,#7909);
#7908 = CARTESIAN_POINT('',(82.231168,-39.575946,0.));
#7909 = VECTOR('',#7910,1.);
#7910 = DIRECTION('',(0.,0.,1.));
#7911 = ORIENTED_EDGE('',*,*,#2428,.F.);
#7912 = PLANE('',#7913);
#7913 = AXIS2_PLACEMENT_3D('',#7914,#7915,#7916);
#7914 = CARTESIAN_POINT('',(82.361606,-38.894721,0.));
#7915 = DIRECTION('',(0.982157679301,-0.188059280521,0.));
#7916 = DIRECTION('',(-0.188059280521,-0.982157679301,0.));
#7917 = ADVANCED_FACE('',(#7918),#7929,.T.);
#7918 = FACE_BOUND('',#7919,.T.);
#7919 = EDGE_LOOP('',(#7920,#7926,#7927,#7928));
#7920 = ORIENTED_EDGE('',*,*,#7921,.T.);
#7921 = EDGE_CURVE('',#490,#3648,#7922,.T.);
#7922 = LINE('',#7923,#7924);
#7923 = CARTESIAN_POINT('',(38.378219,-17.803304,0.));
#7924 = VECTOR('',#7925,1.);
#7925 = DIRECTION('',(0.,0.,1.));
#7926 = ORIENTED_EDGE('',*,*,#3647,.T.);
#7927 = ORIENTED_EDGE('',*,*,#7887,.F.);
#7928 = ORIENTED_EDGE('',*,*,#489,.F.);
#7929 = PLANE('',#7930);
#7930 = AXIS2_PLACEMENT_3D('',#7931,#7932,#7933);
#7931 = CARTESIAN_POINT('',(38.378219,-17.803304,0.));
#7932 = DIRECTION('',(0.245704765758,0.96934471066,-0.));
#7933 = DIRECTION('',(0.96934471066,-0.245704765758,0.));
#7934 = ADVANCED_FACE('',(#7935),#7946,.T.);
#7935 = FACE_BOUND('',#7936,.T.);
#7936 = EDGE_LOOP('',(#7937,#7938,#7939,#7945));
#7937 = ORIENTED_EDGE('',*,*,#7906,.T.);
#7938 = ORIENTED_EDGE('',*,*,#5578,.T.);
#7939 = ORIENTED_EDGE('',*,*,#7940,.F.);
#7940 = EDGE_CURVE('',#2413,#5571,#7941,.T.);
#7941 = LINE('',#7942,#7943);
#7942 = CARTESIAN_POINT('',(82.110791,-40.257886,0.));
#7943 = VECTOR('',#7944,1.);
#7944 = DIRECTION('',(0.,0.,1.));
#7945 = ORIENTED_EDGE('',*,*,#2420,.F.);
#7946 = PLANE('',#7947);
#7947 = AXIS2_PLACEMENT_3D('',#7948,#7949,#7950);
#7948 = CARTESIAN_POINT('',(82.231168,-39.575946,0.));
#7949 = DIRECTION('',(0.984774994915,-0.17383385571,0.));
#7950 = DIRECTION('',(-0.17383385571,-0.984774994915,0.));
#7951 = ADVANCED_FACE('',(#7952),#7963,.T.);
#7952 = FACE_BOUND('',#7953,.T.);
#7953 = EDGE_LOOP('',(#7954,#7960,#7961,#7962));
#7954 = ORIENTED_EDGE('',*,*,#7955,.T.);
#7955 = EDGE_CURVE('',#498,#3656,#7956,.T.);
#7956 = LINE('',#7957,#7958);
#7957 = CARTESIAN_POINT('',(37.695015,-17.619714,0.));
#7958 = VECTOR('',#7959,1.);
#7959 = DIRECTION('',(0.,0.,1.));
#7960 = ORIENTED_EDGE('',*,*,#3655,.T.);
#7961 = ORIENTED_EDGE('',*,*,#7921,.F.);
#7962 = ORIENTED_EDGE('',*,*,#497,.F.);
#7963 = PLANE('',#7964);
#7964 = AXIS2_PLACEMENT_3D('',#7965,#7966,#7967);
#7965 = CARTESIAN_POINT('',(37.695015,-17.619714,0.));
#7966 = DIRECTION('',(0.259512749032,0.965739681845,-0.));
#7967 = DIRECTION('',(0.965739681845,-0.259512749032,0.));
#7968 = ADVANCED_FACE('',(#7969),#7980,.T.);
#7969 = FACE_BOUND('',#7970,.T.);
#7970 = EDGE_LOOP('',(#7971,#7972,#7973,#7979));
#7971 = ORIENTED_EDGE('',*,*,#7940,.T.);
#7972 = ORIENTED_EDGE('',*,*,#5570,.T.);
#7973 = ORIENTED_EDGE('',*,*,#7974,.F.);
#7974 = EDGE_CURVE('',#2405,#5563,#7975,.T.);
#7975 = LINE('',#7976,#7977);
#7976 = CARTESIAN_POINT('',(82.000699,-40.939101,0.));
#7977 = VECTOR('',#7978,1.);
#7978 = DIRECTION('',(0.,0.,1.));
#7979 = ORIENTED_EDGE('',*,*,#2412,.F.);
#7980 = PLANE('',#7981);
#7981 = AXIS2_PLACEMENT_3D('',#7982,#7983,#7984);
#7982 = CARTESIAN_POINT('',(82.110791,-40.257886,0.));
#7983 = DIRECTION('',(0.987191270324,-0.159541204073,0.));
#7984 = DIRECTION('',(-0.159541204073,-0.987191270324,0.));
#7985 = ADVANCED_FACE('',(#7986),#7997,.T.);
#7986 = FACE_BOUND('',#7987,.T.);
#7987 = EDGE_LOOP('',(#7988,#7994,#7995,#7996));
#7988 = ORIENTED_EDGE('',*,*,#7989,.T.);
#7989 = EDGE_CURVE('',#506,#3664,#7990,.T.);
#7990 = LINE('',#7991,#7992);
#7991 = CARTESIAN_POINT('',(37.005457,-17.423915,0.));
#7992 = VECTOR('',#7993,1.);
#7993 = DIRECTION('',(0.,0.,1.));
#7994 = ORIENTED_EDGE('',*,*,#3663,.T.);
#7995 = ORIENTED_EDGE('',*,*,#7955,.F.);
#7996 = ORIENTED_EDGE('',*,*,#505,.F.);
#7997 = PLANE('',#7998);
#7998 = AXIS2_PLACEMENT_3D('',#7999,#8000,#8001);
#7999 = CARTESIAN_POINT('',(37.005457,-17.423915,0.));
#8000 = DIRECTION('',(0.273150377021,0.961971346524,-0.));
#8001 = DIRECTION('',(0.961971346524,-0.273150377021,0.));
#8002 = ADVANCED_FACE('',(#8003),#8014,.T.);
#8003 = FACE_BOUND('',#8004,.T.);
#8004 = EDGE_LOOP('',(#8005,#8006,#8007,#8013));
#8005 = ORIENTED_EDGE('',*,*,#7974,.T.);
#8006 = ORIENTED_EDGE('',*,*,#5562,.T.);
#8007 = ORIENTED_EDGE('',*,*,#8008,.F.);
#8008 = EDGE_CURVE('',#2397,#5555,#8009,.T.);
#8009 = LINE('',#8010,#8011);
#8010 = CARTESIAN_POINT('',(81.900624,-41.621086,0.));
#8011 = VECTOR('',#8012,1.);
#8012 = DIRECTION('',(0.,0.,1.));
#8013 = ORIENTED_EDGE('',*,*,#2404,.F.);
#8014 = PLANE('',#8015);
#8015 = AXIS2_PLACEMENT_3D('',#8016,#8017,#8018);
#8016 = CARTESIAN_POINT('',(82.000699,-40.939101,0.));
#8017 = DIRECTION('',(0.989404385634,-0.145185955545,0.));
#8018 = DIRECTION('',(-0.145185955545,-0.989404385634,0.));
#8019 = ADVANCED_FACE('',(#8020),#8031,.T.);
#8020 = FACE_BOUND('',#8021,.T.);
#8021 = EDGE_LOOP('',(#8022,#8028,#8029,#8030));
#8022 = ORIENTED_EDGE('',*,*,#8023,.T.);
#8023 = EDGE_CURVE('',#514,#3672,#8024,.T.);
#8024 = LINE('',#8025,#8026);
#8025 = CARTESIAN_POINT('',(36.314599,-17.217241,0.));
#8026 = VECTOR('',#8027,1.);
#8027 = DIRECTION('',(0.,0.,1.));
#8028 = ORIENTED_EDGE('',*,*,#3671,.T.);
#8029 = ORIENTED_EDGE('',*,*,#7989,.F.);
#8030 = ORIENTED_EDGE('',*,*,#513,.F.);
#8031 = PLANE('',#8032);
#8032 = AXIS2_PLACEMENT_3D('',#8033,#8034,#8035);
#8033 = CARTESIAN_POINT('',(36.314599,-17.217241,0.));
#8034 = DIRECTION('',(0.286605568946,0.958048666744,-0.));
#8035 = DIRECTION('',(0.958048666744,-0.286605568946,0.));
#8036 = ADVANCED_FACE('',(#8037),#8048,.T.);
#8037 = FACE_BOUND('',#8038,.T.);
#8038 = EDGE_LOOP('',(#8039,#8040,#8041,#8047));
#8039 = ORIENTED_EDGE('',*,*,#8008,.T.);
#8040 = ORIENTED_EDGE('',*,*,#5554,.T.);
#8041 = ORIENTED_EDGE('',*,*,#8042,.F.);
#8042 = EDGE_CURVE('',#2389,#5547,#8043,.T.);
#8043 = LINE('',#8044,#8045);
#8044 = CARTESIAN_POINT('',(81.810699,-42.302805,0.));
#8045 = VECTOR('',#8046,1.);
#8046 = DIRECTION('',(0.,0.,1.));
#8047 = ORIENTED_EDGE('',*,*,#2396,.F.);
#8048 = PLANE('',#8049);
#8049 = AXIS2_PLACEMENT_3D('',#8050,#8051,#8052);
#8050 = CARTESIAN_POINT('',(81.900624,-41.621086,0.));
#8051 = DIRECTION('',(0.991411896864,-0.130776338675,0.));
#8052 = DIRECTION('',(-0.130776338675,-0.991411896864,0.));
#8053 = ADVANCED_FACE('',(#8054),#8065,.T.);
#8054 = FACE_BOUND('',#8055,.T.);
#8055 = EDGE_LOOP('',(#8056,#8062,#8063,#8064));
#8056 = ORIENTED_EDGE('',*,*,#8057,.T.);
#8057 = EDGE_CURVE('',#522,#3680,#8058,.T.);
#8058 = LINE('',#8059,#8060);
#8059 = CARTESIAN_POINT('',(35.616622,-16.997836,0.));
#8060 = VECTOR('',#8061,1.);
#8061 = DIRECTION('',(0.,0.,1.));
#8062 = ORIENTED_EDGE('',*,*,#3679,.T.);
#8063 = ORIENTED_EDGE('',*,*,#8023,.F.);
#8064 = ORIENTED_EDGE('',*,*,#521,.F.);
#8065 = PLANE('',#8066);
#8066 = AXIS2_PLACEMENT_3D('',#8067,#8068,#8069);
#8067 = CARTESIAN_POINT('',(35.616622,-16.997836,0.));
#8068 = DIRECTION('',(0.299877347752,0.9539777651,-0.));
#8069 = DIRECTION('',(0.9539777651,-0.299877347752,0.));
#8070 = ADVANCED_FACE('',(#8071),#8082,.T.);
#8071 = FACE_BOUND('',#8072,.T.);
#8072 = EDGE_LOOP('',(#8073,#8074,#8075,#8081));
#8073 = ORIENTED_EDGE('',*,*,#8042,.T.);
#8074 = ORIENTED_EDGE('',*,*,#5546,.T.);
#8075 = ORIENTED_EDGE('',*,*,#8076,.F.);
#8076 = EDGE_CURVE('',#2381,#5539,#8077,.T.);
#8077 = LINE('',#8078,#8079);
#8078 = CARTESIAN_POINT('',(81.730759,-42.985352,0.));
#8079 = VECTOR('',#8080,1.);
#8080 = DIRECTION('',(0.,0.,1.));
#8081 = ORIENTED_EDGE('',*,*,#2388,.F.);
#8082 = PLANE('',#8083);
#8083 = AXIS2_PLACEMENT_3D('',#8084,#8085,#8086);
#8084 = CARTESIAN_POINT('',(81.810699,-42.302805,0.));
#8085 = DIRECTION('',(0.993211199276,-0.116325034423,0.));
#8086 = DIRECTION('',(-0.116325034423,-0.993211199276,0.));
#8087 = ADVANCED_FACE('',(#8088),#8099,.T.);
#8088 = FACE_BOUND('',#8089,.T.);
#8089 = EDGE_LOOP('',(#8090,#8096,#8097,#8098));
#8090 = ORIENTED_EDGE('',*,*,#8091,.T.);
#8091 = EDGE_CURVE('',#530,#3688,#8092,.T.);
#8092 = LINE('',#8093,#8094);
#8093 = CARTESIAN_POINT('',(34.917179,-16.767365,0.));
#8094 = VECTOR('',#8095,1.);
#8095 = DIRECTION('',(0.,0.,1.));
#8096 = ORIENTED_EDGE('',*,*,#3687,.T.);
#8097 = ORIENTED_EDGE('',*,*,#8057,.F.);
#8098 = ORIENTED_EDGE('',*,*,#529,.F.);
#8099 = PLANE('',#8100);
#8100 = AXIS2_PLACEMENT_3D('',#8101,#8102,#8103);
#8101 = CARTESIAN_POINT('',(34.917179,-16.767365,0.));
#8102 = DIRECTION('',(0.312954724326,0.949768045642,-0.));
#8103 = DIRECTION('',(0.949768045642,-0.312954724326,0.));
#8104 = ADVANCED_FACE('',(#8105),#8116,.T.);
#8105 = FACE_BOUND('',#8106,.T.);
#8106 = EDGE_LOOP('',(#8107,#8108,#8109,#8115));
#8107 = ORIENTED_EDGE('',*,*,#8076,.T.);
#8108 = ORIENTED_EDGE('',*,*,#5538,.T.);
#8109 = ORIENTED_EDGE('',*,*,#8110,.F.);
#8110 = EDGE_CURVE('',#2373,#5531,#8111,.T.);
#8111 = LINE('',#8112,#8113);
#8112 = CARTESIAN_POINT('',(81.660867,-43.668096,0.));
#8113 = VECTOR('',#8114,1.);
#8114 = DIRECTION('',(0.,0.,1.));
#8115 = ORIENTED_EDGE('',*,*,#2380,.F.);
#8116 = PLANE('',#8117);
#8117 = AXIS2_PLACEMENT_3D('',#8118,#8119,#8120);
#8118 = CARTESIAN_POINT('',(81.730759,-42.985352,0.));
#8119 = DIRECTION('',(0.994801092841,-0.101837054563,0.));
#8120 = DIRECTION('',(-0.101837054563,-0.994801092841,0.));
#8121 = ADVANCED_FACE('',(#8122),#8133,.T.);
#8122 = FACE_BOUND('',#8123,.T.);
#8123 = EDGE_LOOP('',(#8124,#8130,#8131,#8132));
#8124 = ORIENTED_EDGE('',*,*,#8125,.T.);
#8125 = EDGE_CURVE('',#538,#3696,#8126,.T.);
#8126 = LINE('',#8127,#8128);
#8127 = CARTESIAN_POINT('',(34.20983,-16.52358,0.));
#8128 = VECTOR('',#8129,1.);
#8129 = DIRECTION('',(0.,0.,1.));
#8130 = ORIENTED_EDGE('',*,*,#3695,.T.);
#8131 = ORIENTED_EDGE('',*,*,#8091,.F.);
#8132 = ORIENTED_EDGE('',*,*,#537,.F.);
#8133 = PLANE('',#8134);
#8134 = AXIS2_PLACEMENT_3D('',#8135,#8136,#8137);
#8135 = CARTESIAN_POINT('',(34.20983,-16.52358,0.));
#8136 = DIRECTION('',(0.325837242628,0.945425878277,-0.));
#8137 = DIRECTION('',(0.945425878277,-0.325837242628,0.));
#8138 = ADVANCED_FACE('',(#8139),#8150,.T.);
#8139 = FACE_BOUND('',#8140,.T.);
#8140 = EDGE_LOOP('',(#8141,#8142,#8143,#8149));
#8141 = ORIENTED_EDGE('',*,*,#8110,.T.);
#8142 = ORIENTED_EDGE('',*,*,#5530,.T.);
#8143 = ORIENTED_EDGE('',*,*,#8144,.F.);
#8144 = EDGE_CURVE('',#2365,#5523,#8145,.T.);
#8145 = LINE('',#8146,#8147);
#8146 = CARTESIAN_POINT('',(81.600941,-44.351723,0.));
#8147 = VECTOR('',#8148,1.);
#8148 = DIRECTION('',(0.,0.,1.));
#8149 = ORIENTED_EDGE('',*,*,#2372,.F.);
#8150 = PLANE('',#8151);
#8151 = AXIS2_PLACEMENT_3D('',#8152,#8153,#8154);
#8152 = CARTESIAN_POINT('',(81.660867,-43.668096,0.));
#8153 = DIRECTION('',(0.996179958549,-8.732405273051E-02,0.));
#8154 = DIRECTION('',(-8.732405273051E-02,-0.996179958549,0.));
#8155 = ADVANCED_FACE('',(#8156),#8167,.T.);
#8156 = FACE_BOUND('',#8157,.T.);
#8157 = EDGE_LOOP('',(#8158,#8164,#8165,#8166));
#8158 = ORIENTED_EDGE('',*,*,#8159,.T.);
#8159 = EDGE_CURVE('',#546,#3704,#8160,.T.);
#8160 = LINE('',#8161,#8162);
#8161 = CARTESIAN_POINT('',(33.500841,-16.268517,0.));
#8162 = VECTOR('',#8163,1.);
#8163 = DIRECTION('',(0.,0.,1.));
#8164 = ORIENTED_EDGE('',*,*,#3703,.T.);
#8165 = ORIENTED_EDGE('',*,*,#8125,.F.);
#8166 = ORIENTED_EDGE('',*,*,#545,.F.);
#8167 = PLANE('',#8168);
#8168 = AXIS2_PLACEMENT_3D('',#8169,#8170,#8171);
#8169 = CARTESIAN_POINT('',(33.500841,-16.268517,0.));
#8170 = DIRECTION('',(0.338516152699,0.940960580663,-0.));
#8171 = DIRECTION('',(0.940960580663,-0.338516152699,0.));
#8172 = ADVANCED_FACE('',(#8173),#8184,.T.);
#8173 = FACE_BOUND('',#8174,.T.);
#8174 = EDGE_LOOP('',(#8175,#8176,#8177,#8183));
#8175 = ORIENTED_EDGE('',*,*,#8144,.T.);
#8176 = ORIENTED_EDGE('',*,*,#5522,.T.);
#8177 = ORIENTED_EDGE('',*,*,#8178,.F.);
#8178 = EDGE_CURVE('',#2357,#5515,#8179,.T.);
#8179 = LINE('',#8180,#8181);
#8180 = CARTESIAN_POINT('',(81.511015,-45.721243,0.));
#8181 = VECTOR('',#8182,1.);
#8182 = DIRECTION('',(0.,0.,1.));
#8183 = ORIENTED_EDGE('',*,*,#2364,.F.);
#8184 = PLANE('',#8185);
#8185 = AXIS2_PLACEMENT_3D('',#8186,#8187,#8188);
#8186 = CARTESIAN_POINT('',(81.600941,-44.351723,0.));
#8187 = DIRECTION('',(0.997851169285,-6.55213244415E-02,0.));
#8188 = DIRECTION('',(-6.55213244415E-02,-0.997851169285,0.));
#8189 = ADVANCED_FACE('',(#8190),#8201,.T.);
#8190 = FACE_BOUND('',#8191,.T.);
#8191 = EDGE_LOOP('',(#8192,#8198,#8199,#8200));
#8192 = ORIENTED_EDGE('',*,*,#8193,.T.);
#8193 = EDGE_CURVE('',#554,#3712,#8194,.T.);
#8194 = LINE('',#8195,#8196);
#8195 = CARTESIAN_POINT('',(32.783133,-15.999493,0.));
#8196 = VECTOR('',#8197,1.);
#8197 = DIRECTION('',(0.,0.,1.));
#8198 = ORIENTED_EDGE('',*,*,#3711,.T.);
#8199 = ORIENTED_EDGE('',*,*,#8159,.F.);
#8200 = ORIENTED_EDGE('',*,*,#553,.F.);
#8201 = PLANE('',#8202);
#8202 = AXIS2_PLACEMENT_3D('',#8203,#8204,#8205);
#8203 = CARTESIAN_POINT('',(32.783133,-15.999493,0.));
#8204 = DIRECTION('',(0.350990181968,0.936379139111,-0.));
#8205 = DIRECTION('',(0.936379139111,-0.350990181968,0.));
#8206 = ADVANCED_FACE('',(#8207),#8218,.T.);
#8207 = FACE_BOUND('',#8208,.T.);
#8208 = EDGE_LOOP('',(#8209,#8210,#8211,#8217));
#8209 = ORIENTED_EDGE('',*,*,#8178,.T.);
#8210 = ORIENTED_EDGE('',*,*,#5514,.T.);
#8211 = ORIENTED_EDGE('',*,*,#8212,.F.);
#8212 = EDGE_CURVE('',#2349,#5507,#8213,.T.);
#8213 = LINE('',#8214,#8215);
#8214 = CARTESIAN_POINT('',(81.460917,-47.094961,0.));
#8215 = VECTOR('',#8216,1.);
#8216 = DIRECTION('',(0.,0.,1.));
#8217 = ORIENTED_EDGE('',*,*,#2356,.F.);
#8218 = PLANE('',#8219);
#8219 = AXIS2_PLACEMENT_3D('',#8220,#8221,#8222);
#8220 = CARTESIAN_POINT('',(81.511015,-45.721243,0.));
#8221 = DIRECTION('',(0.999335671836,-3.644468405281E-02,0.));
#8222 = DIRECTION('',(-3.644468405281E-02,-0.999335671836,0.));
#8223 = ADVANCED_FACE('',(#8224),#8235,.T.);
#8224 = FACE_BOUND('',#8225,.T.);
#8225 = EDGE_LOOP('',(#8226,#8232,#8233,#8234));
#8226 = ORIENTED_EDGE('',*,*,#8227,.T.);
#8227 = EDGE_CURVE('',#562,#3720,#8228,.T.);
#8228 = LINE('',#8229,#8230);
#8229 = CARTESIAN_POINT('',(32.0636,-15.718959,0.));
#8230 = VECTOR('',#8231,1.);
#8231 = DIRECTION('',(0.,0.,1.));
#8232 = ORIENTED_EDGE('',*,*,#3719,.T.);
#8233 = ORIENTED_EDGE('',*,*,#8193,.F.);
#8234 = ORIENTED_EDGE('',*,*,#561,.F.);
#8235 = PLANE('',#8236);
#8236 = AXIS2_PLACEMENT_3D('',#8237,#8238,#8239);
#8237 = CARTESIAN_POINT('',(32.0636,-15.718959,0.));
#8238 = DIRECTION('',(0.363251012383,0.931691312615,-0.));
#8239 = DIRECTION('',(0.931691312615,-0.363251012383,0.));
#8240 = ADVANCED_FACE('',(#8241),#8252,.T.);
#8241 = FACE_BOUND('',#8242,.T.);
#8242 = EDGE_LOOP('',(#8243,#8244,#8245,#8251));
#8243 = ORIENTED_EDGE('',*,*,#8212,.T.);
#8244 = ORIENTED_EDGE('',*,*,#5506,.T.);
#8245 = ORIENTED_EDGE('',*,*,#8246,.F.);
#8246 = EDGE_CURVE('',#2341,#5499,#8247,.T.);
#8247 = LINE('',#8248,#8249);
#8248 = CARTESIAN_POINT('',(81.45068,-48.473936,0.));
#8249 = VECTOR('',#8250,1.);
#8250 = DIRECTION('',(0.,0.,1.));
#8251 = ORIENTED_EDGE('',*,*,#2348,.F.);
#8252 = PLANE('',#8253);
#8253 = AXIS2_PLACEMENT_3D('',#8254,#8255,#8256);
#8254 = CARTESIAN_POINT('',(81.460917,-47.094961,0.));
#8255 = DIRECTION('',(0.999972445999,-7.423425319297E-03,0.));
#8256 = DIRECTION('',(-7.423425319297E-03,-0.999972445999,0.));
#8257 = ADVANCED_FACE('',(#8258),#8269,.T.);
#8258 = FACE_BOUND('',#8259,.T.);
#8259 = EDGE_LOOP('',(#8260,#8266,#8267,#8268));
#8260 = ORIENTED_EDGE('',*,*,#8261,.T.);
#8261 = EDGE_CURVE('',#570,#3728,#8262,.T.);
#8262 = LINE('',#8263,#8264);
#8263 = CARTESIAN_POINT('',(31.334506,-15.42375,0.));
#8264 = VECTOR('',#8265,1.);
#8265 = DIRECTION('',(0.,0.,1.));
#8266 = ORIENTED_EDGE('',*,*,#3727,.T.);
#8267 = ORIENTED_EDGE('',*,*,#8227,.F.);
#8268 = ORIENTED_EDGE('',*,*,#569,.F.);
#8269 = PLANE('',#8270);
#8270 = AXIS2_PLACEMENT_3D('',#8271,#8272,#8273);
#8271 = CARTESIAN_POINT('',(31.334506,-15.42375,0.));
#8272 = DIRECTION('',(0.375301469608,0.926902803378,-0.));
#8273 = DIRECTION('',(0.926902803378,-0.375301469608,0.));
#8274 = ADVANCED_FACE('',(#8275),#8286,.T.);
#8275 = FACE_BOUND('',#8276,.T.);
#8276 = EDGE_LOOP('',(#8277,#8278,#8279,#8285));
#8277 = ORIENTED_EDGE('',*,*,#8246,.T.);
#8278 = ORIENTED_EDGE('',*,*,#5498,.T.);
#8279 = ORIENTED_EDGE('',*,*,#8280,.F.);
#8280 = EDGE_CURVE('',#2333,#5491,#8281,.T.);
#8281 = LINE('',#8282,#8283);
#8282 = CARTESIAN_POINT('',(81.480433,-49.859235,0.));
#8283 = VECTOR('',#8284,1.);
#8284 = DIRECTION('',(0.,0.,1.));
#8285 = ORIENTED_EDGE('',*,*,#2340,.F.);
#8286 = PLANE('',#8287);
#8287 = AXIS2_PLACEMENT_3D('',#8288,#8289,#8290);
#8288 = CARTESIAN_POINT('',(81.45068,-48.473936,0.));
#8289 = DIRECTION('',(0.99976943453,2.1472721763E-02,-0.));
#8290 = DIRECTION('',(2.1472721763E-02,-0.99976943453,0.));
#8291 = ADVANCED_FACE('',(#8292),#8303,.T.);
#8292 = FACE_BOUND('',#8293,.T.);
#8293 = EDGE_LOOP('',(#8294,#8300,#8301,#8302));
#8294 = ORIENTED_EDGE('',*,*,#8295,.T.);
#8295 = EDGE_CURVE('',#578,#3736,#8296,.T.);
#8296 = LINE('',#8297,#8298);
#8297 = CARTESIAN_POINT('',(30.603392,-15.116774,0.));
#8298 = VECTOR('',#8299,1.);
#8299 = DIRECTION('',(0.,0.,1.));
#8300 = ORIENTED_EDGE('',*,*,#3735,.T.);
#8301 = ORIENTED_EDGE('',*,*,#8261,.F.);
#8302 = ORIENTED_EDGE('',*,*,#577,.F.);
#8303 = PLANE('',#8304);
#8304 = AXIS2_PLACEMENT_3D('',#8305,#8306,#8307);
#8305 = CARTESIAN_POINT('',(30.603392,-15.116774,0.));
#8306 = DIRECTION('',(0.387133985181,0.922023469071,-0.));
#8307 = DIRECTION('',(0.922023469071,-0.387133985181,0.));
#8308 = ADVANCED_FACE('',(#8309),#8320,.T.);
#8309 = FACE_BOUND('',#8310,.T.);
#8310 = EDGE_LOOP('',(#8311,#8312,#8313,#8319));
#8311 = ORIENTED_EDGE('',*,*,#8280,.T.);
#8312 = ORIENTED_EDGE('',*,*,#5490,.T.);
#8313 = ORIENTED_EDGE('',*,*,#8314,.F.);
#8314 = EDGE_CURVE('',#2325,#5483,#8315,.T.);
#8315 = LINE('',#8316,#8317);
#8316 = CARTESIAN_POINT('',(81.550397,-51.251931,0.));
#8317 = VECTOR('',#8318,1.);
#8318 = DIRECTION('',(0.,0.,1.));
#8319 = ORIENTED_EDGE('',*,*,#2332,.F.);
#8320 = PLANE('',#8321);
#8321 = AXIS2_PLACEMENT_3D('',#8322,#8323,#8324);
#8322 = CARTESIAN_POINT('',(81.480433,-49.859235,0.));
#8323 = DIRECTION('',(0.998740536634,5.017310518954E-02,-0.));
#8324 = DIRECTION('',(5.017310518954E-02,-0.998740536634,0.));
#8325 = ADVANCED_FACE('',(#8326),#8337,.T.);
#8326 = FACE_BOUND('',#8327,.T.);
#8327 = EDGE_LOOP('',(#8328,#8334,#8335,#8336));
#8328 = ORIENTED_EDGE('',*,*,#8329,.T.);
#8329 = EDGE_CURVE('',#586,#3744,#8330,.T.);
#8330 = LINE('',#8331,#8332);
#8331 = CARTESIAN_POINT('',(29.86184,-14.79434,0.));
#8332 = VECTOR('',#8333,1.);
#8333 = DIRECTION('',(0.,0.,1.));
#8334 = ORIENTED_EDGE('',*,*,#3743,.T.);
#8335 = ORIENTED_EDGE('',*,*,#8295,.F.);
#8336 = ORIENTED_EDGE('',*,*,#585,.F.);
#8337 = PLANE('',#8338);
#8338 = AXIS2_PLACEMENT_3D('',#8339,#8340,#8341);
#8339 = CARTESIAN_POINT('',(29.86184,-14.79434,0.));
#8340 = DIRECTION('',(0.398747003107,0.917060972626,-0.));
#8341 = DIRECTION('',(0.917060972626,-0.398747003107,0.));
#8342 = ADVANCED_FACE('',(#8343),#8354,.T.);
#8343 = FACE_BOUND('',#8344,.T.);
#8344 = EDGE_LOOP('',(#8345,#8346,#8347,#8353));
#8345 = ORIENTED_EDGE('',*,*,#8314,.T.);
#8346 = ORIENTED_EDGE('',*,*,#5482,.T.);
#8347 = ORIENTED_EDGE('',*,*,#8348,.F.);
#8348 = EDGE_CURVE('',#2317,#5475,#8349,.T.);
#8349 = LINE('',#8350,#8351);
#8350 = CARTESIAN_POINT('',(81.660888,-52.653111,0.));
#8351 = VECTOR('',#8352,1.);
#8352 = DIRECTION('',(0.,0.,1.));
#8353 = ORIENTED_EDGE('',*,*,#2324,.F.);
#8354 = PLANE('',#8355);
#8355 = AXIS2_PLACEMENT_3D('',#8356,#8357,#8358);
#8356 = CARTESIAN_POINT('',(81.550397,-51.251931,0.));
#8357 = DIRECTION('',(0.996905316071,7.861164538316E-02,-0.));
#8358 = DIRECTION('',(7.861164538316E-02,-0.996905316071,0.));
#8359 = ADVANCED_FACE('',(#8360),#8371,.T.);
#8360 = FACE_BOUND('',#8361,.T.);
#8361 = EDGE_LOOP('',(#8362,#8368,#8369,#8370));
#8362 = ORIENTED_EDGE('',*,*,#8363,.T.);
#8363 = EDGE_CURVE('',#594,#3752,#8364,.T.);
#8364 = LINE('',#8365,#8366);
#8365 = CARTESIAN_POINT('',(29.118058,-14.459859,0.));
#8366 = VECTOR('',#8367,1.);
#8367 = DIRECTION('',(0.,0.,1.));
#8368 = ORIENTED_EDGE('',*,*,#3751,.T.);
#8369 = ORIENTED_EDGE('',*,*,#8329,.F.);
#8370 = ORIENTED_EDGE('',*,*,#593,.F.);
#8371 = PLANE('',#8372);
#8372 = AXIS2_PLACEMENT_3D('',#8373,#8374,#8375);
#8373 = CARTESIAN_POINT('',(29.118058,-14.459859,0.));
#8374 = DIRECTION('',(0.410139411759,0.912022841228,-0.));
#8375 = DIRECTION('',(0.912022841228,-0.410139411759,0.));
#8376 = ADVANCED_FACE('',(#8377),#8388,.T.);
#8377 = FACE_BOUND('',#8378,.T.);
#8378 = EDGE_LOOP('',(#8379,#8380,#8381,#8387));
#8379 = ORIENTED_EDGE('',*,*,#8348,.T.);
#8380 = ORIENTED_EDGE('',*,*,#5474,.T.);
#8381 = ORIENTED_EDGE('',*,*,#8382,.F.);
#8382 = EDGE_CURVE('',#2309,#5467,#8383,.T.);
#8383 = LINE('',#8384,#8385);
#8384 = CARTESIAN_POINT('',(81.812319,-54.063867,0.));
#8385 = VECTOR('',#8386,1.);
#8386 = DIRECTION('',(0.,0.,1.));
#8387 = ORIENTED_EDGE('',*,*,#2316,.F.);
#8388 = PLANE('',#8389);
#8389 = AXIS2_PLACEMENT_3D('',#8390,#8391,#8392);
#8390 = CARTESIAN_POINT('',(81.660888,-52.653111,0.));
#8391 = DIRECTION('',(0.994288337858,0.106727228018,-0.));
#8392 = DIRECTION('',(0.106727228018,-0.994288337858,0.));
#8393 = ADVANCED_FACE('',(#8394),#8405,.T.);
#8394 = FACE_BOUND('',#8395,.T.);
#8395 = EDGE_LOOP('',(#8396,#8402,#8403,#8404));
#8396 = ORIENTED_EDGE('',*,*,#8397,.T.);
#8397 = EDGE_CURVE('',#602,#3760,#8398,.T.);
#8398 = LINE('',#8399,#8400);
#8399 = CARTESIAN_POINT('',(28.362923,-14.10906,0.));
#8400 = VECTOR('',#8401,1.);
#8401 = DIRECTION('',(0.,0.,1.));
#8402 = ORIENTED_EDGE('',*,*,#3759,.T.);
#8403 = ORIENTED_EDGE('',*,*,#8363,.F.);
#8404 = ORIENTED_EDGE('',*,*,#601,.F.);
#8405 = PLANE('',#8406);
#8406 = AXIS2_PLACEMENT_3D('',#8407,#8408,#8409);
#8407 = CARTESIAN_POINT('',(28.362923,-14.10906,0.));
#8408 = DIRECTION('',(0.421309500421,0.906916922797,-0.));
#8409 = DIRECTION('',(0.906916922797,-0.421309500421,0.));
#8410 = ADVANCED_FACE('',(#8411),#8422,.T.);
#8411 = FACE_BOUND('',#8412,.T.);
#8412 = EDGE_LOOP('',(#8413,#8414,#8415,#8421));
#8413 = ORIENTED_EDGE('',*,*,#8382,.T.);
#8414 = ORIENTED_EDGE('',*,*,#5466,.T.);
#8415 = ORIENTED_EDGE('',*,*,#8416,.F.);
#8416 = EDGE_CURVE('',#2301,#5459,#8417,.T.);
#8417 = LINE('',#8418,#8419);
#8418 = CARTESIAN_POINT('',(82.005193,-55.485307,0.));
#8419 = VECTOR('',#8420,1.);
#8420 = DIRECTION('',(0.,0.,1.));
#8421 = ORIENTED_EDGE('',*,*,#2308,.F.);
#8422 = PLANE('',#8423);
#8423 = AXIS2_PLACEMENT_3D('',#8424,#8425,#8426);
#8424 = CARTESIAN_POINT('',(81.812319,-54.063867,0.));
#8425 = DIRECTION('',(0.990919425827,0.134457024804,-0.));
#8426 = DIRECTION('',(0.134457024804,-0.990919425827,0.));
#8427 = ADVANCED_FACE('',(#8428),#8439,.T.);
#8428 = FACE_BOUND('',#8429,.T.);
#8429 = EDGE_LOOP('',(#8430,#8436,#8437,#8438));
#8430 = ORIENTED_EDGE('',*,*,#8431,.T.);
#8431 = EDGE_CURVE('',#610,#3768,#8432,.T.);
#8432 = LINE('',#8433,#8434);
#8433 = CARTESIAN_POINT('',(27.605336,-13.74591,0.));
#8434 = VECTOR('',#8435,1.);
#8435 = DIRECTION('',(0.,0.,1.));
#8436 = ORIENTED_EDGE('',*,*,#3767,.T.);
#8437 = ORIENTED_EDGE('',*,*,#8397,.F.);
#8438 = ORIENTED_EDGE('',*,*,#609,.F.);
#8439 = PLANE('',#8440);
#8440 = AXIS2_PLACEMENT_3D('',#8441,#8442,#8443);
#8441 = CARTESIAN_POINT('',(27.605336,-13.74591,0.));
#8442 = DIRECTION('',(0.432255276685,0.90175128266,-0.));
#8443 = DIRECTION('',(0.90175128266,-0.432255276685,0.));
#8444 = ADVANCED_FACE('',(#8445),#8456,.T.);
#8445 = FACE_BOUND('',#8446,.T.);
#8446 = EDGE_LOOP('',(#8447,#8448,#8449,#8455));
#8447 = ORIENTED_EDGE('',*,*,#8416,.T.);
#8448 = ORIENTED_EDGE('',*,*,#5458,.T.);
#8449 = ORIENTED_EDGE('',*,*,#8450,.F.);
#8450 = EDGE_CURVE('',#2293,#5451,#8451,.T.);
#8451 = LINE('',#8452,#8453);
#8452 = CARTESIAN_POINT('',(82.240109,-56.91855,0.));
#8453 = VECTOR('',#8454,1.);
#8454 = DIRECTION('',(0.,0.,1.));
#8455 = ORIENTED_EDGE('',*,*,#2300,.F.);
#8456 = PLANE('',#8457);
#8457 = AXIS2_PLACEMENT_3D('',#8458,#8459,#8460);
#8458 = CARTESIAN_POINT('',(82.005193,-55.485307,0.));
#8459 = DIRECTION('',(0.986832266926,0.16174695346,-0.));
#8460 = DIRECTION('',(0.16174695346,-0.986832266926,0.));
#8461 = ADVANCED_FACE('',(#8462),#8473,.T.);
#8462 = FACE_BOUND('',#8463,.T.);
#8463 = EDGE_LOOP('',(#8464,#8470,#8471,#8472));
#8464 = ORIENTED_EDGE('',*,*,#8465,.T.);
#8465 = EDGE_CURVE('',#618,#3776,#8466,.T.);
#8466 = LINE('',#8467,#8468);
#8467 = CARTESIAN_POINT('',(26.835433,-13.365501,0.));
#8468 = VECTOR('',#8469,1.);
#8469 = DIRECTION('',(0.,0.,1.));
#8470 = ORIENTED_EDGE('',*,*,#3775,.T.);
#8471 = ORIENTED_EDGE('',*,*,#8431,.F.);
#8472 = ORIENTED_EDGE('',*,*,#617,.F.);
#8473 = PLANE('',#8474);
#8474 = AXIS2_PLACEMENT_3D('',#8475,#8476,#8477);
#8475 = CARTESIAN_POINT('',(26.835433,-13.365501,0.));
#8476 = DIRECTION('',(0.442976886961,0.896533032084,-0.));
#8477 = DIRECTION('',(0.896533032084,-0.442976886961,0.));
#8478 = ADVANCED_FACE('',(#8479),#8490,.T.);
#8479 = FACE_BOUND('',#8480,.T.);
#8480 = EDGE_LOOP('',(#8481,#8482,#8483,#8489));
#8481 = ORIENTED_EDGE('',*,*,#8450,.T.);
#8482 = ORIENTED_EDGE('',*,*,#5450,.T.);
#8483 = ORIENTED_EDGE('',*,*,#8484,.F.);
#8484 = EDGE_CURVE('',#2285,#5443,#8485,.T.);
#8485 = LINE('',#8486,#8487);
#8486 = CARTESIAN_POINT('',(82.517762,-58.364725,0.));
#8487 = VECTOR('',#8488,1.);
#8488 = DIRECTION('',(0.,0.,1.));
#8489 = ORIENTED_EDGE('',*,*,#2292,.F.);
#8490 = PLANE('',#8491);
#8491 = AXIS2_PLACEMENT_3D('',#8492,#8493,#8494);
#8492 = CARTESIAN_POINT('',(82.240109,-56.91855,0.));
#8493 = DIRECTION('',(0.982064025927,0.188547736609,-0.));
#8494 = DIRECTION('',(0.188547736609,-0.982064025927,0.));
#8495 = ADVANCED_FACE('',(#8496),#8507,.T.);
#8496 = FACE_BOUND('',#8497,.T.);
#8497 = EDGE_LOOP('',(#8498,#8504,#8505,#8506));
#8498 = ORIENTED_EDGE('',*,*,#8499,.T.);
#8499 = EDGE_CURVE('',#626,#3784,#8500,.T.);
#8500 = LINE('',#8501,#8502);
#8501 = CARTESIAN_POINT('',(26.06284,-12.972411,0.));
#8502 = VECTOR('',#8503,1.);
#8503 = DIRECTION('',(0.,0.,1.));
#8504 = ORIENTED_EDGE('',*,*,#3783,.T.);
#8505 = ORIENTED_EDGE('',*,*,#8465,.F.);
#8506 = ORIENTED_EDGE('',*,*,#625,.F.);
#8507 = PLANE('',#8508);
#8508 = AXIS2_PLACEMENT_3D('',#8509,#8510,#8511);
#8509 = CARTESIAN_POINT('',(26.06284,-12.972411,0.));
#8510 = DIRECTION('',(0.453472243679,0.891270399045,-0.));
#8511 = DIRECTION('',(0.891270399045,-0.453472243679,0.));
#8512 = ADVANCED_FACE('',(#8513),#8524,.T.);
#8513 = FACE_BOUND('',#8514,.T.);
#8514 = EDGE_LOOP('',(#8515,#8516,#8517,#8523));
#8515 = ORIENTED_EDGE('',*,*,#8484,.T.);
#8516 = ORIENTED_EDGE('',*,*,#5442,.T.);
#8517 = ORIENTED_EDGE('',*,*,#8518,.F.);
#8518 = EDGE_CURVE('',#2277,#5435,#8519,.T.);
#8519 = LINE('',#8520,#8521);
#8520 = CARTESIAN_POINT('',(82.838937,-59.824982,0.));
#8521 = VECTOR('',#8522,1.);
#8522 = DIRECTION('',(0.,0.,1.));
#8523 = ORIENTED_EDGE('',*,*,#2284,.F.);
#8524 = PLANE('',#8525);
#8525 = AXIS2_PLACEMENT_3D('',#8526,#8527,#8528);
#8526 = CARTESIAN_POINT('',(82.517762,-58.364725,0.));
#8527 = DIRECTION('',(0.976655909341,0.214809764091,-0.));
#8528 = DIRECTION('',(0.214809764091,-0.976655909341,0.));
#8529 = ADVANCED_FACE('',(#8530),#8541,.T.);
#8530 = FACE_BOUND('',#8531,.T.);
#8531 = EDGE_LOOP('',(#8532,#8538,#8539,#8540));
#8532 = ORIENTED_EDGE('',*,*,#8533,.T.);
#8533 = EDGE_CURVE('',#634,#3792,#8534,.T.);
#8534 = LINE('',#8535,#8536);
#8535 = CARTESIAN_POINT('',(25.276917,-12.561034,0.));
#8536 = VECTOR('',#8537,1.);
#8537 = DIRECTION('',(0.,0.,1.));
#8538 = ORIENTED_EDGE('',*,*,#3791,.T.);
#8539 = ORIENTED_EDGE('',*,*,#8499,.F.);
#8540 = ORIENTED_EDGE('',*,*,#633,.F.);
#8541 = PLANE('',#8542);
#8542 = AXIS2_PLACEMENT_3D('',#8543,#8544,#8545);
#8543 = CARTESIAN_POINT('',(25.276917,-12.561034,0.));
#8544 = DIRECTION('',(0.463744293876,0.885969090825,-0.));
#8545 = DIRECTION('',(0.885969090825,-0.463744293876,0.));
#8546 = ADVANCED_FACE('',(#8547),#8558,.T.);
#8547 = FACE_BOUND('',#8548,.T.);
#8548 = EDGE_LOOP('',(#8549,#8550,#8551,#8557));
#8549 = ORIENTED_EDGE('',*,*,#8518,.T.);
#8550 = ORIENTED_EDGE('',*,*,#5434,.T.);
#8551 = ORIENTED_EDGE('',*,*,#8552,.F.);
#8552 = EDGE_CURVE('',#2269,#5427,#8553,.T.);
#8553 = LINE('',#8554,#8555);
#8554 = CARTESIAN_POINT('',(83.204518,-61.300482,0.));
#8555 = VECTOR('',#8556,1.);
#8556 = DIRECTION('',(0.,0.,1.));
#8557 = ORIENTED_EDGE('',*,*,#2276,.F.);
#8558 = PLANE('',#8559);
#8559 = AXIS2_PLACEMENT_3D('',#8560,#8561,#8562);
#8560 = CARTESIAN_POINT('',(82.838937,-59.824982,0.));
#8561 = DIRECTION('',(0.970650224943,0.240495614968,-0.));
#8562 = DIRECTION('',(0.240495614968,-0.970650224943,0.));
#8563 = ADVANCED_FACE('',(#8564),#8575,.T.);
#8564 = FACE_BOUND('',#8565,.T.);
#8565 = EDGE_LOOP('',(#8566,#8572,#8573,#8574));
#8566 = ORIENTED_EDGE('',*,*,#8567,.T.);
#8567 = EDGE_CURVE('',#642,#3800,#8568,.T.);
#8568 = LINE('',#8569,#8570);
#8569 = CARTESIAN_POINT('',(24.488047,-12.136617,0.));
#8570 = VECTOR('',#8571,1.);
#8571 = DIRECTION('',(0.,0.,1.));
#8572 = ORIENTED_EDGE('',*,*,#3799,.T.);
#8573 = ORIENTED_EDGE('',*,*,#8533,.F.);
#8574 = ORIENTED_EDGE('',*,*,#641,.F.);
#8575 = PLANE('',#8576);
#8576 = AXIS2_PLACEMENT_3D('',#8577,#8578,#8579);
#8577 = CARTESIAN_POINT('',(24.488047,-12.136617,0.));
#8578 = DIRECTION('',(0.473788977819,0.880638407349,-0.));
#8579 = DIRECTION('',(0.880638407349,-0.473788977819,0.));
#8580 = ADVANCED_FACE('',(#8581),#8592,.T.);
#8581 = FACE_BOUND('',#8582,.T.);
#8582 = EDGE_LOOP('',(#8583,#8584,#8585,#8591));
#8583 = ORIENTED_EDGE('',*,*,#8552,.T.);
#8584 = ORIENTED_EDGE('',*,*,#5426,.T.);
#8585 = ORIENTED_EDGE('',*,*,#8586,.F.);
#8586 = EDGE_CURVE('',#2261,#5419,#8587,.T.);
#8587 = LINE('',#8588,#8589);
#8588 = CARTESIAN_POINT('',(83.615481,-62.792407,0.));
#8589 = VECTOR('',#8590,1.);
#8590 = DIRECTION('',(0.,0.,1.));
#8591 = ORIENTED_EDGE('',*,*,#2268,.F.);
#8592 = PLANE('',#8593);
#8593 = AXIS2_PLACEMENT_3D('',#8594,#8595,#8596);
#8594 = CARTESIAN_POINT('',(83.204518,-61.300482,0.));
#8595 = DIRECTION('',(0.964092361795,0.265567162746,-0.));
#8596 = DIRECTION('',(0.265567162746,-0.964092361795,0.));
#8597 = ADVANCED_FACE('',(#8598),#8609,.T.);
#8598 = FACE_BOUND('',#8599,.T.);
#8599 = EDGE_LOOP('',(#8600,#8606,#8607,#8608));
#8600 = ORIENTED_EDGE('',*,*,#8601,.T.);
#8601 = EDGE_CURVE('',#650,#3808,#8602,.T.);
#8602 = LINE('',#8603,#8604);
#8603 = CARTESIAN_POINT('',(23.684772,-11.692793,0.));
#8604 = VECTOR('',#8605,1.);
#8605 = DIRECTION('',(0.,0.,1.));
#8606 = ORIENTED_EDGE('',*,*,#3807,.T.);
#8607 = ORIENTED_EDGE('',*,*,#8567,.F.);
#8608 = ORIENTED_EDGE('',*,*,#649,.F.);
#8609 = PLANE('',#8610);
#8610 = AXIS2_PLACEMENT_3D('',#8611,#8612,#8613);
#8611 = CARTESIAN_POINT('',(23.684772,-11.692793,0.));
#8612 = DIRECTION('',(0.483610040591,0.875283570415,-0.));
#8613 = DIRECTION('',(0.875283570415,-0.483610040591,0.));
#8614 = ADVANCED_FACE('',(#8615),#8626,.T.);
#8615 = FACE_BOUND('',#8616,.T.);
#8616 = EDGE_LOOP('',(#8617,#8618,#8619,#8625));
#8617 = ORIENTED_EDGE('',*,*,#8586,.T.);
#8618 = ORIENTED_EDGE('',*,*,#5418,.T.);
#8619 = ORIENTED_EDGE('',*,*,#8620,.F.);
#8620 = EDGE_CURVE('',#2253,#5411,#8621,.T.);
#8621 = LINE('',#8622,#8623);
#8622 = CARTESIAN_POINT('',(84.072899,-64.301958,0.));
#8623 = VECTOR('',#8624,1.);
#8624 = DIRECTION('',(0.,0.,1.));
#8625 = ORIENTED_EDGE('',*,*,#2260,.F.);
#8626 = PLANE('',#8627);
#8627 = AXIS2_PLACEMENT_3D('',#8628,#8629,#8630);
#8628 = CARTESIAN_POINT('',(83.615481,-62.792407,0.));
#8629 = DIRECTION('',(0.957028222106,0.289994796664,-0.));
#8630 = DIRECTION('',(0.289994796664,-0.957028222106,0.));
#8631 = ADVANCED_FACE('',(#8632),#8643,.T.);
#8632 = FACE_BOUND('',#8633,.T.);
#8633 = EDGE_LOOP('',(#8634,#8640,#8641,#8642));
#8634 = ORIENTED_EDGE('',*,*,#8635,.T.);
#8635 = EDGE_CURVE('',#658,#3816,#8636,.T.);
#8636 = LINE('',#8637,#8638);
#8637 = CARTESIAN_POINT('',(22.878274,-11.235538,0.));
#8638 = VECTOR('',#8639,1.);
#8639 = DIRECTION('',(0.,0.,1.));
#8640 = ORIENTED_EDGE('',*,*,#3815,.T.);
#8641 = ORIENTED_EDGE('',*,*,#8601,.F.);
#8642 = ORIENTED_EDGE('',*,*,#657,.F.);
#8643 = PLANE('',#8644);
#8644 = AXIS2_PLACEMENT_3D('',#8645,#8646,#8647);
#8645 = CARTESIAN_POINT('',(22.878274,-11.235538,0.));
#8646 = DIRECTION('',(0.493208073342,0.869911372722,-0.));
#8647 = DIRECTION('',(0.869911372722,-0.493208073342,0.));
#8648 = ADVANCED_FACE('',(#8649),#8660,.T.);
#8649 = FACE_BOUND('',#8650,.T.);
#8650 = EDGE_LOOP('',(#8651,#8652,#8653,#8659));
#8651 = ORIENTED_EDGE('',*,*,#8620,.T.);
#8652 = ORIENTED_EDGE('',*,*,#5410,.T.);
#8653 = ORIENTED_EDGE('',*,*,#8654,.F.);
#8654 = EDGE_CURVE('',#2245,#5403,#8655,.T.);
#8655 = LINE('',#8656,#8657);
#8656 = CARTESIAN_POINT('',(84.57794,-65.83036,0.));
#8657 = VECTOR('',#8658,1.);
#8658 = DIRECTION('',(0.,0.,1.));
#8659 = ORIENTED_EDGE('',*,*,#2252,.F.);
#8660 = PLANE('',#8661);
#8661 = AXIS2_PLACEMENT_3D('',#8662,#8663,#8664);
#8662 = CARTESIAN_POINT('',(84.072899,-64.301958,0.));
#8663 = DIRECTION('',(0.949505015067,0.313751854757,-0.));
#8664 = DIRECTION('',(0.313751854757,-0.949505015067,0.));
#8665 = ADVANCED_FACE('',(#8666),#8677,.T.);
#8666 = FACE_BOUND('',#8667,.T.);
#8667 = EDGE_LOOP('',(#8668,#8674,#8675,#8676));
#8668 = ORIENTED_EDGE('',*,*,#8669,.T.);
#8669 = EDGE_CURVE('',#666,#3824,#8670,.T.);
#8670 = LINE('',#8671,#8672);
#8671 = CARTESIAN_POINT('',(22.056227,-10.757651,0.));
#8672 = VECTOR('',#8673,1.);
#8673 = DIRECTION('',(0.,0.,1.));
#8674 = ORIENTED_EDGE('',*,*,#3823,.T.);
#8675 = ORIENTED_EDGE('',*,*,#8635,.F.);
#8676 = ORIENTED_EDGE('',*,*,#665,.F.);
#8677 = PLANE('',#8678);
#8678 = AXIS2_PLACEMENT_3D('',#8679,#8680,#8681);
#8679 = CARTESIAN_POINT('',(22.056227,-10.757651,0.));
#8680 = DIRECTION('',(0.502583277497,0.864528801822,-0.));
#8681 = DIRECTION('',(0.864528801822,-0.502583277497,0.));
#8682 = ADVANCED_FACE('',(#8683),#8694,.T.);
#8683 = FACE_BOUND('',#8684,.T.);
#8684 = EDGE_LOOP('',(#8685,#8686,#8687,#8693));
#8685 = ORIENTED_EDGE('',*,*,#8654,.T.);
#8686 = ORIENTED_EDGE('',*,*,#5402,.T.);
#8687 = ORIENTED_EDGE('',*,*,#8688,.F.);
#8688 = EDGE_CURVE('',#2237,#5395,#8689,.T.);
#8689 = LINE('',#8690,#8691);
#8690 = CARTESIAN_POINT('',(85.131872,-67.378859,0.));
#8691 = VECTOR('',#8692,1.);
#8692 = DIRECTION('',(0.,0.,1.));
#8693 = ORIENTED_EDGE('',*,*,#2244,.F.);
#8694 = PLANE('',#8695);
#8695 = AXIS2_PLACEMENT_3D('',#8696,#8697,#8698);
#8696 = CARTESIAN_POINT('',(84.57794,-65.83036,0.));
#8697 = DIRECTION('',(0.941569097725,0.336819883927,-0.));
#8698 = DIRECTION('',(0.336819883927,-0.941569097725,0.));
#8699 = ADVANCED_FACE('',(#8700),#8711,.T.);
#8700 = FACE_BOUND('',#8701,.T.);
#8701 = EDGE_LOOP('',(#8702,#8708,#8709,#8710));
#8702 = ORIENTED_EDGE('',*,*,#8703,.T.);
#8703 = EDGE_CURVE('',#674,#3832,#8704,.T.);
#8704 = LINE('',#8705,#8706);
#8705 = CARTESIAN_POINT('',(21.23066,-10.265912,0.));
#8706 = VECTOR('',#8707,1.);
#8707 = DIRECTION('',(0.,0.,1.));
#8708 = ORIENTED_EDGE('',*,*,#3831,.T.);
#8709 = ORIENTED_EDGE('',*,*,#8669,.F.);
#8710 = ORIENTED_EDGE('',*,*,#673,.F.);
#8711 = PLANE('',#8712);
#8712 = AXIS2_PLACEMENT_3D('',#8713,#8714,#8715);
#8713 = CARTESIAN_POINT('',(21.23066,-10.265912,0.));
#8714 = DIRECTION('',(0.511737468833,0.859141875939,-0.));
#8715 = DIRECTION('',(0.859141875939,-0.511737468833,0.));
#8716 = ADVANCED_FACE('',(#8717),#8728,.T.);
#8717 = FACE_BOUND('',#8718,.T.);
#8718 = EDGE_LOOP('',(#8719,#8720,#8721,#8727));
#8719 = ORIENTED_EDGE('',*,*,#8688,.T.);
#8720 = ORIENTED_EDGE('',*,*,#5394,.T.);
#8721 = ORIENTED_EDGE('',*,*,#8722,.F.);
#8722 = EDGE_CURVE('',#2229,#5387,#8723,.T.);
#8723 = LINE('',#8724,#8725);
#8724 = CARTESIAN_POINT('',(85.73606,-68.948733,0.));
#8725 = VECTOR('',#8726,1.);
#8726 = DIRECTION('',(0.,0.,1.));
#8727 = ORIENTED_EDGE('',*,*,#2236,.F.);
#8728 = PLANE('',#8729);
#8729 = AXIS2_PLACEMENT_3D('',#8730,#8731,#8732);
#8730 = CARTESIAN_POINT('',(85.131872,-67.378859,0.));
#8731 = DIRECTION('',(0.933267841504,0.3591812022,-0.));
#8732 = DIRECTION('',(0.3591812022,-0.933267841504,0.));
#8733 = ADVANCED_FACE('',(#8734),#8745,.T.);
#8734 = FACE_BOUND('',#8735,.T.);
#8735 = EDGE_LOOP('',(#8736,#8742,#8743,#8744));
#8736 = ORIENTED_EDGE('',*,*,#8737,.T.);
#8737 = EDGE_CURVE('',#682,#3840,#8738,.T.);
#8738 = LINE('',#8739,#8740);
#8739 = CARTESIAN_POINT('',(20.388317,-9.752201,0.));
#8740 = VECTOR('',#8741,1.);
#8741 = DIRECTION('',(0.,0.,1.));
#8742 = ORIENTED_EDGE('',*,*,#3839,.T.);
#8743 = ORIENTED_EDGE('',*,*,#8703,.F.);
#8744 = ORIENTED_EDGE('',*,*,#681,.F.);
#8745 = PLANE('',#8746);
#8746 = AXIS2_PLACEMENT_3D('',#8747,#8748,#8749);
#8747 = CARTESIAN_POINT('',(20.388317,-9.752201,0.));
#8748 = DIRECTION('',(0.520671864529,0.853756879614,-0.));
#8749 = DIRECTION('',(0.853756879614,-0.520671864529,0.));
#8750 = ADVANCED_FACE('',(#8751),#8762,.T.);
#8751 = FACE_BOUND('',#8752,.T.);
#8752 = EDGE_LOOP('',(#8753,#8754,#8755,#8761));
#8753 = ORIENTED_EDGE('',*,*,#8722,.T.);
#8754 = ORIENTED_EDGE('',*,*,#5386,.T.);
#8755 = ORIENTED_EDGE('',*,*,#8756,.F.);
#8756 = EDGE_CURVE('',#2221,#5379,#8757,.T.);
#8757 = LINE('',#8758,#8759);
#8758 = CARTESIAN_POINT('',(86.391969,-70.541286,0.));
#8759 = VECTOR('',#8760,1.);
#8760 = DIRECTION('',(0.,0.,1.));
#8761 = ORIENTED_EDGE('',*,*,#2228,.F.);
#8762 = PLANE('',#8763);
#8763 = AXIS2_PLACEMENT_3D('',#8764,#8765,#8766);
#8764 = CARTESIAN_POINT('',(85.73606,-68.948733,0.));
#8765 = DIRECTION('',(0.924647048399,0.380825203851,-0.));
#8766 = DIRECTION('',(0.380825203851,-0.924647048399,0.));
#8767 = ADVANCED_FACE('',(#8768),#8779,.T.);
#8768 = FACE_BOUND('',#8769,.T.);
#8769 = EDGE_LOOP('',(#8770,#8776,#8777,#8778));
#8770 = ORIENTED_EDGE('',*,*,#8771,.T.);
#8771 = EDGE_CURVE('',#690,#3848,#8772,.T.);
#8772 = LINE('',#8773,#8774);
#8773 = CARTESIAN_POINT('',(19.542134,-9.224183,0.));
#8774 = VECTOR('',#8775,1.);
#8775 = DIRECTION('',(0.,0.,1.));
#8776 = ORIENTED_EDGE('',*,*,#3847,.T.);
#8777 = ORIENTED_EDGE('',*,*,#8737,.F.);
#8778 = ORIENTED_EDGE('',*,*,#689,.F.);
#8779 = PLANE('',#8780);
#8780 = AXIS2_PLACEMENT_3D('',#8781,#8782,#8783);
#8781 = CARTESIAN_POINT('',(19.542134,-9.224183,0.));
#8782 = DIRECTION('',(0.529388593732,0.848379465113,-0.));
#8783 = DIRECTION('',(0.848379465113,-0.529388593732,0.));
#8784 = ADVANCED_FACE('',(#8785),#8796,.T.);
#8785 = FACE_BOUND('',#8786,.T.);
#8786 = EDGE_LOOP('',(#8787,#8788,#8789,#8795));
#8787 = ORIENTED_EDGE('',*,*,#8756,.T.);
#8788 = ORIENTED_EDGE('',*,*,#5378,.T.);
#8789 = ORIENTED_EDGE('',*,*,#8790,.F.);
#8790 = EDGE_CURVE('',#2213,#5371,#8791,.T.);
#8791 = LINE('',#8792,#8793);
#8792 = CARTESIAN_POINT('',(87.101169,-72.157859,0.));
#8793 = VECTOR('',#8794,1.);
#8794 = DIRECTION('',(0.,0.,1.));
#8795 = ORIENTED_EDGE('',*,*,#2220,.F.);
#8796 = PLANE('',#8797);
#8797 = AXIS2_PLACEMENT_3D('',#8798,#8799,#8800);
#8798 = CARTESIAN_POINT('',(86.391969,-70.541286,0.));
#8799 = DIRECTION('',(0.915751374436,0.401745466954,-0.));
#8800 = DIRECTION('',(0.401745466954,-0.915751374436,0.));
#8801 = ADVANCED_FACE('',(#8802),#8813,.T.);
#8802 = FACE_BOUND('',#8803,.T.);
#8803 = EDGE_LOOP('',(#8804,#8810,#8811,#8812));
#8804 = ORIENTED_EDGE('',*,*,#8805,.T.);
#8805 = EDGE_CURVE('',#698,#3856,#8806,.T.);
#8806 = LINE('',#8807,#8808);
#8807 = CARTESIAN_POINT('',(18.677855,-8.672724,0.));
#8808 = VECTOR('',#8809,1.);
#8809 = DIRECTION('',(0.,0.,1.));
#8810 = ORIENTED_EDGE('',*,*,#3855,.T.);
#8811 = ORIENTED_EDGE('',*,*,#8771,.F.);
#8812 = ORIENTED_EDGE('',*,*,#697,.F.);
#8813 = PLANE('',#8814);
#8814 = AXIS2_PLACEMENT_3D('',#8815,#8816,#8817);
#8815 = CARTESIAN_POINT('',(18.677855,-8.672724,0.));
#8816 = DIRECTION('',(0.5378909838,0.843014406488,-0.));
#8817 = DIRECTION('',(0.843014406488,-0.5378909838,0.));
#8818 = ADVANCED_FACE('',(#8819),#8830,.T.);
#8819 = FACE_BOUND('',#8820,.T.);
#8820 = EDGE_LOOP('',(#8821,#8822,#8823,#8829));
#8821 = ORIENTED_EDGE('',*,*,#8790,.T.);
#8822 = ORIENTED_EDGE('',*,*,#5370,.T.);
#8823 = ORIENTED_EDGE('',*,*,#8824,.F.);
#8824 = EDGE_CURVE('',#2205,#5363,#8825,.T.);
#8825 = LINE('',#8826,#8827);
#8826 = CARTESIAN_POINT('',(87.865333,-73.799828,0.));
#8827 = VECTOR('',#8828,1.);
#8828 = DIRECTION('',(0.,0.,1.));
#8829 = ORIENTED_EDGE('',*,*,#2212,.F.);
#8830 = PLANE('',#8831);
#8831 = AXIS2_PLACEMENT_3D('',#8832,#8833,#8834);
#8832 = CARTESIAN_POINT('',(87.101169,-72.157859,0.));
#8833 = DIRECTION('',(0.906624493794,0.421938416423,-0.));
#8834 = DIRECTION('',(0.421938416423,-0.906624493794,0.));
#8835 = ADVANCED_FACE('',(#8836),#8847,.T.);
#8836 = FACE_BOUND('',#8837,.T.);
#8837 = EDGE_LOOP('',(#8838,#8844,#8845,#8846));
#8838 = ORIENTED_EDGE('',*,*,#8839,.T.);
#8839 = EDGE_CURVE('',#706,#3864,#8840,.T.);
#8840 = LINE('',#8841,#8842);
#8841 = CARTESIAN_POINT('',(17.809389,-8.106466,0.));
#8842 = VECTOR('',#8843,1.);
#8843 = DIRECTION('',(0.,0.,1.));
#8844 = ORIENTED_EDGE('',*,*,#3863,.T.);
#8845 = ORIENTED_EDGE('',*,*,#8805,.F.);
#8846 = ORIENTED_EDGE('',*,*,#705,.F.);
#8847 = PLANE('',#8848);
#8848 = AXIS2_PLACEMENT_3D('',#8849,#8850,#8851);
#8849 = CARTESIAN_POINT('',(17.809389,-8.106466,0.));
#8850 = DIRECTION('',(0.546177862931,0.837669231884,-0.));
#8851 = DIRECTION('',(0.837669231884,-0.546177862931,0.));
#8852 = ADVANCED_FACE('',(#8853),#8864,.T.);
#8853 = FACE_BOUND('',#8854,.T.);
#8854 = EDGE_LOOP('',(#8855,#8856,#8857,#8863));
#8855 = ORIENTED_EDGE('',*,*,#8824,.T.);
#8856 = ORIENTED_EDGE('',*,*,#5362,.T.);
#8857 = ORIENTED_EDGE('',*,*,#8858,.F.);
#8858 = EDGE_CURVE('',#2197,#5355,#8859,.T.);
#8859 = LINE('',#8860,#8861);
#8860 = CARTESIAN_POINT('',(88.686244,-75.468611,0.));
#8861 = VECTOR('',#8862,1.);
#8862 = DIRECTION('',(0.,0.,1.));
#8863 = ORIENTED_EDGE('',*,*,#2204,.F.);
#8864 = PLANE('',#8865);
#8865 = AXIS2_PLACEMENT_3D('',#8866,#8867,#8868);
#8866 = CARTESIAN_POINT('',(87.865333,-73.799828,0.));
#8867 = DIRECTION('',(0.897307789485,0.441405404282,-0.));
#8868 = DIRECTION('',(0.441405404282,-0.897307789485,0.));
#8869 = ADVANCED_FACE('',(#8870),#8881,.T.);
#8870 = FACE_BOUND('',#8871,.T.);
#8871 = EDGE_LOOP('',(#8872,#8878,#8879,#8880));
#8872 = ORIENTED_EDGE('',*,*,#8873,.T.);
#8873 = EDGE_CURVE('',#714,#3872,#8874,.T.);
#8874 = LINE('',#8875,#8876);
#8875 = CARTESIAN_POINT('',(16.9214,-7.515158,0.));
#8876 = VECTOR('',#8877,1.);
#8877 = DIRECTION('',(0.,0.,1.));
#8878 = ORIENTED_EDGE('',*,*,#3871,.T.);
#8879 = ORIENTED_EDGE('',*,*,#8839,.F.);
#8880 = ORIENTED_EDGE('',*,*,#713,.F.);
#8881 = PLANE('',#8882);
#8882 = AXIS2_PLACEMENT_3D('',#8883,#8884,#8885);
#8883 = CARTESIAN_POINT('',(16.9214,-7.515158,0.));
#8884 = DIRECTION('',(0.554255818642,0.832346374715,-0.));
#8885 = DIRECTION('',(0.832346374715,-0.554255818642,0.));
#8886 = ADVANCED_FACE('',(#8887),#8898,.T.);
#8887 = FACE_BOUND('',#8888,.T.);
#8888 = EDGE_LOOP('',(#8889,#8890,#8891,#8897));
#8889 = ORIENTED_EDGE('',*,*,#8858,.T.);
#8890 = ORIENTED_EDGE('',*,*,#5354,.T.);
#8891 = ORIENTED_EDGE('',*,*,#8892,.F.);
#8892 = EDGE_CURVE('',#2189,#5347,#8893,.T.);
#8893 = LINE('',#8894,#8895);
#8894 = CARTESIAN_POINT('',(89.565794,-77.165671,0.));
#8895 = VECTOR('',#8896,1.);
#8896 = DIRECTION('',(0.,0.,1.));
#8897 = ORIENTED_EDGE('',*,*,#2196,.F.);
#8898 = PLANE('',#8899);
#8899 = AXIS2_PLACEMENT_3D('',#8900,#8901,#8902);
#8900 = CARTESIAN_POINT('',(88.686244,-75.468611,0.));
#8901 = DIRECTION('',(0.887841536222,0.460149330716,-0.));
#8902 = DIRECTION('',(0.460149330716,-0.887841536222,0.));
#8903 = ADVANCED_FACE('',(#8904),#8915,.T.);
#8904 = FACE_BOUND('',#8905,.T.);
#8905 = EDGE_LOOP('',(#8906,#8912,#8913,#8914));
#8906 = ORIENTED_EDGE('',*,*,#8907,.T.);
#8907 = EDGE_CURVE('',#722,#3880,#8908,.T.);
#8908 = LINE('',#8909,#8910);
#8909 = CARTESIAN_POINT('',(16.028847,-6.908514,0.));
#8910 = VECTOR('',#8911,1.);
#8911 = DIRECTION('',(0.,0.,1.));
#8912 = ORIENTED_EDGE('',*,*,#3879,.T.);
#8913 = ORIENTED_EDGE('',*,*,#8873,.F.);
#8914 = ORIENTED_EDGE('',*,*,#721,.F.);
#8915 = PLANE('',#8916);
#8916 = AXIS2_PLACEMENT_3D('',#8917,#8918,#8919);
#8917 = CARTESIAN_POINT('',(16.028847,-6.908514,0.));
#8918 = DIRECTION('',(0.562124963278,0.82705231132,-0.));
#8919 = DIRECTION('',(0.82705231132,-0.562124963278,0.));
#8920 = ADVANCED_FACE('',(#8921),#8932,.T.);
#8921 = FACE_BOUND('',#8922,.T.);
#8922 = EDGE_LOOP('',(#8923,#8924,#8925,#8931));
#8923 = ORIENTED_EDGE('',*,*,#8892,.T.);
#8924 = ORIENTED_EDGE('',*,*,#5346,.T.);
#8925 = ORIENTED_EDGE('',*,*,#8926,.F.);
#8926 = EDGE_CURVE('',#2181,#5339,#8927,.T.);
#8927 = LINE('',#8928,#8929);
#8928 = CARTESIAN_POINT('',(90.505992,-78.892522,0.));
#8929 = VECTOR('',#8930,1.);
#8930 = DIRECTION('',(0.,0.,1.));
#8931 = ORIENTED_EDGE('',*,*,#2188,.F.);
#8932 = PLANE('',#8933);
#8933 = AXIS2_PLACEMENT_3D('',#8934,#8935,#8936);
#8934 = CARTESIAN_POINT('',(89.565794,-77.165671,0.));
#8935 = DIRECTION('',(0.878263210736,0.478177511671,-0.));
#8936 = DIRECTION('',(0.478177511671,-0.878263210736,0.));
#8937 = ADVANCED_FACE('',(#8938),#8949,.T.);
#8938 = FACE_BOUND('',#8939,.T.);
#8939 = EDGE_LOOP('',(#8940,#8946,#8947,#8948));
#8940 = ORIENTED_EDGE('',*,*,#8941,.T.);
#8941 = EDGE_CURVE('',#730,#3888,#8942,.T.);
#8942 = LINE('',#8943,#8944);
#8943 = CARTESIAN_POINT('',(15.115219,-6.275052,0.));
#8944 = VECTOR('',#8945,1.);
#8945 = DIRECTION('',(0.,0.,1.));
#8946 = ORIENTED_EDGE('',*,*,#3887,.T.);
#8947 = ORIENTED_EDGE('',*,*,#8907,.F.);
#8948 = ORIENTED_EDGE('',*,*,#729,.F.);
#8949 = PLANE('',#8950);
#8950 = AXIS2_PLACEMENT_3D('',#8951,#8952,#8953);
#8951 = CARTESIAN_POINT('',(15.115219,-6.275052,0.));
#8952 = DIRECTION('',(0.569787672696,0.821791949367,-0.));
#8953 = DIRECTION('',(0.821791949367,-0.569787672696,0.));
#8954 = ADVANCED_FACE('',(#8955),#8966,.T.);
#8955 = FACE_BOUND('',#8956,.T.);
#8956 = EDGE_LOOP('',(#8957,#8958,#8959,#8965));
#8957 = ORIENTED_EDGE('',*,*,#8926,.T.);
#8958 = ORIENTED_EDGE('',*,*,#5338,.T.);
#8959 = ORIENTED_EDGE('',*,*,#8960,.F.);
#8960 = EDGE_CURVE('',#2173,#5331,#8961,.T.);
#8961 = LINE('',#8962,#8963);
#8962 = CARTESIAN_POINT('',(91.508966,-80.650731,0.));
#8963 = VECTOR('',#8964,1.);
#8964 = DIRECTION('',(0.,0.,1.));
#8965 = ORIENTED_EDGE('',*,*,#2180,.F.);
#8966 = PLANE('',#8967);
#8967 = AXIS2_PLACEMENT_3D('',#8968,#8969,#8970);
#8968 = CARTESIAN_POINT('',(90.505992,-78.892522,0.));
#8969 = DIRECTION('',(0.868608276197,0.495499407187,-0.));
#8970 = DIRECTION('',(0.495499407187,-0.868608276197,0.));
#8971 = ADVANCED_FACE('',(#8972),#8983,.T.);
#8972 = FACE_BOUND('',#8973,.T.);
#8973 = EDGE_LOOP('',(#8974,#8980,#8981,#8982));
#8974 = ORIENTED_EDGE('',*,*,#8975,.T.);
#8975 = EDGE_CURVE('',#738,#3896,#8976,.T.);
#8976 = LINE('',#8977,#8978);
#8977 = CARTESIAN_POINT('',(14.196615,-5.625674,0.));
#8978 = VECTOR('',#8979,1.);
#8979 = DIRECTION('',(0.,0.,1.));
#8980 = ORIENTED_EDGE('',*,*,#3895,.T.);
#8981 = ORIENTED_EDGE('',*,*,#8941,.F.);
#8982 = ORIENTED_EDGE('',*,*,#737,.F.);
#8983 = PLANE('',#8984);
#8984 = AXIS2_PLACEMENT_3D('',#8985,#8986,#8987);
#8985 = CARTESIAN_POINT('',(14.196615,-5.625674,0.));
#8986 = DIRECTION('',(0.577247672361,0.816569118173,-0.));
#8987 = DIRECTION('',(0.816569118173,-0.577247672361,0.));
#8988 = ADVANCED_FACE('',(#8989),#9000,.T.);
#8989 = FACE_BOUND('',#8990,.T.);
#8990 = EDGE_LOOP('',(#8991,#8992,#8993,#8999));
#8991 = ORIENTED_EDGE('',*,*,#8960,.T.);
#8992 = ORIENTED_EDGE('',*,*,#5330,.T.);
#8993 = ORIENTED_EDGE('',*,*,#8994,.F.);
#8994 = EDGE_CURVE('',#2165,#5323,#8995,.T.);
#8995 = LINE('',#8996,#8997);
#8996 = CARTESIAN_POINT('',(92.57697,-82.441929,0.));
#8997 = VECTOR('',#8998,1.);
#8998 = DIRECTION('',(0.,0.,1.));
#8999 = ORIENTED_EDGE('',*,*,#2172,.F.);
#9000 = PLANE('',#9001);
#9001 = AXIS2_PLACEMENT_3D('',#9002,#9003,#9004);
#9002 = CARTESIAN_POINT('',(91.508966,-80.650731,0.));
#9003 = DIRECTION('',(0.858910184587,0.512126248901,-0.));
#9004 = DIRECTION('',(0.512126248901,-0.858910184587,0.));
#9005 = ADVANCED_FACE('',(#9006),#9017,.T.);
#9006 = FACE_BOUND('',#9007,.T.);
#9007 = EDGE_LOOP('',(#9008,#9014,#9015,#9016));
#9008 = ORIENTED_EDGE('',*,*,#9009,.T.);
#9009 = EDGE_CURVE('',#746,#3904,#9010,.T.);
#9010 = LINE('',#9011,#9012);
#9011 = CARTESIAN_POINT('',(13.25524,-4.947526,0.));
#9012 = VECTOR('',#9013,1.);
#9013 = DIRECTION('',(0.,0.,1.));
#9014 = ORIENTED_EDGE('',*,*,#3903,.T.);
#9015 = ORIENTED_EDGE('',*,*,#8975,.F.);
#9016 = ORIENTED_EDGE('',*,*,#745,.F.);
#9017 = PLANE('',#9018);
#9018 = AXIS2_PLACEMENT_3D('',#9019,#9020,#9021);
#9019 = CARTESIAN_POINT('',(13.25524,-4.947526,0.));
#9020 = DIRECTION('',(0.584507925796,0.811387998853,-0.));
#9021 = DIRECTION('',(0.811387998853,-0.584507925796,0.));
#9022 = ADVANCED_FACE('',(#9023),#9034,.T.);
#9023 = FACE_BOUND('',#9024,.T.);
#9024 = EDGE_LOOP('',(#9025,#9026,#9027,#9033));
#9025 = ORIENTED_EDGE('',*,*,#8994,.T.);
#9026 = ORIENTED_EDGE('',*,*,#5322,.T.);
#9027 = ORIENTED_EDGE('',*,*,#9028,.F.);
#9028 = EDGE_CURVE('',#2157,#5315,#9029,.T.);
#9029 = LINE('',#9030,#9031);
#9030 = CARTESIAN_POINT('',(93.71239,-84.267811,0.));
#9031 = VECTOR('',#9032,1.);
#9032 = DIRECTION('',(0.,0.,1.));
#9033 = ORIENTED_EDGE('',*,*,#2164,.F.);
#9034 = PLANE('',#9035);
#9035 = AXIS2_PLACEMENT_3D('',#9036,#9037,#9038);
#9036 = CARTESIAN_POINT('',(92.57697,-82.441929,0.));
#9037 = DIRECTION('',(0.849199342962,0.528072415406,-0.));
#9038 = DIRECTION('',(0.528072415406,-0.849199342962,0.));
#9039 = ADVANCED_FACE('',(#9040),#9051,.T.);
#9040 = FACE_BOUND('',#9041,.T.);
#9041 = EDGE_LOOP('',(#9042,#9048,#9049,#9050));
#9042 = ORIENTED_EDGE('',*,*,#9043,.T.);
#9043 = EDGE_CURVE('',#754,#3912,#9044,.T.);
#9044 = LINE('',#9045,#9046);
#9045 = CARTESIAN_POINT('',(12.308441,-4.252831,0.));
#9046 = VECTOR('',#9047,1.);
#9047 = DIRECTION('',(0.,0.,1.));
#9048 = ORIENTED_EDGE('',*,*,#3911,.T.);
#9049 = ORIENTED_EDGE('',*,*,#9009,.F.);
#9050 = ORIENTED_EDGE('',*,*,#753,.F.);
#9051 = PLANE('',#9052);
#9052 = AXIS2_PLACEMENT_3D('',#9053,#9054,#9055);
#9053 = CARTESIAN_POINT('',(12.308441,-4.252831,0.));
#9054 = DIRECTION('',(0.591571709105,0.806252387895,-0.));
#9055 = DIRECTION('',(0.806252387895,-0.591571709105,0.));
#9056 = ADVANCED_FACE('',(#9057),#9068,.T.);
#9057 = FACE_BOUND('',#9058,.T.);
#9058 = EDGE_LOOP('',(#9059,#9060,#9061,#9067));
#9059 = ORIENTED_EDGE('',*,*,#9028,.T.);
#9060 = ORIENTED_EDGE('',*,*,#5314,.T.);
#9061 = ORIENTED_EDGE('',*,*,#9062,.F.);
#9062 = EDGE_CURVE('',#2149,#5307,#9063,.T.);
#9063 = LINE('',#9064,#9065);
#9064 = CARTESIAN_POINT('',(94.917748,-86.130147,0.));
#9065 = VECTOR('',#9066,1.);
#9066 = DIRECTION('',(0.,0.,1.));
#9067 = ORIENTED_EDGE('',*,*,#2156,.F.);
#9068 = PLANE('',#9069);
#9069 = AXIS2_PLACEMENT_3D('',#9070,#9071,#9072);
#9070 = CARTESIAN_POINT('',(93.71239,-84.267811,0.));
#9071 = DIRECTION('',(0.839504963833,0.543352018216,-0.));
#9072 = DIRECTION('',(0.543352018216,-0.839504963833,0.));
#9073 = ADVANCED_FACE('',(#9074),#9085,.T.);
#9074 = FACE_BOUND('',#9075,.T.);
#9075 = EDGE_LOOP('',(#9076,#9082,#9083,#9084));
#9076 = ORIENTED_EDGE('',*,*,#9077,.T.);
#9077 = EDGE_CURVE('',#762,#3920,#9078,.T.);
#9078 = LINE('',#9079,#9080);
#9079 = CARTESIAN_POINT('',(11.337004,-3.527205,0.));
#9080 = VECTOR('',#9081,1.);
#9081 = DIRECTION('',(0.,0.,1.));
#9082 = ORIENTED_EDGE('',*,*,#3919,.T.);
#9083 = ORIENTED_EDGE('',*,*,#9043,.F.);
#9084 = ORIENTED_EDGE('',*,*,#761,.F.);
#9085 = PLANE('',#9086);
#9086 = AXIS2_PLACEMENT_3D('',#9087,#9088,#9089);
#9087 = CARTESIAN_POINT('',(11.337004,-3.527205,0.));
#9088 = DIRECTION('',(0.598440860391,0.801166984226,-0.));
#9089 = DIRECTION('',(0.801166984226,-0.598440860391,0.));
#9090 = ADVANCED_FACE('',(#9091),#9102,.T.);
#9091 = FACE_BOUND('',#9092,.T.);
#9092 = EDGE_LOOP('',(#9093,#9094,#9095,#9101));
#9093 = ORIENTED_EDGE('',*,*,#9062,.T.);
#9094 = ORIENTED_EDGE('',*,*,#5306,.T.);
#9095 = ORIENTED_EDGE('',*,*,#9096,.F.);
#9096 = EDGE_CURVE('',#2141,#5299,#9097,.T.);
#9097 = LINE('',#9098,#9099);
#9098 = CARTESIAN_POINT('',(96.195712,-88.030787,0.));
#9099 = VECTOR('',#9100,1.);
#9100 = DIRECTION('',(0.,0.,1.));
#9101 = ORIENTED_EDGE('',*,*,#2148,.F.);
#9102 = PLANE('',#9103);
#9103 = AXIS2_PLACEMENT_3D('',#9104,#9105,#9106);
#9104 = CARTESIAN_POINT('',(94.917748,-86.130147,0.));
#9105 = DIRECTION('',(0.82985319387,0.557981788793,-0.));
#9106 = DIRECTION('',(0.557981788793,-0.82985319387,0.));
#9107 = ADVANCED_FACE('',(#9108),#9119,.T.);
#9108 = FACE_BOUND('',#9109,.T.);
#9109 = EDGE_LOOP('',(#9110,#9116,#9117,#9118));
#9110 = ORIENTED_EDGE('',*,*,#9111,.T.);
#9111 = EDGE_CURVE('',#770,#3928,#9112,.T.);
#9112 = LINE('',#9113,#9114);
#9113 = CARTESIAN_POINT('',(10.35965,-2.784348,0.));
#9114 = VECTOR('',#9115,1.);
#9115 = DIRECTION('',(0.,0.,1.));
#9116 = ORIENTED_EDGE('',*,*,#3927,.T.);
#9117 = ORIENTED_EDGE('',*,*,#9077,.F.);
#9118 = ORIENTED_EDGE('',*,*,#769,.F.);
#9119 = PLANE('',#9120);
#9120 = AXIS2_PLACEMENT_3D('',#9121,#9122,#9123);
#9121 = CARTESIAN_POINT('',(10.35965,-2.784348,0.));
#9122 = DIRECTION('',(0.605118357609,0.796135524445,-0.));
#9123 = DIRECTION('',(0.796135524445,-0.605118357609,0.));
#9124 = ADVANCED_FACE('',(#9125),#9136,.T.);
#9125 = FACE_BOUND('',#9126,.T.);
#9126 = EDGE_LOOP('',(#9127,#9128,#9129,#9135));
#9127 = ORIENTED_EDGE('',*,*,#9096,.T.);
#9128 = ORIENTED_EDGE('',*,*,#5298,.T.);
#9129 = ORIENTED_EDGE('',*,*,#9130,.F.);
#9130 = EDGE_CURVE('',#2133,#5291,#9131,.T.);
#9131 = LINE('',#9132,#9133);
#9132 = CARTESIAN_POINT('',(97.549106,-89.97167,0.));
#9133 = VECTOR('',#9134,1.);
#9134 = DIRECTION('',(0.,0.,1.));
#9135 = ORIENTED_EDGE('',*,*,#2140,.F.);
#9136 = PLANE('',#9137);
#9137 = AXIS2_PLACEMENT_3D('',#9138,#9139,#9140);
#9138 = CARTESIAN_POINT('',(96.195712,-88.030787,0.));
#9139 = DIRECTION('',(0.820267821205,0.571979633812,-0.));
#9140 = DIRECTION('',(0.571979633812,-0.820267821205,0.));
#9141 = ADVANCED_FACE('',(#9142),#9153,.T.);
#9142 = FACE_BOUND('',#9143,.T.);
#9143 = EDGE_LOOP('',(#9144,#9150,#9151,#9152));
#9144 = ORIENTED_EDGE('',*,*,#9145,.T.);
#9145 = EDGE_CURVE('',#778,#3936,#9146,.T.);
#9146 = LINE('',#9147,#9148);
#9147 = CARTESIAN_POINT('',(9.355594,-2.008157,0.));
#9148 = VECTOR('',#9149,1.);
#9149 = DIRECTION('',(0.,0.,1.));
#9150 = ORIENTED_EDGE('',*,*,#3935,.T.);
#9151 = ORIENTED_EDGE('',*,*,#9111,.F.);
#9152 = ORIENTED_EDGE('',*,*,#777,.F.);
#9153 = PLANE('',#9154);
#9154 = AXIS2_PLACEMENT_3D('',#9155,#9156,#9157);
#9155 = CARTESIAN_POINT('',(9.355594,-2.008157,0.));
#9156 = DIRECTION('',(0.611610075694,0.791159348873,-0.));
#9157 = DIRECTION('',(0.791159348873,-0.611610075694,0.));
#9158 = ADVANCED_FACE('',(#9159),#9170,.T.);
#9159 = FACE_BOUND('',#9160,.T.);
#9160 = EDGE_LOOP('',(#9161,#9162,#9163,#9169));
#9161 = ORIENTED_EDGE('',*,*,#9130,.T.);
#9162 = ORIENTED_EDGE('',*,*,#5290,.T.);
#9163 = ORIENTED_EDGE('',*,*,#9164,.F.);
#9164 = EDGE_CURVE('',#2124,#5282,#9165,.T.);
#9165 = LINE('',#9166,#9167);
#9166 = CARTESIAN_POINT('',(98.630909,-91.476204,0.));
#9167 = VECTOR('',#9168,1.);
#9168 = DIRECTION('',(0.,0.,1.));
#9169 = ORIENTED_EDGE('',*,*,#2132,.F.);
#9170 = PLANE('',#9171);
#9171 = AXIS2_PLACEMENT_3D('',#9172,#9173,#9174);
#9172 = CARTESIAN_POINT('',(97.549106,-89.97167,0.));
#9173 = DIRECTION('',(0.811908151524,0.583785194647,-0.));
#9174 = DIRECTION('',(0.583785194647,-0.811908151524,0.));
#9175 = ADVANCED_FACE('',(#9176),#9187,.T.);
#9176 = FACE_BOUND('',#9177,.T.);
#9177 = EDGE_LOOP('',(#9178,#9184,#9185,#9186));
#9178 = ORIENTED_EDGE('',*,*,#9179,.T.);
#9179 = EDGE_CURVE('',#786,#3944,#9180,.T.);
#9180 = LINE('',#9181,#9182);
#9181 = CARTESIAN_POINT('',(8.345081,-1.213986,0.));
#9182 = VECTOR('',#9183,1.);
#9183 = DIRECTION('',(0.,0.,1.));
#9184 = ORIENTED_EDGE('',*,*,#3943,.T.);
#9185 = ORIENTED_EDGE('',*,*,#9145,.F.);
#9186 = ORIENTED_EDGE('',*,*,#785,.F.);
#9187 = PLANE('',#9188);
#9188 = AXIS2_PLACEMENT_3D('',#9189,#9190,#9191);
#9189 = CARTESIAN_POINT('',(8.345081,-1.213986,0.));
#9190 = DIRECTION('',(0.617916078594,0.786244058683,-0.));
#9191 = DIRECTION('',(0.786244058683,-0.617916078594,0.));
#9192 = ADVANCED_FACE('',(#9193),#9204,.T.);
#9193 = FACE_BOUND('',#9194,.T.);
#9194 = EDGE_LOOP('',(#9195,#9196,#9197,#9203));
#9195 = ORIENTED_EDGE('',*,*,#9164,.T.);
#9196 = ORIENTED_EDGE('',*,*,#5281,.T.);
#9197 = ORIENTED_EDGE('',*,*,#9198,.F.);
#9198 = EDGE_CURVE('',#2116,#5274,#9199,.T.);
#9199 = LINE('',#9200,#9201);
#9200 = CARTESIAN_POINT('',(91.455332,-98.786011,0.));
#9201 = VECTOR('',#9202,1.);
#9202 = DIRECTION('',(0.,0.,1.));
#9203 = ORIENTED_EDGE('',*,*,#2123,.F.);
#9204 = CYLINDRICAL_SURFACE('',#9205,5.200209687481);
#9205 = AXIS2_PLACEMENT_3D('',#9206,#9207,#9208);
#9206 = CARTESIAN_POINT('',(94.4002069173,-94.49999974065,0.));
#9207 = DIRECTION('',(0.,0.,-1.));
#9208 = DIRECTION('',(0.813563747801,0.581475733168,0.));
#9209 = ADVANCED_FACE('',(#9210),#9221,.T.);
#9210 = FACE_BOUND('',#9211,.T.);
#9211 = EDGE_LOOP('',(#9212,#9218,#9219,#9220));
#9212 = ORIENTED_EDGE('',*,*,#9213,.T.);
#9213 = EDGE_CURVE('',#794,#3952,#9214,.T.);
#9214 = LINE('',#9215,#9216);
#9215 = CARTESIAN_POINT('',(1.169503,-8.523795,0.));
#9216 = VECTOR('',#9217,1.);
#9217 = DIRECTION('',(0.,0.,1.));
#9218 = ORIENTED_EDGE('',*,*,#3951,.T.);
#9219 = ORIENTED_EDGE('',*,*,#9179,.F.);
#9220 = ORIENTED_EDGE('',*,*,#793,.F.);
#9221 = CYLINDRICAL_SURFACE('',#9222,5.200211176412);
#9222 = AXIS2_PLACEMENT_3D('',#9223,#9224,#9225);
#9223 = CARTESIAN_POINT('',(5.400207442145,-5.499999999922,0.));
#9224 = DIRECTION('',(0.,0.,-1.));
#9225 = DIRECTION('',(-0.813563968582,-0.581475424266,-0.));
#9226 = ADVANCED_FACE('',(#9227),#9238,.T.);
#9227 = FACE_BOUND('',#9228,.T.);
#9228 = EDGE_LOOP('',(#9229,#9230,#9231,#9237));
#9229 = ORIENTED_EDGE('',*,*,#9198,.T.);
#9230 = ORIENTED_EDGE('',*,*,#5273,.T.);
#9231 = ORIENTED_EDGE('',*,*,#9232,.F.);
#9232 = EDGE_CURVE('',#2108,#5266,#9233,.T.);
#9233 = LINE('',#9234,#9235);
#9234 = CARTESIAN_POINT('',(90.658181,-98.081813,0.));
#9235 = VECTOR('',#9236,1.);
#9236 = DIRECTION('',(0.,0.,1.));
#9237 = ORIENTED_EDGE('',*,*,#2115,.F.);
#9238 = PLANE('',#9239);
#9239 = AXIS2_PLACEMENT_3D('',#9240,#9241,#9242);
#9240 = CARTESIAN_POINT('',(91.455332,-98.786011,0.));
#9241 = DIRECTION('',(-0.662059992344,-0.74945084331,0.));
#9242 = DIRECTION('',(-0.74945084331,0.662059992344,0.));
#9243 = ADVANCED_FACE('',(#9244),#9255,.T.);
#9244 = FACE_BOUND('',#9245,.T.);
#9245 = EDGE_LOOP('',(#9246,#9252,#9253,#9254));
#9246 = ORIENTED_EDGE('',*,*,#9247,.T.);
#9247 = EDGE_CURVE('',#803,#3961,#9248,.T.);
#9248 = LINE('',#9249,#9250);
#9249 = CARTESIAN_POINT('',(1.875484,-9.469801,0.));
#9250 = VECTOR('',#9251,1.);
#9251 = DIRECTION('',(0.,0.,1.));
#9252 = ORIENTED_EDGE('',*,*,#3960,.T.);
#9253 = ORIENTED_EDGE('',*,*,#9213,.F.);
#9254 = ORIENTED_EDGE('',*,*,#802,.F.);
#9255 = PLANE('',#9256);
#9256 = AXIS2_PLACEMENT_3D('',#9257,#9258,#9259);
#9257 = CARTESIAN_POINT('',(1.875484,-9.469801,0.));
#9258 = DIRECTION('',(-0.801430525325,-0.598087880731,0.));
#9259 = DIRECTION('',(-0.598087880731,0.801430525325,0.));
#9260 = ADVANCED_FACE('',(#9261),#9272,.T.);
#9261 = FACE_BOUND('',#9262,.T.);
#9262 = EDGE_LOOP('',(#9263,#9264,#9265,#9271));
#9263 = ORIENTED_EDGE('',*,*,#9232,.T.);
#9264 = ORIENTED_EDGE('',*,*,#5265,.T.);
#9265 = ORIENTED_EDGE('',*,*,#9266,.F.);
#9266 = EDGE_CURVE('',#2100,#5258,#9267,.T.);
#9267 = LINE('',#9268,#9269);
#9268 = CARTESIAN_POINT('',(89.86191,-97.391842,0.));
#9269 = VECTOR('',#9270,1.);
#9270 = DIRECTION('',(0.,0.,1.));
#9271 = ORIENTED_EDGE('',*,*,#2107,.F.);
#9272 = PLANE('',#9273);
#9273 = AXIS2_PLACEMENT_3D('',#9274,#9275,#9276);
#9274 = CARTESIAN_POINT('',(90.658181,-98.081813,0.));
#9275 = DIRECTION('',(-0.654859785749,-0.75575039597,0.));
#9276 = DIRECTION('',(-0.75575039597,0.654859785749,0.));
#9277 = ADVANCED_FACE('',(#9278),#9289,.T.);
#9278 = FACE_BOUND('',#9279,.T.);
#9279 = EDGE_LOOP('',(#9280,#9286,#9287,#9288));
#9280 = ORIENTED_EDGE('',*,*,#9281,.T.);
#9281 = EDGE_CURVE('',#811,#3969,#9282,.T.);
#9282 = LINE('',#9283,#9284);
#9283 = CARTESIAN_POINT('',(3.279733,-11.39972,0.));
#9284 = VECTOR('',#9285,1.);
#9285 = DIRECTION('',(0.,0.,1.));
#9286 = ORIENTED_EDGE('',*,*,#3968,.T.);
#9287 = ORIENTED_EDGE('',*,*,#9247,.F.);
#9288 = ORIENTED_EDGE('',*,*,#810,.F.);
#9289 = PLANE('',#9290);
#9290 = AXIS2_PLACEMENT_3D('',#9291,#9292,#9293);
#9291 = CARTESIAN_POINT('',(3.279733,-11.39972,0.));
#9292 = DIRECTION('',(-0.808602224512,-0.588355710871,0.));
#9293 = DIRECTION('',(-0.588355710871,0.808602224512,0.));
#9294 = ADVANCED_FACE('',(#9295),#9306,.T.);
#9295 = FACE_BOUND('',#9296,.T.);
#9296 = EDGE_LOOP('',(#9297,#9298,#9299,#9305));
#9297 = ORIENTED_EDGE('',*,*,#9266,.T.);
#9298 = ORIENTED_EDGE('',*,*,#5257,.T.);
#9299 = ORIENTED_EDGE('',*,*,#9300,.F.);
#9300 = EDGE_CURVE('',#2092,#5250,#9301,.T.);
#9301 = LINE('',#9302,#9303);
#9302 = CARTESIAN_POINT('',(89.076415,-96.724462,0.));
#9303 = VECTOR('',#9304,1.);
#9304 = DIRECTION('',(0.,0.,1.));
#9305 = ORIENTED_EDGE('',*,*,#2099,.F.);
#9306 = PLANE('',#9307);
#9307 = AXIS2_PLACEMENT_3D('',#9308,#9309,#9310);
#9308 = CARTESIAN_POINT('',(89.86191,-97.391842,0.));
#9309 = DIRECTION('',(-0.647484641763,-0.762078499028,0.));
#9310 = DIRECTION('',(-0.762078499028,0.647484641763,0.));
#9311 = ADVANCED_FACE('',(#9312),#9323,.T.);
#9312 = FACE_BOUND('',#9313,.T.);
#9313 = EDGE_LOOP('',(#9314,#9320,#9321,#9322));
#9314 = ORIENTED_EDGE('',*,*,#9315,.T.);
#9315 = EDGE_CURVE('',#819,#3977,#9316,.T.);
#9316 = LINE('',#9317,#9318);
#9317 = CARTESIAN_POINT('',(4.606628,-13.289333,0.));
#9318 = VECTOR('',#9319,1.);
#9319 = DIRECTION('',(0.,0.,1.));
#9320 = ORIENTED_EDGE('',*,*,#3976,.T.);
#9321 = ORIENTED_EDGE('',*,*,#9281,.F.);
#9322 = ORIENTED_EDGE('',*,*,#818,.F.);
#9323 = PLANE('',#9324);
#9324 = AXIS2_PLACEMENT_3D('',#9325,#9326,#9327);
#9325 = CARTESIAN_POINT('',(4.606628,-13.289333,0.));
#9326 = DIRECTION('',(-0.818383399058,-0.574672613013,0.));
#9327 = DIRECTION('',(-0.574672613013,0.818383399058,0.));
#9328 = ADVANCED_FACE('',(#9329),#9340,.T.);
#9329 = FACE_BOUND('',#9330,.T.);
#9330 = EDGE_LOOP('',(#9331,#9332,#9333,#9339));
#9331 = ORIENTED_EDGE('',*,*,#9300,.T.);
#9332 = ORIENTED_EDGE('',*,*,#5249,.T.);
#9333 = ORIENTED_EDGE('',*,*,#9334,.F.);
#9334 = EDGE_CURVE('',#2084,#5242,#9335,.T.);
#9335 = LINE('',#9336,#9337);
#9336 = CARTESIAN_POINT('',(88.291686,-96.070954,0.));
#9337 = VECTOR('',#9338,1.);
#9338 = DIRECTION('',(0.,0.,1.));
#9339 = ORIENTED_EDGE('',*,*,#2091,.F.);
#9340 = PLANE('',#9341);
#9341 = AXIS2_PLACEMENT_3D('',#9342,#9343,#9344);
#9342 = CARTESIAN_POINT('',(89.076415,-96.724462,0.));
#9343 = DIRECTION('',(-0.639934228809,-0.768429686307,0.));
#9344 = DIRECTION('',(-0.768429686307,0.639934228809,0.));
#9345 = ADVANCED_FACE('',(#9346),#9357,.T.);
#9346 = FACE_BOUND('',#9347,.T.);
#9347 = EDGE_LOOP('',(#9348,#9354,#9355,#9356));
#9348 = ORIENTED_EDGE('',*,*,#9349,.T.);
#9349 = EDGE_CURVE('',#827,#3985,#9350,.T.);
#9350 = LINE('',#9351,#9352);
#9351 = CARTESIAN_POINT('',(5.859084,-15.140561,0.));
#9352 = VECTOR('',#9353,1.);
#9353 = DIRECTION('',(0.,0.,1.));
#9354 = ORIENTED_EDGE('',*,*,#3984,.T.);
#9355 = ORIENTED_EDGE('',*,*,#9315,.F.);
#9356 = ORIENTED_EDGE('',*,*,#826,.F.);
#9357 = PLANE('',#9358);
#9358 = AXIS2_PLACEMENT_3D('',#9359,#9360,#9361);
#9359 = CARTESIAN_POINT('',(5.859084,-15.140561,0.));
#9360 = DIRECTION('',(-0.828251288782,-0.560356852934,0.));
#9361 = DIRECTION('',(-0.560356852934,0.828251288782,0.));
#9362 = ADVANCED_FACE('',(#9363),#9374,.T.);
#9363 = FACE_BOUND('',#9364,.T.);
#9364 = EDGE_LOOP('',(#9365,#9366,#9367,#9373));
#9365 = ORIENTED_EDGE('',*,*,#9334,.T.);
#9366 = ORIENTED_EDGE('',*,*,#5241,.T.);
#9367 = ORIENTED_EDGE('',*,*,#9368,.F.);
#9368 = EDGE_CURVE('',#2076,#5234,#9369,.T.);
#9369 = LINE('',#9370,#9371);
#9370 = CARTESIAN_POINT('',(87.517184,-95.438996,0.));
#9371 = VECTOR('',#9372,1.);
#9372 = DIRECTION('',(0.,0.,1.));
#9373 = ORIENTED_EDGE('',*,*,#2083,.F.);
#9374 = PLANE('',#9375);
#9375 = AXIS2_PLACEMENT_3D('',#9376,#9377,#9378);
#9376 = CARTESIAN_POINT('',(88.291686,-96.070954,0.));
#9377 = DIRECTION('',(-0.632203259693,-0.774802580296,0.));
#9378 = DIRECTION('',(-0.774802580296,0.632203259693,0.));
#9379 = ADVANCED_FACE('',(#9380),#9391,.T.);
#9380 = FACE_BOUND('',#9381,.T.);
#9381 = EDGE_LOOP('',(#9382,#9388,#9389,#9390));
#9382 = ORIENTED_EDGE('',*,*,#9383,.T.);
#9383 = EDGE_CURVE('',#835,#3993,#9384,.T.);
#9384 = LINE('',#9385,#9386);
#9385 = CARTESIAN_POINT('',(7.039862,-16.955237,0.));
#9386 = VECTOR('',#9387,1.);
#9387 = DIRECTION('',(0.,0.,1.));
#9388 = ORIENTED_EDGE('',*,*,#3992,.T.);
#9389 = ORIENTED_EDGE('',*,*,#9349,.F.);
#9390 = ORIENTED_EDGE('',*,*,#834,.F.);
#9391 = PLANE('',#9392);
#9392 = AXIS2_PLACEMENT_3D('',#9393,#9394,#9395);
#9393 = CARTESIAN_POINT('',(7.039862,-16.955237,0.));
#9394 = DIRECTION('',(-0.838182104277,-0.545390465694,0.));
#9395 = DIRECTION('',(-0.545390465694,0.838182104277,0.));
#9396 = ADVANCED_FACE('',(#9397),#9408,.T.);
#9397 = FACE_BOUND('',#9398,.T.);
#9398 = EDGE_LOOP('',(#9399,#9400,#9401,#9407));
#9399 = ORIENTED_EDGE('',*,*,#9368,.T.);
#9400 = ORIENTED_EDGE('',*,*,#5233,.T.);
#9401 = ORIENTED_EDGE('',*,*,#9402,.F.);
#9402 = EDGE_CURVE('',#2068,#5226,#9403,.T.);
#9403 = LINE('',#9404,#9405);
#9404 = CARTESIAN_POINT('',(86.743339,-94.820577,0.));
#9405 = VECTOR('',#9406,1.);
#9406 = DIRECTION('',(0.,0.,1.));
#9407 = ORIENTED_EDGE('',*,*,#2075,.F.);
#9408 = PLANE('',#9409);
#9409 = AXIS2_PLACEMENT_3D('',#9410,#9411,#9412);
#9410 = CARTESIAN_POINT('',(87.517184,-95.438996,0.));
#9411 = DIRECTION('',(-0.624290550449,-0.781192235381,0.));
#9412 = DIRECTION('',(-0.781192235381,0.624290550449,0.));
#9413 = ADVANCED_FACE('',(#9414),#9425,.T.);
#9414 = FACE_BOUND('',#9415,.T.);
#9415 = EDGE_LOOP('',(#9416,#9422,#9423,#9424));
#9416 = ORIENTED_EDGE('',*,*,#9417,.T.);
#9417 = EDGE_CURVE('',#843,#4001,#9418,.T.);
#9418 = LINE('',#9419,#9420);
#9419 = CARTESIAN_POINT('',(8.151572,-18.735111,0.));
#9420 = VECTOR('',#9421,1.);
#9421 = DIRECTION('',(0.,0.,1.));
#9422 = ORIENTED_EDGE('',*,*,#4000,.T.);
#9423 = ORIENTED_EDGE('',*,*,#9383,.F.);
#9424 = ORIENTED_EDGE('',*,*,#842,.F.);
#9425 = PLANE('',#9426);
#9426 = AXIS2_PLACEMENT_3D('',#9427,#9428,#9429);
#9427 = CARTESIAN_POINT('',(8.151572,-18.735111,0.));
#9428 = DIRECTION('',(-0.848150595661,-0.529755195425,0.));
#9429 = DIRECTION('',(-0.529755195425,0.848150595661,0.));
#9430 = ADVANCED_FACE('',(#9431),#9442,.T.);
#9431 = FACE_BOUND('',#9432,.T.);
#9432 = EDGE_LOOP('',(#9433,#9434,#9435,#9441));
#9433 = ORIENTED_EDGE('',*,*,#9402,.T.);
#9434 = ORIENTED_EDGE('',*,*,#5225,.T.);
#9435 = ORIENTED_EDGE('',*,*,#9436,.F.);
#9436 = EDGE_CURVE('',#2060,#5218,#9437,.T.);
#9437 = LINE('',#9438,#9439);
#9438 = CARTESIAN_POINT('',(85.97919,-94.222724,0.));
#9439 = VECTOR('',#9440,1.);
#9440 = DIRECTION('',(0.,0.,1.));
#9441 = ORIENTED_EDGE('',*,*,#2067,.F.);
#9442 = PLANE('',#9443);
#9443 = AXIS2_PLACEMENT_3D('',#9444,#9445,#9446);
#9444 = CARTESIAN_POINT('',(86.743339,-94.820577,0.));
#9445 = DIRECTION('',(-0.616195340847,-0.787593360764,0.));
#9446 = DIRECTION('',(-0.787593360764,0.616195340847,0.));
#9447 = ADVANCED_FACE('',(#9448),#9459,.T.);
#9448 = FACE_BOUND('',#9449,.T.);
#9449 = EDGE_LOOP('',(#9450,#9456,#9457,#9458));
#9450 = ORIENTED_EDGE('',*,*,#9451,.T.);
#9451 = EDGE_CURVE('',#851,#4009,#9452,.T.);
#9452 = LINE('',#9453,#9454);
#9453 = CARTESIAN_POINT('',(9.196683,-20.481864,0.));
#9454 = VECTOR('',#9455,1.);
#9455 = DIRECTION('',(0.,0.,1.));
#9456 = ORIENTED_EDGE('',*,*,#4008,.T.);
#9457 = ORIENTED_EDGE('',*,*,#9417,.F.);
#9458 = ORIENTED_EDGE('',*,*,#850,.F.);
#9459 = PLANE('',#9460);
#9460 = AXIS2_PLACEMENT_3D('',#9461,#9462,#9463);
#9461 = CARTESIAN_POINT('',(9.196683,-20.481864,0.));
#9462 = DIRECTION('',(-0.858129648886,-0.513433058639,0.));
#9463 = DIRECTION('',(-0.513433058639,0.858129648886,0.));
#9464 = ADVANCED_FACE('',(#9465),#9476,.T.);
#9465 = FACE_BOUND('',#9466,.T.);
#9466 = EDGE_LOOP('',(#9467,#9468,#9469,#9475));
#9467 = ORIENTED_EDGE('',*,*,#9436,.T.);
#9468 = ORIENTED_EDGE('',*,*,#5217,.T.);
#9469 = ORIENTED_EDGE('',*,*,#9470,.F.);
#9470 = EDGE_CURVE('',#2052,#5210,#9471,.T.);
#9471 = LINE('',#9472,#9473);
#9472 = CARTESIAN_POINT('',(85.215596,-93.638094,0.));
#9473 = VECTOR('',#9474,1.);
#9474 = DIRECTION('',(0.,0.,1.));
#9475 = ORIENTED_EDGE('',*,*,#2059,.F.);
#9476 = PLANE('',#9477);
#9477 = AXIS2_PLACEMENT_3D('',#9478,#9479,#9480);
#9478 = CARTESIAN_POINT('',(85.97919,-94.222724,0.));
#9479 = DIRECTION('',(-0.607912694717,-0.794003876314,0.));
#9480 = DIRECTION('',(-0.794003876314,0.607912694717,0.));
#9481 = ADVANCED_FACE('',(#9482),#9493,.T.);
#9482 = FACE_BOUND('',#9483,.T.);
#9483 = EDGE_LOOP('',(#9484,#9490,#9491,#9492));
#9484 = ORIENTED_EDGE('',*,*,#9485,.T.);
#9485 = EDGE_CURVE('',#859,#4017,#9486,.T.);
#9486 = LINE('',#9487,#9488);
#9487 = CARTESIAN_POINT('',(10.177533,-22.197107,0.));
#9488 = VECTOR('',#9489,1.);
#9489 = DIRECTION('',(0.,0.,1.));
#9490 = ORIENTED_EDGE('',*,*,#4016,.T.);
#9491 = ORIENTED_EDGE('',*,*,#9451,.F.);
#9492 = ORIENTED_EDGE('',*,*,#858,.F.);
#9493 = PLANE('',#9494);
#9494 = AXIS2_PLACEMENT_3D('',#9495,#9496,#9497);
#9495 = CARTESIAN_POINT('',(10.177533,-22.197107,0.));
#9496 = DIRECTION('',(-0.868088061198,-0.496410231568,0.));
#9497 = DIRECTION('',(-0.496410231568,0.868088061198,0.));
#9498 = ADVANCED_FACE('',(#9499),#9510,.T.);
#9499 = FACE_BOUND('',#9500,.T.);
#9500 = EDGE_LOOP('',(#9501,#9502,#9503,#9509));
#9501 = ORIENTED_EDGE('',*,*,#9470,.T.);
#9502 = ORIENTED_EDGE('',*,*,#5209,.T.);
#9503 = ORIENTED_EDGE('',*,*,#9504,.F.);
#9504 = EDGE_CURVE('',#2044,#5202,#9505,.T.);
#9505 = LINE('',#9506,#9507);
#9506 = CARTESIAN_POINT('',(84.461183,-93.073104,0.));
#9507 = VECTOR('',#9508,1.);
#9508 = DIRECTION('',(0.,0.,1.));
#9509 = ORIENTED_EDGE('',*,*,#2051,.F.);
#9510 = PLANE('',#9511);
#9511 = AXIS2_PLACEMENT_3D('',#9512,#9513,#9514);
#9512 = CARTESIAN_POINT('',(85.215596,-93.638094,0.));
#9513 = DIRECTION('',(-0.599443222093,-0.800417280852,0.));
#9514 = DIRECTION('',(-0.800417280852,0.599443222093,0.));
#9515 = ADVANCED_FACE('',(#9516),#9527,.T.);
#9516 = FACE_BOUND('',#9517,.T.);
#9517 = EDGE_LOOP('',(#9518,#9524,#9525,#9526));
#9518 = ORIENTED_EDGE('',*,*,#9519,.T.);
#9519 = EDGE_CURVE('',#867,#4025,#9520,.T.);
#9520 = LINE('',#9521,#9522);
#9521 = CARTESIAN_POINT('',(11.09633,-23.882392,0.));
#9522 = VECTOR('',#9523,1.);
#9523 = DIRECTION('',(0.,0.,1.));
#9524 = ORIENTED_EDGE('',*,*,#4024,.T.);
#9525 = ORIENTED_EDGE('',*,*,#9485,.F.);
#9526 = ORIENTED_EDGE('',*,*,#866,.F.);
#9527 = PLANE('',#9528);
#9528 = AXIS2_PLACEMENT_3D('',#9529,#9530,#9531);
#9529 = CARTESIAN_POINT('',(11.09633,-23.882392,0.));
#9530 = DIRECTION('',(-0.877993969167,-0.478671693446,0.));
#9531 = DIRECTION('',(-0.478671693446,0.877993969167,0.));
#9532 = ADVANCED_FACE('',(#9533),#9544,.T.);
#9533 = FACE_BOUND('',#9534,.T.);
#9534 = EDGE_LOOP('',(#9535,#9536,#9537,#9543));
#9535 = ORIENTED_EDGE('',*,*,#9504,.T.);
#9536 = ORIENTED_EDGE('',*,*,#5201,.T.);
#9537 = ORIENTED_EDGE('',*,*,#9538,.F.);
#9538 = EDGE_CURVE('',#2036,#5194,#9539,.T.);
#9539 = LINE('',#9540,#9541);
#9540 = CARTESIAN_POINT('',(83.70723,-92.521037,0.));
#9541 = VECTOR('',#9542,1.);
#9542 = DIRECTION('',(0.,0.,1.));
#9543 = ORIENTED_EDGE('',*,*,#2043,.F.);
#9544 = PLANE('',#9545);
#9545 = AXIS2_PLACEMENT_3D('',#9546,#9547,#9548);
#9546 = CARTESIAN_POINT('',(84.461183,-93.073104,0.));
#9547 = DIRECTION('',(-0.590784619271,-0.806829308858,0.));
#9548 = DIRECTION('',(-0.806829308858,0.590784619271,0.));
#9549 = ADVANCED_FACE('',(#9550),#9561,.T.);
#9550 = FACE_BOUND('',#9551,.T.);
#9551 = EDGE_LOOP('',(#9552,#9558,#9559,#9560));
#9552 = ORIENTED_EDGE('',*,*,#9553,.T.);
#9553 = EDGE_CURVE('',#875,#4033,#9554,.T.);
#9554 = LINE('',#9555,#9556);
#9555 = CARTESIAN_POINT('',(11.955163,-25.539217,0.));
#9556 = VECTOR('',#9557,1.);
#9557 = DIRECTION('',(0.,0.,1.));
#9558 = ORIENTED_EDGE('',*,*,#4032,.T.);
#9559 = ORIENTED_EDGE('',*,*,#9519,.F.);
#9560 = ORIENTED_EDGE('',*,*,#874,.F.);
#9561 = PLANE('',#9562);
#9562 = AXIS2_PLACEMENT_3D('',#9563,#9564,#9565);
#9563 = CARTESIAN_POINT('',(11.955163,-25.539217,0.));
#9564 = DIRECTION('',(-0.887811774353,-0.460206750624,0.));
#9565 = DIRECTION('',(-0.460206750624,0.887811774353,0.));
#9566 = ADVANCED_FACE('',(#9567),#9578,.T.);
#9567 = FACE_BOUND('',#9568,.T.);
#9568 = EDGE_LOOP('',(#9569,#9570,#9571,#9577));
#9569 = ORIENTED_EDGE('',*,*,#9538,.T.);
#9570 = ORIENTED_EDGE('',*,*,#5193,.T.);
#9571 = ORIENTED_EDGE('',*,*,#9572,.F.);
#9572 = EDGE_CURVE('',#2028,#5186,#9573,.T.);
#9573 = LINE('',#9574,#9575);
#9574 = CARTESIAN_POINT('',(82.961957,-91.987735,0.));
#9575 = VECTOR('',#9576,1.);
#9576 = DIRECTION('',(0.,0.,1.));
#9577 = ORIENTED_EDGE('',*,*,#2035,.F.);
#9578 = PLANE('',#9579);
#9579 = AXIS2_PLACEMENT_3D('',#9580,#9581,#9582);
#9580 = CARTESIAN_POINT('',(83.70723,-92.521037,0.));
#9581 = DIRECTION('',(-0.58193461803,-0.813235574934,0.));
#9582 = DIRECTION('',(-0.813235574934,0.58193461803,0.));
#9583 = ADVANCED_FACE('',(#9584),#9595,.T.);
#9584 = FACE_BOUND('',#9585,.T.);
#9585 = EDGE_LOOP('',(#9586,#9592,#9593,#9594));
#9586 = ORIENTED_EDGE('',*,*,#9587,.T.);
#9587 = EDGE_CURVE('',#883,#4041,#9588,.T.);
#9588 = LINE('',#9589,#9590);
#9589 = CARTESIAN_POINT('',(12.756,-27.16903,0.));
#9590 = VECTOR('',#9591,1.);
#9591 = DIRECTION('',(0.,0.,1.));
#9592 = ORIENTED_EDGE('',*,*,#4040,.T.);
#9593 = ORIENTED_EDGE('',*,*,#9553,.F.);
#9594 = ORIENTED_EDGE('',*,*,#882,.F.);
#9595 = PLANE('',#9596);
#9596 = AXIS2_PLACEMENT_3D('',#9597,#9598,#9599);
#9597 = CARTESIAN_POINT('',(12.756,-27.16903,0.));
#9598 = DIRECTION('',(-0.897504829253,-0.441004627491,0.));
#9599 = DIRECTION('',(-0.441004627491,0.897504829253,0.));
#9600 = ADVANCED_FACE('',(#9601),#9612,.T.);
#9601 = FACE_BOUND('',#9602,.T.);
#9602 = EDGE_LOOP('',(#9603,#9604,#9605,#9611));
#9603 = ORIENTED_EDGE('',*,*,#9572,.T.);
#9604 = ORIENTED_EDGE('',*,*,#5185,.T.);
#9605 = ORIENTED_EDGE('',*,*,#9606,.F.);
#9606 = EDGE_CURVE('',#2020,#5178,#9607,.T.);
#9607 = LINE('',#9608,#9609);
#9608 = CARTESIAN_POINT('',(82.217054,-91.467075,0.));
#9609 = VECTOR('',#9610,1.);
#9610 = DIRECTION('',(0.,0.,1.));
#9611 = ORIENTED_EDGE('',*,*,#2027,.F.);
#9612 = PLANE('',#9613);
#9613 = AXIS2_PLACEMENT_3D('',#9614,#9615,#9616);
#9614 = CARTESIAN_POINT('',(82.961957,-91.987735,0.));
#9615 = DIRECTION('',(-0.572892033516,-0.819630842473,0.));
#9616 = DIRECTION('',(-0.819630842473,0.572892033516,0.));
#9617 = ADVANCED_FACE('',(#9618),#9629,.T.);
#9618 = FACE_BOUND('',#9619,.T.);
#9619 = EDGE_LOOP('',(#9620,#9626,#9627,#9628));
#9620 = ORIENTED_EDGE('',*,*,#9621,.T.);
#9621 = EDGE_CURVE('',#891,#4049,#9622,.T.);
#9622 = LINE('',#9623,#9624);
#9623 = CARTESIAN_POINT('',(13.5007,-28.773232,0.));
#9624 = VECTOR('',#9625,1.);
#9625 = DIRECTION('',(0.,0.,1.));
#9626 = ORIENTED_EDGE('',*,*,#4048,.T.);
#9627 = ORIENTED_EDGE('',*,*,#9587,.F.);
#9628 = ORIENTED_EDGE('',*,*,#890,.F.);
#9629 = PLANE('',#9630);
#9630 = AXIS2_PLACEMENT_3D('',#9631,#9632,#9633);
#9631 = CARTESIAN_POINT('',(13.5007,-28.773232,0.));
#9632 = DIRECTION('',(-0.9070323054,-0.421061037096,0.));
#9633 = DIRECTION('',(-0.421061037096,0.9070323054,0.));
#9634 = ADVANCED_FACE('',(#9635),#9646,.T.);
#9635 = FACE_BOUND('',#9636,.T.);
#9636 = EDGE_LOOP('',(#9637,#9638,#9639,#9645));
#9637 = ORIENTED_EDGE('',*,*,#9606,.T.);
#9638 = ORIENTED_EDGE('',*,*,#5177,.T.);
#9639 = ORIENTED_EDGE('',*,*,#9640,.F.);
#9640 = EDGE_CURVE('',#2012,#5170,#9641,.T.);
#9641 = LINE('',#9642,#9643);
#9642 = CARTESIAN_POINT('',(81.480342,-90.964356,0.));
#9643 = VECTOR('',#9644,1.);
#9644 = DIRECTION('',(0.,0.,1.));
#9645 = ORIENTED_EDGE('',*,*,#2019,.F.);
#9646 = PLANE('',#9647);
#9647 = AXIS2_PLACEMENT_3D('',#9648,#9649,#9650);
#9648 = CARTESIAN_POINT('',(82.217054,-91.467075,0.));
#9649 = DIRECTION('',(-0.563654701169,-0.826010519212,0.));
#9650 = DIRECTION('',(-0.826010519212,0.563654701169,0.));
#9651 = ADVANCED_FACE('',(#9652),#9663,.T.);
#9652 = FACE_BOUND('',#9653,.T.);
#9653 = EDGE_LOOP('',(#9654,#9660,#9661,#9662));
#9654 = ORIENTED_EDGE('',*,*,#9655,.T.);
#9655 = EDGE_CURVE('',#899,#4057,#9656,.T.);
#9656 = LINE('',#9657,#9658);
#9657 = CARTESIAN_POINT('',(14.19101,-30.353186,0.));
#9658 = VECTOR('',#9659,1.);
#9659 = DIRECTION('',(0.,0.,1.));
#9660 = ORIENTED_EDGE('',*,*,#4056,.T.);
#9661 = ORIENTED_EDGE('',*,*,#9621,.F.);
#9662 = ORIENTED_EDGE('',*,*,#898,.F.);
#9663 = PLANE('',#9664);
#9664 = AXIS2_PLACEMENT_3D('',#9665,#9666,#9667);
#9665 = CARTESIAN_POINT('',(14.19101,-30.353186,0.));
#9666 = DIRECTION('',(-0.916353139443,-0.400370982756,0.));
#9667 = DIRECTION('',(-0.400370982756,0.916353139443,0.));
#9668 = ADVANCED_FACE('',(#9669),#9680,.T.);
#9669 = FACE_BOUND('',#9670,.T.);
#9670 = EDGE_LOOP('',(#9671,#9672,#9673,#9679));
#9671 = ORIENTED_EDGE('',*,*,#9640,.T.);
#9672 = ORIENTED_EDGE('',*,*,#5169,.T.);
#9673 = ORIENTED_EDGE('',*,*,#9674,.F.);
#9674 = EDGE_CURVE('',#2004,#5162,#9675,.T.);
#9675 = LINE('',#9676,#9677);
#9676 = CARTESIAN_POINT('',(80.743913,-90.474013,0.));
#9677 = VECTOR('',#9678,1.);
#9678 = DIRECTION('',(0.,0.,1.));
#9679 = ORIENTED_EDGE('',*,*,#2011,.F.);
#9680 = PLANE('',#9681);
#9681 = AXIS2_PLACEMENT_3D('',#9682,#9683,#9684);
#9682 = CARTESIAN_POINT('',(81.480342,-90.964356,0.));
#9683 = DIRECTION('',(-0.554223041532,-0.832368199918,0.));
#9684 = DIRECTION('',(-0.832368199918,0.554223041532,0.));
#9685 = ADVANCED_FACE('',(#9686),#9697,.T.);
#9686 = FACE_BOUND('',#9687,.T.);
#9687 = EDGE_LOOP('',(#9688,#9694,#9695,#9696));
#9688 = ORIENTED_EDGE('',*,*,#9689,.T.);
#9689 = EDGE_CURVE('',#907,#4065,#9690,.T.);
#9690 = LINE('',#9691,#9692);
#9691 = CARTESIAN_POINT('',(14.828571,-31.910217,0.));
#9692 = VECTOR('',#9693,1.);
#9693 = DIRECTION('',(0.,0.,1.));
#9694 = ORIENTED_EDGE('',*,*,#4064,.T.);
#9695 = ORIENTED_EDGE('',*,*,#9655,.F.);
#9696 = ORIENTED_EDGE('',*,*,#906,.F.);
#9697 = PLANE('',#9698);
#9698 = AXIS2_PLACEMENT_3D('',#9699,#9700,#9701);
#9699 = CARTESIAN_POINT('',(14.828571,-31.910217,0.));
#9700 = DIRECTION('',(-0.925423232343,-0.378935140942,0.));
#9701 = DIRECTION('',(-0.378935140942,0.925423232343,0.));
#9702 = ADVANCED_FACE('',(#9703),#9714,.T.);
#9703 = FACE_BOUND('',#9704,.T.);
#9704 = EDGE_LOOP('',(#9705,#9706,#9707,#9713));
#9705 = ORIENTED_EDGE('',*,*,#9674,.T.);
#9706 = ORIENTED_EDGE('',*,*,#5161,.T.);
#9707 = ORIENTED_EDGE('',*,*,#9708,.F.);
#9708 = EDGE_CURVE('',#1996,#5154,#9709,.T.);
#9709 = LINE('',#9710,#9711);
#9710 = CARTESIAN_POINT('',(80.015198,-90.000833,0.));
#9711 = VECTOR('',#9712,1.);
#9712 = DIRECTION('',(0.,0.,1.));
#9713 = ORIENTED_EDGE('',*,*,#2003,.F.);
#9714 = PLANE('',#9715);
#9715 = AXIS2_PLACEMENT_3D('',#9716,#9717,#9718);
#9716 = CARTESIAN_POINT('',(80.743913,-90.474013,0.));
#9717 = DIRECTION('',(-0.544596085471,-0.838698458142,0.));
#9718 = DIRECTION('',(-0.838698458142,0.544596085471,0.));
#9719 = ADVANCED_FACE('',(#9720),#9731,.T.);
#9720 = FACE_BOUND('',#9721,.T.);
#9721 = EDGE_LOOP('',(#9722,#9728,#9729,#9730));
#9722 = ORIENTED_EDGE('',*,*,#9723,.T.);
#9723 = EDGE_CURVE('',#915,#4073,#9724,.T.);
#9724 = LINE('',#9725,#9726);
#9725 = CARTESIAN_POINT('',(15.41492,-33.445617,0.));
#9726 = VECTOR('',#9727,1.);
#9727 = DIRECTION('',(0.,0.,1.));
#9728 = ORIENTED_EDGE('',*,*,#4072,.T.);
#9729 = ORIENTED_EDGE('',*,*,#9689,.F.);
#9730 = ORIENTED_EDGE('',*,*,#914,.F.);
#9731 = PLANE('',#9732);
#9732 = AXIS2_PLACEMENT_3D('',#9733,#9734,#9735);
#9733 = CARTESIAN_POINT('',(15.41492,-33.445617,0.));
#9734 = DIRECTION('',(-0.934197021559,-0.356757515562,0.));
#9735 = DIRECTION('',(-0.356757515562,0.934197021559,0.));
#9736 = ADVANCED_FACE('',(#9737),#9748,.T.);
#9737 = FACE_BOUND('',#9738,.T.);
#9738 = EDGE_LOOP('',(#9739,#9740,#9741,#9747));
#9739 = ORIENTED_EDGE('',*,*,#9708,.T.);
#9740 = ORIENTED_EDGE('',*,*,#5153,.T.);
#9741 = ORIENTED_EDGE('',*,*,#9742,.F.);
#9742 = EDGE_CURVE('',#1988,#5146,#9743,.T.);
#9743 = LINE('',#9744,#9745);
#9744 = CARTESIAN_POINT('',(79.286685,-89.539778,0.));
#9745 = VECTOR('',#9746,1.);
#9746 = DIRECTION('',(0.,0.,1.));
#9747 = ORIENTED_EDGE('',*,*,#1995,.F.);
#9748 = PLANE('',#9749);
#9749 = AXIS2_PLACEMENT_3D('',#9750,#9751,#9752);
#9750 = CARTESIAN_POINT('',(80.015198,-90.000833,0.));
#9751 = DIRECTION('',(-0.534773429955,-0.844995490292,0.));
#9752 = DIRECTION('',(-0.844995490292,0.534773429955,0.));
#9753 = ADVANCED_FACE('',(#9754),#9765,.T.);
#9754 = FACE_BOUND('',#9755,.T.);
#9755 = EDGE_LOOP('',(#9756,#9762,#9763,#9764));
#9756 = ORIENTED_EDGE('',*,*,#9757,.T.);
#9757 = EDGE_CURVE('',#923,#4081,#9758,.T.);
#9758 = LINE('',#9759,#9760);
#9759 = CARTESIAN_POINT('',(15.951493,-34.960649,0.));
#9760 = VECTOR('',#9761,1.);
#9761 = DIRECTION('',(0.,0.,1.));
#9762 = ORIENTED_EDGE('',*,*,#4080,.T.);
#9763 = ORIENTED_EDGE('',*,*,#9723,.F.);
#9764 = ORIENTED_EDGE('',*,*,#922,.F.);
#9765 = PLANE('',#9766);
#9766 = AXIS2_PLACEMENT_3D('',#9767,#9768,#9769);
#9767 = CARTESIAN_POINT('',(15.951493,-34.960649,0.));
#9768 = DIRECTION('',(-0.942627388325,-0.333846681546,0.));
#9769 = DIRECTION('',(-0.333846681546,0.942627388325,0.));
#9770 = ADVANCED_FACE('',(#9771),#9782,.T.);
#9771 = FACE_BOUND('',#9772,.T.);
#9772 = EDGE_LOOP('',(#9773,#9774,#9775,#9781));
#9773 = ORIENTED_EDGE('',*,*,#9742,.T.);
#9774 = ORIENTED_EDGE('',*,*,#5145,.T.);
#9775 = ORIENTED_EDGE('',*,*,#9776,.F.);
#9776 = EDGE_CURVE('',#1980,#5138,#9777,.T.);
#9777 = LINE('',#9778,#9779);
#9778 = CARTESIAN_POINT('',(78.565416,-89.095155,0.));
#9779 = VECTOR('',#9780,1.);
#9780 = DIRECTION('',(0.,0.,1.));
#9781 = ORIENTED_EDGE('',*,*,#1987,.F.);
#9782 = PLANE('',#9783);
#9783 = AXIS2_PLACEMENT_3D('',#9784,#9785,#9786);
#9784 = CARTESIAN_POINT('',(79.286685,-89.539778,0.));
#9785 = DIRECTION('',(-0.524752271646,-0.851254987299,0.));
#9786 = DIRECTION('',(-0.851254987299,0.524752271646,0.));
#9787 = ADVANCED_FACE('',(#9788),#9799,.T.);
#9788 = FACE_BOUND('',#9789,.T.);
#9789 = EDGE_LOOP('',(#9790,#9796,#9797,#9798));
#9790 = ORIENTED_EDGE('',*,*,#9791,.T.);
#9791 = EDGE_CURVE('',#931,#4089,#9792,.T.);
#9792 = LINE('',#9793,#9794);
#9793 = CARTESIAN_POINT('',(16.439625,-36.456548,0.));
#9794 = VECTOR('',#9795,1.);
#9795 = DIRECTION('',(0.,0.,1.));
#9796 = ORIENTED_EDGE('',*,*,#4088,.T.);
#9797 = ORIENTED_EDGE('',*,*,#9757,.F.);
#9798 = ORIENTED_EDGE('',*,*,#930,.F.);
#9799 = PLANE('',#9800);
#9800 = AXIS2_PLACEMENT_3D('',#9801,#9802,#9803);
#9801 = CARTESIAN_POINT('',(16.439625,-36.456548,0.));
#9802 = DIRECTION('',(-0.950666348134,-0.310215239028,0.));
#9803 = DIRECTION('',(-0.310215239028,0.950666348134,0.));
#9804 = ADVANCED_FACE('',(#9805),#9816,.T.);
#9805 = FACE_BOUND('',#9806,.T.);
#9806 = EDGE_LOOP('',(#9807,#9808,#9809,#9815));
#9807 = ORIENTED_EDGE('',*,*,#9776,.T.);
#9808 = ORIENTED_EDGE('',*,*,#5137,.T.);
#9809 = ORIENTED_EDGE('',*,*,#9810,.F.);
#9810 = EDGE_CURVE('',#1972,#5130,#9811,.T.);
#9811 = LINE('',#9812,#9813);
#9812 = CARTESIAN_POINT('',(77.844271,-88.662424,0.));
#9813 = VECTOR('',#9814,1.);
#9814 = DIRECTION('',(0.,0.,1.));
#9815 = ORIENTED_EDGE('',*,*,#1979,.F.);
#9816 = PLANE('',#9817);
#9817 = AXIS2_PLACEMENT_3D('',#9818,#9819,#9820);
#9818 = CARTESIAN_POINT('',(78.565416,-89.095155,0.));
#9819 = DIRECTION('',(-0.514534223833,-0.857469843496,0.));
#9820 = DIRECTION('',(-0.857469843496,0.514534223833,0.));
#9821 = ADVANCED_FACE('',(#9822),#9833,.T.);
#9822 = FACE_BOUND('',#9823,.T.);
#9823 = EDGE_LOOP('',(#9824,#9830,#9831,#9832));
#9824 = ORIENTED_EDGE('',*,*,#9825,.T.);
#9825 = EDGE_CURVE('',#939,#4097,#9826,.T.);
#9826 = LINE('',#9827,#9828);
#9827 = CARTESIAN_POINT('',(16.880552,-37.934525,0.));
#9828 = VECTOR('',#9829,1.);
#9829 = DIRECTION('',(0.,0.,1.));
#9830 = ORIENTED_EDGE('',*,*,#4096,.T.);
#9831 = ORIENTED_EDGE('',*,*,#9791,.F.);
#9832 = ORIENTED_EDGE('',*,*,#938,.F.);
#9833 = PLANE('',#9834);
#9834 = AXIS2_PLACEMENT_3D('',#9835,#9836,#9837);
#9835 = CARTESIAN_POINT('',(16.880552,-37.934525,0.));
#9836 = DIRECTION('',(-0.958265233697,-0.285880642729,0.));
#9837 = DIRECTION('',(-0.285880642729,0.958265233697,0.));
#9838 = ADVANCED_FACE('',(#9839),#9850,.T.);
#9839 = FACE_BOUND('',#9840,.T.);
#9840 = EDGE_LOOP('',(#9841,#9842,#9843,#9849));
#9841 = ORIENTED_EDGE('',*,*,#9810,.T.);
#9842 = ORIENTED_EDGE('',*,*,#5129,.T.);
#9843 = ORIENTED_EDGE('',*,*,#9844,.F.);
#9844 = EDGE_CURVE('',#1964,#5122,#9845,.T.);
#9845 = LINE('',#9846,#9847);
#9846 = CARTESIAN_POINT('',(77.129909,-88.245436,0.));
#9847 = VECTOR('',#9848,1.);
#9848 = DIRECTION('',(0.,0.,1.));
#9849 = ORIENTED_EDGE('',*,*,#1971,.F.);
#9850 = PLANE('',#9851);
#9851 = AXIS2_PLACEMENT_3D('',#9852,#9853,#9854);
#9852 = CARTESIAN_POINT('',(77.844271,-88.662424,0.));
#9853 = DIRECTION('',(-0.504120713673,-0.863633201102,0.));
#9854 = DIRECTION('',(-0.863633201102,0.504120713673,0.));
#9855 = ADVANCED_FACE('',(#9856),#9867,.T.);
#9856 = FACE_BOUND('',#9857,.T.);
#9857 = EDGE_LOOP('',(#9858,#9864,#9865,#9866));
#9858 = ORIENTED_EDGE('',*,*,#9859,.T.);
#9859 = EDGE_CURVE('',#947,#4105,#9860,.T.);
#9860 = LINE('',#9861,#9862);
#9861 = CARTESIAN_POINT('',(17.275414,-39.395769,0.));
#9862 = VECTOR('',#9863,1.);
#9863 = DIRECTION('',(0.,0.,1.));
#9864 = ORIENTED_EDGE('',*,*,#4104,.T.);
#9865 = ORIENTED_EDGE('',*,*,#9825,.F.);
#9866 = ORIENTED_EDGE('',*,*,#946,.F.);
#9867 = PLANE('',#9868);
#9868 = AXIS2_PLACEMENT_3D('',#9869,#9870,#9871);
#9869 = CARTESIAN_POINT('',(17.275414,-39.395769,0.));
#9870 = DIRECTION('',(-0.965374842213,-0.260866659467,0.));
#9871 = DIRECTION('',(-0.260866659467,0.965374842213,0.));
#9872 = ADVANCED_FACE('',(#9873),#9884,.T.);
#9873 = FACE_BOUND('',#9874,.T.);
#9874 = EDGE_LOOP('',(#9875,#9876,#9877,#9883));
#9875 = ORIENTED_EDGE('',*,*,#9844,.T.);
#9876 = ORIENTED_EDGE('',*,*,#5121,.T.);
#9877 = ORIENTED_EDGE('',*,*,#9878,.F.);
#9878 = EDGE_CURVE('',#1956,#5114,#9879,.T.);
#9879 = LINE('',#9880,#9881);
#9880 = CARTESIAN_POINT('',(76.415597,-87.840119,0.));
#9881 = VECTOR('',#9882,1.);
#9882 = DIRECTION('',(0.,0.,1.));
#9883 = ORIENTED_EDGE('',*,*,#1963,.F.);
#9884 = PLANE('',#9885);
#9885 = AXIS2_PLACEMENT_3D('',#9886,#9887,#9888);
#9886 = CARTESIAN_POINT('',(77.129909,-88.245436,0.));
#9887 = DIRECTION('',(-0.493510362098,-0.869739916586,0.));
#9888 = DIRECTION('',(-0.869739916586,0.493510362098,0.));
#9889 = ADVANCED_FACE('',(#9890),#9901,.T.);
#9890 = FACE_BOUND('',#9891,.T.);
#9891 = EDGE_LOOP('',(#9892,#9898,#9899,#9900));
#9892 = ORIENTED_EDGE('',*,*,#9893,.T.);
#9893 = EDGE_CURVE('',#955,#4113,#9894,.T.);
#9894 = LINE('',#9895,#9896);
#9895 = CARTESIAN_POINT('',(17.625253,-40.841451,0.));
#9896 = VECTOR('',#9897,1.);
#9897 = DIRECTION('',(0.,0.,1.));
#9898 = ORIENTED_EDGE('',*,*,#4112,.T.);
#9899 = ORIENTED_EDGE('',*,*,#9859,.F.);
#9900 = ORIENTED_EDGE('',*,*,#954,.F.);
#9901 = PLANE('',#9902);
#9902 = AXIS2_PLACEMENT_3D('',#9903,#9904,#9905);
#9903 = CARTESIAN_POINT('',(17.625253,-40.841451,0.));
#9904 = DIRECTION('',(-0.971946906175,-0.235200364748,0.));
#9905 = DIRECTION('',(-0.235200364748,0.971946906175,0.));
#9906 = ADVANCED_FACE('',(#9907),#9918,.T.);
#9907 = FACE_BOUND('',#9908,.T.);
#9908 = EDGE_LOOP('',(#9909,#9910,#9911,#9917));
#9909 = ORIENTED_EDGE('',*,*,#9878,.T.);
#9910 = ORIENTED_EDGE('',*,*,#5113,.T.);
#9911 = ORIENTED_EDGE('',*,*,#9912,.F.);
#9912 = EDGE_CURVE('',#1948,#5106,#9913,.T.);
#9913 = LINE('',#9914,#9915);
#9914 = CARTESIAN_POINT('',(75.707611,-87.4499,0.));
#9915 = VECTOR('',#9916,1.);
#9916 = DIRECTION('',(0.,0.,1.));
#9917 = ORIENTED_EDGE('',*,*,#1955,.F.);
#9918 = PLANE('',#9919);
#9919 = AXIS2_PLACEMENT_3D('',#9920,#9921,#9922);
#9920 = CARTESIAN_POINT('',(76.415597,-87.840119,0.));
#9921 = DIRECTION('',(-0.482703687822,-0.875783734585,0.));
#9922 = DIRECTION('',(-0.875783734585,0.482703687822,0.));
#9923 = ADVANCED_FACE('',(#9924),#9935,.T.);
#9924 = FACE_BOUND('',#9925,.T.);
#9925 = EDGE_LOOP('',(#9926,#9932,#9933,#9934));
#9926 = ORIENTED_EDGE('',*,*,#9927,.T.);
#9927 = EDGE_CURVE('',#963,#4121,#9928,.T.);
#9928 = LINE('',#9929,#9930);
#9929 = CARTESIAN_POINT('',(17.931016,-42.272721,0.));
#9930 = VECTOR('',#9931,1.);
#9931 = DIRECTION('',(0.,0.,1.));
#9932 = ORIENTED_EDGE('',*,*,#4120,.T.);
#9933 = ORIENTED_EDGE('',*,*,#9893,.F.);
#9934 = ORIENTED_EDGE('',*,*,#962,.F.);
#9935 = PLANE('',#9936);
#9936 = AXIS2_PLACEMENT_3D('',#9937,#9938,#9939);
#9937 = CARTESIAN_POINT('',(17.931016,-42.272721,0.));
#9938 = DIRECTION('',(-0.977933488634,-0.208916470886,0.));
#9939 = DIRECTION('',(-0.208916470886,0.977933488634,0.));
#9940 = ADVANCED_FACE('',(#9941),#9952,.T.);
#9941 = FACE_BOUND('',#9942,.T.);
#9942 = EDGE_LOOP('',(#9943,#9944,#9945,#9951));
#9943 = ORIENTED_EDGE('',*,*,#9912,.T.);
#9944 = ORIENTED_EDGE('',*,*,#5105,.T.);
#9945 = ORIENTED_EDGE('',*,*,#9946,.F.);
#9946 = EDGE_CURVE('',#1940,#5098,#9947,.T.);
#9947 = LINE('',#9948,#9949);
#9948 = CARTESIAN_POINT('',(74.999605,-87.071146,0.));
#9949 = VECTOR('',#9950,1.);
#9950 = DIRECTION('',(0.,0.,1.));
#9951 = ORIENTED_EDGE('',*,*,#1947,.F.);
#9952 = PLANE('',#9953);
#9953 = AXIS2_PLACEMENT_3D('',#9954,#9955,#9956);
#9954 = CARTESIAN_POINT('',(75.707611,-87.4499,0.));
#9955 = DIRECTION('',(-0.471703685246,-0.88175712831,0.));
#9956 = DIRECTION('',(-0.88175712831,0.471703685246,0.));
#9957 = ADVANCED_FACE('',(#9958),#9969,.T.);
#9958 = FACE_BOUND('',#9959,.T.);
#9959 = EDGE_LOOP('',(#9960,#9966,#9967,#9968));
#9960 = ORIENTED_EDGE('',*,*,#9961,.T.);
#9961 = EDGE_CURVE('',#971,#4129,#9962,.T.);
#9962 = LINE('',#9963,#9964);
#9963 = CARTESIAN_POINT('',(18.193554,-43.690717,0.));
#9964 = VECTOR('',#9965,1.);
#9965 = DIRECTION('',(0.,0.,1.));
#9966 = ORIENTED_EDGE('',*,*,#4128,.T.);
#9967 = ORIENTED_EDGE('',*,*,#9927,.F.);
#9968 = ORIENTED_EDGE('',*,*,#970,.F.);
#9969 = PLANE('',#9970);
#9970 = AXIS2_PLACEMENT_3D('',#9971,#9972,#9973);
#9971 = CARTESIAN_POINT('',(18.193554,-43.690717,0.));
#9972 = DIRECTION('',(-0.983288690364,-0.182053155433,0.));
#9973 = DIRECTION('',(-0.182053155433,0.983288690364,0.));
#9974 = ADVANCED_FACE('',(#9975),#9986,.T.);
#9975 = FACE_BOUND('',#9976,.T.);
#9976 = EDGE_LOOP('',(#9977,#9978,#9979,#9985));
#9977 = ORIENTED_EDGE('',*,*,#9946,.T.);
#9978 = ORIENTED_EDGE('',*,*,#5097,.T.);
#9979 = ORIENTED_EDGE('',*,*,#9980,.F.);
#9980 = EDGE_CURVE('',#1932,#5090,#9981,.T.);
#9981 = LINE('',#9982,#9983);
#9982 = CARTESIAN_POINT('',(74.297472,-86.706886,0.));
#9983 = VECTOR('',#9984,1.);
#9984 = DIRECTION('',(0.,0.,1.));
#9985 = ORIENTED_EDGE('',*,*,#1939,.F.);
#9986 = PLANE('',#9987);
#9987 = AXIS2_PLACEMENT_3D('',#9988,#9989,#9990);
#9988 = CARTESIAN_POINT('',(74.999605,-87.071146,0.));
#9989 = DIRECTION('',(-0.460507493227,-0.887655816565,0.));
#9990 = DIRECTION('',(-0.887655816565,0.460507493227,0.));
#9991 = ADVANCED_FACE('',(#9992),#10003,.T.);
#9992 = FACE_BOUND('',#9993,.T.);
#9993 = EDGE_LOOP('',(#9994,#10000,#10001,#10002));
#9994 = ORIENTED_EDGE('',*,*,#9995,.T.);
#9995 = EDGE_CURVE('',#979,#4137,#9996,.T.);
#9996 = LINE('',#9997,#9998);
#9997 = CARTESIAN_POINT('',(18.413622,-45.096559,0.));
#9998 = VECTOR('',#9999,1.);
#9999 = DIRECTION('',(0.,0.,1.));
#10000 = ORIENTED_EDGE('',*,*,#4136,.T.);
#10001 = ORIENTED_EDGE('',*,*,#9961,.F.);
#10002 = ORIENTED_EDGE('',*,*,#978,.F.);
#10003 = PLANE('',#10004);
#10004 = AXIS2_PLACEMENT_3D('',#10005,#10006,#10007);
#10005 = CARTESIAN_POINT('',(18.413622,-45.096559,0.));
#10006 = DIRECTION('',(-0.987968562919,-0.154654837247,0.));
#10007 = DIRECTION('',(-0.154654837247,0.987968562919,0.));
#10008 = ADVANCED_FACE('',(#10009),#10020,.T.);
#10009 = FACE_BOUND('',#10010,.T.);
#10010 = EDGE_LOOP('',(#10011,#10012,#10013,#10019));
#10011 = ORIENTED_EDGE('',*,*,#9980,.T.);
#10012 = ORIENTED_EDGE('',*,*,#5089,.T.);
#10013 = ORIENTED_EDGE('',*,*,#10014,.F.);
#10014 = EDGE_CURVE('',#1924,#5082,#10015,.T.);
#10015 = LINE('',#10016,#10017);
#10016 = CARTESIAN_POINT('',(73.595252,-86.353901,0.));
#10017 = VECTOR('',#10018,1.);
#10018 = DIRECTION('',(0.,0.,1.));
#10019 = ORIENTED_EDGE('',*,*,#1931,.F.);
#10020 = PLANE('',#10021);
#10021 = AXIS2_PLACEMENT_3D('',#10022,#10023,#10024);
#10022 = CARTESIAN_POINT('',(74.297472,-86.706886,0.));
#10023 = DIRECTION('',(-0.449121105116,-0.89347089093,0.));
#10024 = DIRECTION('',(-0.89347089093,0.449121105116,0.));
#10025 = ADVANCED_FACE('',(#10026),#10037,.T.);
#10026 = FACE_BOUND('',#10027,.T.);
#10027 = EDGE_LOOP('',(#10028,#10034,#10035,#10036));
#10028 = ORIENTED_EDGE('',*,*,#10029,.T.);
#10029 = EDGE_CURVE('',#987,#4145,#10030,.T.);
#10030 = LINE('',#10031,#10032);
#10031 = CARTESIAN_POINT('',(18.591881,-46.491357,0.));
#10032 = VECTOR('',#10033,1.);
#10033 = DIRECTION('',(0.,0.,1.));
#10034 = ORIENTED_EDGE('',*,*,#4144,.T.);
#10035 = ORIENTED_EDGE('',*,*,#9995,.F.);
#10036 = ORIENTED_EDGE('',*,*,#986,.F.);
#10037 = PLANE('',#10038);
#10038 = AXIS2_PLACEMENT_3D('',#10039,#10040,#10041);
#10039 = CARTESIAN_POINT('',(18.591881,-46.491357,0.));
#10040 = DIRECTION('',(-0.991931932026,-0.126771614435,0.));
#10041 = DIRECTION('',(-0.126771614435,0.991931932026,0.));
#10042 = ADVANCED_FACE('',(#10043),#10054,.T.);
#10043 = FACE_BOUND('',#10044,.T.);
#10044 = EDGE_LOOP('',(#10045,#10046,#10047,#10053));
#10045 = ORIENTED_EDGE('',*,*,#10014,.T.);
#10046 = ORIENTED_EDGE('',*,*,#5081,.T.);
#10047 = ORIENTED_EDGE('',*,*,#10048,.F.);
#10048 = EDGE_CURVE('',#1916,#5074,#10049,.T.);
#10049 = LINE('',#10050,#10051);
#10050 = CARTESIAN_POINT('',(72.898457,-86.014844,0.));
#10051 = VECTOR('',#10052,1.);
#10052 = DIRECTION('',(0.,0.,1.));
#10053 = ORIENTED_EDGE('',*,*,#1923,.F.);
#10054 = PLANE('',#10055);
#10055 = AXIS2_PLACEMENT_3D('',#10056,#10057,#10058);
#10056 = CARTESIAN_POINT('',(73.595252,-86.353901,0.));
#10057 = DIRECTION('',(-0.437544657202,-0.899196682019,0.));
#10058 = DIRECTION('',(-0.899196682019,0.437544657202,0.));
#10059 = ADVANCED_FACE('',(#10060),#10071,.T.);
#10060 = FACE_BOUND('',#10061,.T.);
#10061 = EDGE_LOOP('',(#10062,#10068,#10069,#10070));
#10062 = ORIENTED_EDGE('',*,*,#10063,.T.);
#10063 = EDGE_CURVE('',#995,#4153,#10064,.T.);
#10064 = LINE('',#10065,#10066);
#10065 = CARTESIAN_POINT('',(18.728896,-47.876208,0.));
#10066 = VECTOR('',#10067,1.);
#10067 = DIRECTION('',(0.,0.,1.));
#10068 = ORIENTED_EDGE('',*,*,#4152,.T.);
#10069 = ORIENTED_EDGE('',*,*,#10029,.F.);
#10070 = ORIENTED_EDGE('',*,*,#994,.F.);
#10071 = PLANE('',#10072);
#10072 = AXIS2_PLACEMENT_3D('',#10073,#10074,#10075);
#10073 = CARTESIAN_POINT('',(18.728896,-47.876208,0.));
#10074 = DIRECTION('',(-0.995141234583,-9.845772307373E-02,0.));
#10075 = DIRECTION('',(-9.845772307373E-02,0.995141234583,0.));
#10076 = ADVANCED_FACE('',(#10077),#10088,.T.);
#10077 = FACE_BOUND('',#10078,.T.);
#10078 = EDGE_LOOP('',(#10079,#10080,#10081,#10087));
#10079 = ORIENTED_EDGE('',*,*,#10048,.T.);
#10080 = ORIENTED_EDGE('',*,*,#5073,.T.);
#10081 = ORIENTED_EDGE('',*,*,#10082,.F.);
#10082 = EDGE_CURVE('',#1908,#5066,#10083,.T.);
#10083 = LINE('',#10084,#10085);
#10084 = CARTESIAN_POINT('',(72.201509,-85.686884,0.));
#10085 = VECTOR('',#10086,1.);
#10086 = DIRECTION('',(0.,0.,1.));
#10087 = ORIENTED_EDGE('',*,*,#1915,.F.);
#10088 = PLANE('',#10089);
#10089 = AXIS2_PLACEMENT_3D('',#10090,#10091,#10092);
#10090 = CARTESIAN_POINT('',(72.898457,-86.014844,0.));
#10091 = DIRECTION('',(-0.425780530213,-0.904826469602,0.));
#10092 = DIRECTION('',(-0.904826469602,0.425780530213,0.));
#10093 = ADVANCED_FACE('',(#10094),#10105,.T.);
#10094 = FACE_BOUND('',#10095,.T.);
#10095 = EDGE_LOOP('',(#10096,#10102,#10103,#10104));
#10096 = ORIENTED_EDGE('',*,*,#10097,.T.);
#10097 = EDGE_CURVE('',#1003,#4161,#10098,.T.);
#10098 = LINE('',#10099,#10100);
#10099 = CARTESIAN_POINT('',(18.825137,-49.252196,0.));
#10100 = VECTOR('',#10101,1.);
#10101 = DIRECTION('',(0.,0.,1.));
#10102 = ORIENTED_EDGE('',*,*,#4160,.T.);
#10103 = ORIENTED_EDGE('',*,*,#10063,.F.);
#10104 = ORIENTED_EDGE('',*,*,#1002,.F.);
#10105 = PLANE('',#10106);
#10106 = AXIS2_PLACEMENT_3D('',#10107,#10108,#10109);
#10107 = CARTESIAN_POINT('',(18.825137,-49.252196,0.));
#10108 = DIRECTION('',(-0.997562912714,-6.977273950246E-02,0.));
#10109 = DIRECTION('',(-6.977273950246E-02,0.997562912714,0.));
#10110 = ADVANCED_FACE('',(#10111),#10122,.T.);
#10111 = FACE_BOUND('',#10112,.T.);
#10112 = EDGE_LOOP('',(#10113,#10114,#10115,#10121));
#10113 = ORIENTED_EDGE('',*,*,#10082,.T.);
#10114 = ORIENTED_EDGE('',*,*,#5065,.T.);
#10115 = ORIENTED_EDGE('',*,*,#10116,.F.);
#10116 = EDGE_CURVE('',#1900,#5058,#10117,.T.);
#10117 = LINE('',#10118,#10119);
#10118 = CARTESIAN_POINT('',(71.509541,-85.372328,0.));
#10119 = VECTOR('',#10120,1.);
#10120 = DIRECTION('',(0.,0.,1.));
#10121 = ORIENTED_EDGE('',*,*,#1907,.F.);
#10122 = PLANE('',#10123);
#10123 = AXIS2_PLACEMENT_3D('',#10124,#10125,#10126);
#10124 = CARTESIAN_POINT('',(72.201509,-85.686884,0.));
#10125 = DIRECTION('',(-0.413830301414,-0.910354041915,0.));
#10126 = DIRECTION('',(-0.910354041915,0.413830301414,0.));
#10127 = ADVANCED_FACE('',(#10128),#10139,.T.);
#10128 = FACE_BOUND('',#10129,.T.);
#10129 = EDGE_LOOP('',(#10130,#10136,#10137,#10138));
#10130 = ORIENTED_EDGE('',*,*,#10131,.T.);
#10131 = EDGE_CURVE('',#1011,#4169,#10132,.T.);
#10132 = LINE('',#10133,#10134);
#10133 = CARTESIAN_POINT('',(18.880979,-50.620398,0.));
#10134 = VECTOR('',#10135,1.);
#10135 = DIRECTION('',(0.,0.,1.));
#10136 = ORIENTED_EDGE('',*,*,#4168,.T.);
#10137 = ORIENTED_EDGE('',*,*,#10097,.F.);
#10138 = ORIENTED_EDGE('',*,*,#1010,.F.);
#10139 = PLANE('',#10140);
#10140 = AXIS2_PLACEMENT_3D('',#10141,#10142,#10143);
#10141 = CARTESIAN_POINT('',(18.880979,-50.620398,0.));
#10142 = DIRECTION('',(-0.999168141764,-4.078019720216E-02,0.));
#10143 = DIRECTION('',(-4.078019720216E-02,0.999168141764,0.));
#10144 = ADVANCED_FACE('',(#10145),#10156,.T.);
#10145 = FACE_BOUND('',#10146,.T.);
#10146 = EDGE_LOOP('',(#10147,#10148,#10149,#10155));
#10147 = ORIENTED_EDGE('',*,*,#10116,.T.);
#10148 = ORIENTED_EDGE('',*,*,#5057,.T.);
#10149 = ORIENTED_EDGE('',*,*,#10150,.F.);
#10150 = EDGE_CURVE('',#1892,#5050,#10151,.T.);
#10151 = LINE('',#10152,#10153);
#10152 = CARTESIAN_POINT('',(70.817357,-85.068705,0.));
#10153 = VECTOR('',#10154,1.);
#10154 = DIRECTION('',(0.,0.,1.));
#10155 = ORIENTED_EDGE('',*,*,#1899,.F.);
#10156 = PLANE('',#10157);
#10157 = AXIS2_PLACEMENT_3D('',#10158,#10159,#10160);
#10158 = CARTESIAN_POINT('',(71.509541,-85.372328,0.));
#10159 = DIRECTION('',(-0.401698694646,-0.915771892296,0.));
#10160 = DIRECTION('',(-0.915771892296,0.401698694646,0.));
#10161 = ADVANCED_FACE('',(#10162),#10173,.T.);
#10162 = FACE_BOUND('',#10163,.T.);
#10163 = EDGE_LOOP('',(#10164,#10170,#10171,#10172));
#10164 = ORIENTED_EDGE('',*,*,#10165,.T.);
#10165 = EDGE_CURVE('',#1019,#4177,#10166,.T.);
#10166 = LINE('',#10167,#10168);
#10167 = CARTESIAN_POINT('',(18.896701,-51.981881,0.));
#10168 = VECTOR('',#10169,1.);
#10169 = DIRECTION('',(0.,0.,1.));
#10170 = ORIENTED_EDGE('',*,*,#4176,.T.);
#10171 = ORIENTED_EDGE('',*,*,#10131,.F.);
#10172 = ORIENTED_EDGE('',*,*,#1018,.F.);
#10173 = PLANE('',#10174);
#10174 = AXIS2_PLACEMENT_3D('',#10175,#10176,#10177);
#10175 = CARTESIAN_POINT('',(18.896701,-51.981881,0.));
#10176 = DIRECTION('',(-0.999933331956,-1.154693216516E-02,0.));
#10177 = DIRECTION('',(-1.154693216516E-02,0.999933331956,0.));
#10178 = ADVANCED_FACE('',(#10179),#10190,.T.);
#10179 = FACE_BOUND('',#10180,.T.);
#10180 = EDGE_LOOP('',(#10181,#10182,#10183,#10189));
#10181 = ORIENTED_EDGE('',*,*,#10150,.T.);
#10182 = ORIENTED_EDGE('',*,*,#5049,.T.);
#10183 = ORIENTED_EDGE('',*,*,#10184,.F.);
#10184 = EDGE_CURVE('',#1884,#5042,#10185,.T.);
#10185 = LINE('',#10186,#10187);
#10186 = CARTESIAN_POINT('',(70.129708,-84.777999,0.));
#10187 = VECTOR('',#10188,1.);
#10188 = DIRECTION('',(0.,0.,1.));
#10189 = ORIENTED_EDGE('',*,*,#1891,.F.);
#10190 = PLANE('',#10191);
#10191 = AXIS2_PLACEMENT_3D('',#10192,#10193,#10194);
#10192 = CARTESIAN_POINT('',(70.817357,-85.068705,0.));
#10193 = DIRECTION('',(-0.389387281556,-0.921074125661,0.));
#10194 = DIRECTION('',(-0.921074125661,0.389387281556,0.));
#10195 = ADVANCED_FACE('',(#10196),#10207,.T.);
#10196 = FACE_BOUND('',#10197,.T.);
#10197 = EDGE_LOOP('',(#10198,#10204,#10205,#10206));
#10198 = ORIENTED_EDGE('',*,*,#10199,.T.);
#10199 = EDGE_CURVE('',#1027,#4185,#10200,.T.);
#10200 = LINE('',#10201,#10202);
#10201 = CARTESIAN_POINT('',(18.872487,-53.337701,0.));
#10202 = VECTOR('',#10203,1.);
#10203 = DIRECTION('',(0.,0.,1.));
#10204 = ORIENTED_EDGE('',*,*,#4184,.T.);
#10205 = ORIENTED_EDGE('',*,*,#10165,.F.);
#10206 = ORIENTED_EDGE('',*,*,#1026,.F.);
#10207 = PLANE('',#10208);
#10208 = AXIS2_PLACEMENT_3D('',#10209,#10210,#10211);
#10209 = CARTESIAN_POINT('',(18.872487,-53.337701,0.));
#10210 = DIRECTION('',(-0.99984056079,1.785645538418E-02,0.));
#10211 = DIRECTION('',(1.785645538418E-02,0.99984056079,0.));
#10212 = ADVANCED_FACE('',(#10213),#10224,.T.);
#10213 = FACE_BOUND('',#10214,.T.);
#10214 = EDGE_LOOP('',(#10215,#10216,#10217,#10223));
#10215 = ORIENTED_EDGE('',*,*,#10184,.T.);
#10216 = ORIENTED_EDGE('',*,*,#5041,.T.);
#10217 = ORIENTED_EDGE('',*,*,#10218,.F.);
#10218 = EDGE_CURVE('',#1876,#5034,#10219,.T.);
#10219 = LINE('',#10220,#10221);
#10220 = CARTESIAN_POINT('',(69.441783,-84.498076,0.));
#10221 = VECTOR('',#10222,1.);
#10222 = DIRECTION('',(0.,0.,1.));
#10223 = ORIENTED_EDGE('',*,*,#1883,.F.);
#10224 = PLANE('',#10225);
#10225 = AXIS2_PLACEMENT_3D('',#10226,#10227,#10228);
#10226 = CARTESIAN_POINT('',(70.129708,-84.777999,0.));
#10227 = DIRECTION('',(-0.37690106441,-0.92625352234,0.));
#10228 = DIRECTION('',(-0.92625352234,0.37690106441,0.));
#10229 = ADVANCED_FACE('',(#10230),#10241,.T.);
#10230 = FACE_BOUND('',#10231,.T.);
#10231 = EDGE_LOOP('',(#10232,#10238,#10239,#10240));
#10232 = ORIENTED_EDGE('',*,*,#10233,.T.);
#10233 = EDGE_CURVE('',#1035,#4193,#10234,.T.);
#10234 = LINE('',#10235,#10236);
#10235 = CARTESIAN_POINT('',(18.808424,-54.68891,0.));
#10236 = VECTOR('',#10237,1.);
#10237 = DIRECTION('',(0.,0.,1.));
#10238 = ORIENTED_EDGE('',*,*,#4192,.T.);
#10239 = ORIENTED_EDGE('',*,*,#10199,.F.);
#10240 = ORIENTED_EDGE('',*,*,#1034,.F.);
#10241 = PLANE('',#10242);
#10242 = AXIS2_PLACEMENT_3D('',#10243,#10244,#10245);
#10243 = CARTESIAN_POINT('',(18.808424,-54.68891,0.));
#10244 = DIRECTION('',(-0.9988779607,4.735841664491E-02,0.));
#10245 = DIRECTION('',(4.735841664491E-02,0.9988779607,0.));
#10246 = ADVANCED_FACE('',(#10247),#10258,.T.);
#10247 = FACE_BOUND('',#10248,.T.);
#10248 = EDGE_LOOP('',(#10249,#10250,#10251,#10257));
#10249 = ORIENTED_EDGE('',*,*,#10218,.T.);
#10250 = ORIENTED_EDGE('',*,*,#5033,.T.);
#10251 = ORIENTED_EDGE('',*,*,#10252,.F.);
#10252 = EDGE_CURVE('',#1868,#5026,#10253,.T.);
#10253 = LINE('',#10254,#10255);
#10254 = CARTESIAN_POINT('',(68.757948,-84.230621,0.));
#10255 = VECTOR('',#10256,1.);
#10256 = DIRECTION('',(0.,0.,1.));
#10257 = ORIENTED_EDGE('',*,*,#1875,.F.);
#10258 = PLANE('',#10259);
#10259 = AXIS2_PLACEMENT_3D('',#10260,#10261,#10262);
#10260 = CARTESIAN_POINT('',(69.441783,-84.498076,0.));
#10261 = DIRECTION('',(-0.364242726749,-0.931304051323,0.));
#10262 = DIRECTION('',(-0.931304051323,0.364242726749,0.));
#10263 = ADVANCED_FACE('',(#10264),#10275,.T.);
#10264 = FACE_BOUND('',#10265,.T.);
#10265 = EDGE_LOOP('',(#10266,#10272,#10273,#10274));
#10266 = ORIENTED_EDGE('',*,*,#10267,.T.);
#10267 = EDGE_CURVE('',#1043,#4201,#10268,.T.);
#10268 = LINE('',#10269,#10270);
#10269 = CARTESIAN_POINT('',(18.761446,-55.363169,0.));
#10270 = VECTOR('',#10271,1.);
#10271 = DIRECTION('',(0.,0.,1.));
#10272 = ORIENTED_EDGE('',*,*,#4200,.T.);
#10273 = ORIENTED_EDGE('',*,*,#10233,.F.);
#10274 = ORIENTED_EDGE('',*,*,#1042,.F.);
#10275 = PLANE('',#10276);
#10276 = AXIS2_PLACEMENT_3D('',#10277,#10278,#10279);
#10277 = CARTESIAN_POINT('',(18.761446,-55.363169,0.));
#10278 = DIRECTION('',(-0.997581601443,6.950502473466E-02,0.));
#10279 = DIRECTION('',(6.950502473466E-02,0.997581601443,0.));
#10280 = ADVANCED_FACE('',(#10281),#10292,.T.);
#10281 = FACE_BOUND('',#10282,.T.);
#10282 = EDGE_LOOP('',(#10283,#10284,#10285,#10291));
#10283 = ORIENTED_EDGE('',*,*,#10252,.T.);
#10284 = ORIENTED_EDGE('',*,*,#5025,.T.);
#10285 = ORIENTED_EDGE('',*,*,#10286,.F.);
#10286 = EDGE_CURVE('',#1860,#5018,#10287,.T.);
#10287 = LINE('',#10288,#10289);
#10288 = CARTESIAN_POINT('',(68.073779,-83.973811,0.));
#10289 = VECTOR('',#10290,1.);
#10290 = DIRECTION('',(0.,0.,1.));
#10291 = ORIENTED_EDGE('',*,*,#1867,.F.);
#10292 = PLANE('',#10293);
#10293 = AXIS2_PLACEMENT_3D('',#10294,#10295,#10296);
#10294 = CARTESIAN_POINT('',(68.757948,-84.230621,0.));
#10295 = DIRECTION('',(-0.351419298798,-0.936218177794,0.));
#10296 = DIRECTION('',(-0.936218177794,0.351419298798,0.));
#10297 = ADVANCED_FACE('',(#10298),#10309,.T.);
#10298 = FACE_BOUND('',#10299,.T.);
#10299 = EDGE_LOOP('',(#10300,#10306,#10307,#10308));
#10300 = ORIENTED_EDGE('',*,*,#10301,.T.);
#10301 = EDGE_CURVE('',#1051,#4209,#10302,.T.);
#10302 = LINE('',#10303,#10304);
#10303 = CARTESIAN_POINT('',(18.704504,-56.036548,0.));
#10304 = VECTOR('',#10305,1.);
#10305 = DIRECTION('',(0.,0.,1.));
#10306 = ORIENTED_EDGE('',*,*,#4208,.T.);
#10307 = ORIENTED_EDGE('',*,*,#10267,.F.);
#10308 = ORIENTED_EDGE('',*,*,#1050,.F.);
#10309 = PLANE('',#10310);
#10310 = AXIS2_PLACEMENT_3D('',#10311,#10312,#10313);
#10311 = CARTESIAN_POINT('',(18.704504,-56.036548,0.));
#10312 = DIRECTION('',(-0.996443729555,8.426086772581E-02,0.));
#10313 = DIRECTION('',(8.426086772581E-02,0.996443729555,0.));
#10314 = ADVANCED_FACE('',(#10315),#10326,.T.);
#10315 = FACE_BOUND('',#10316,.T.);
#10316 = EDGE_LOOP('',(#10317,#10318,#10319,#10325));
#10317 = ORIENTED_EDGE('',*,*,#10286,.T.);
#10318 = ORIENTED_EDGE('',*,*,#5017,.T.);
#10319 = ORIENTED_EDGE('',*,*,#10320,.F.);
#10320 = EDGE_CURVE('',#1852,#5010,#10321,.T.);
#10321 = LINE('',#10322,#10323);
#10322 = CARTESIAN_POINT('',(67.393257,-83.729058,0.));
#10323 = VECTOR('',#10324,1.);
#10324 = DIRECTION('',(0.,0.,1.));
#10325 = ORIENTED_EDGE('',*,*,#1859,.F.);
#10326 = PLANE('',#10327);
#10327 = AXIS2_PLACEMENT_3D('',#10328,#10329,#10330);
#10328 = CARTESIAN_POINT('',(68.073779,-83.973811,0.));
#10329 = DIRECTION('',(-0.338431885776,-0.940990891927,0.));
#10330 = DIRECTION('',(-0.940990891927,0.338431885776,0.));
#10331 = ADVANCED_FACE('',(#10332),#10343,.T.);
#10332 = FACE_BOUND('',#10333,.T.);
#10333 = EDGE_LOOP('',(#10334,#10340,#10341,#10342));
#10334 = ORIENTED_EDGE('',*,*,#10335,.T.);
#10335 = EDGE_CURVE('',#1059,#4217,#10336,.T.);
#10336 = LINE('',#10337,#10338);
#10337 = CARTESIAN_POINT('',(18.637552,-56.709513,0.));
#10338 = VECTOR('',#10339,1.);
#10339 = DIRECTION('',(0.,0.,1.));
#10340 = ORIENTED_EDGE('',*,*,#4216,.T.);
#10341 = ORIENTED_EDGE('',*,*,#10301,.F.);
#10342 = ORIENTED_EDGE('',*,*,#1058,.F.);
#10343 = PLANE('',#10344);
#10344 = AXIS2_PLACEMENT_3D('',#10345,#10346,#10347);
#10345 = CARTESIAN_POINT('',(18.637552,-56.709513,0.));
#10346 = DIRECTION('',(-0.995087497925,9.899935087422E-02,0.));
#10347 = DIRECTION('',(9.899935087422E-02,0.995087497925,0.));
#10348 = ADVANCED_FACE('',(#10349),#10360,.T.);
#10349 = FACE_BOUND('',#10350,.T.);
#10350 = EDGE_LOOP('',(#10351,#10352,#10353,#10359));
#10351 = ORIENTED_EDGE('',*,*,#10320,.T.);
#10352 = ORIENTED_EDGE('',*,*,#5009,.T.);
#10353 = ORIENTED_EDGE('',*,*,#10354,.F.);
#10354 = EDGE_CURVE('',#1844,#5002,#10355,.T.);
#10355 = LINE('',#10356,#10357);
#10356 = CARTESIAN_POINT('',(66.712343,-83.494826,0.));
#10357 = VECTOR('',#10358,1.);
#10358 = DIRECTION('',(0.,0.,1.));
#10359 = ORIENTED_EDGE('',*,*,#1851,.F.);
#10360 = PLANE('',#10361);
#10361 = AXIS2_PLACEMENT_3D('',#10362,#10363,#10364);
#10362 = CARTESIAN_POINT('',(67.393257,-83.729058,0.));
#10363 = DIRECTION('',(-0.325288181309,-0.945614931725,0.));
#10364 = DIRECTION('',(-0.945614931725,0.325288181309,0.));
#10365 = ADVANCED_FACE('',(#10366),#10377,.T.);
#10366 = FACE_BOUND('',#10367,.T.);
#10367 = EDGE_LOOP('',(#10368,#10374,#10375,#10376));
#10368 = ORIENTED_EDGE('',*,*,#10369,.T.);
#10369 = EDGE_CURVE('',#1067,#4225,#10370,.T.);
#10370 = LINE('',#10371,#10372);
#10371 = CARTESIAN_POINT('',(18.560623,-57.381652,0.));
#10372 = VECTOR('',#10373,1.);
#10373 = DIRECTION('',(0.,0.,1.));
#10374 = ORIENTED_EDGE('',*,*,#4224,.T.);
#10375 = ORIENTED_EDGE('',*,*,#10335,.F.);
#10376 = ORIENTED_EDGE('',*,*,#1066,.F.);
#10377 = PLANE('',#10378);
#10378 = AXIS2_PLACEMENT_3D('',#10379,#10380,#10381);
#10379 = CARTESIAN_POINT('',(18.560623,-57.381652,0.));
#10380 = DIRECTION('',(-0.993513796914,0.11371163239,0.));
#10381 = DIRECTION('',(0.11371163239,0.993513796914,0.));
#10382 = ADVANCED_FACE('',(#10383),#10394,.T.);
#10383 = FACE_BOUND('',#10384,.T.);
#10384 = EDGE_LOOP('',(#10385,#10386,#10387,#10393));
#10385 = ORIENTED_EDGE('',*,*,#10354,.T.);
#10386 = ORIENTED_EDGE('',*,*,#5001,.T.);
#10387 = ORIENTED_EDGE('',*,*,#10388,.F.);
#10388 = EDGE_CURVE('',#1836,#4994,#10389,.T.);
#10389 = LINE('',#10390,#10391);
#10390 = CARTESIAN_POINT('',(66.03463,-83.272277,0.));
#10391 = VECTOR('',#10392,1.);
#10392 = DIRECTION('',(0.,0.,1.));
#10393 = ORIENTED_EDGE('',*,*,#1843,.F.);
#10394 = PLANE('',#10395);
#10395 = AXIS2_PLACEMENT_3D('',#10396,#10397,#10398);
#10396 = CARTESIAN_POINT('',(66.712343,-83.494826,0.));
#10397 = DIRECTION('',(-0.311991163577,-0.950085003487,0.));
#10398 = DIRECTION('',(-0.950085003487,0.311991163577,0.));
#10399 = ADVANCED_FACE('',(#10400),#10411,.T.);
#10400 = FACE_BOUND('',#10401,.T.);
#10401 = EDGE_LOOP('',(#10402,#10408,#10409,#10410));
#10402 = ORIENTED_EDGE('',*,*,#10403,.T.);
#10403 = EDGE_CURVE('',#1075,#4233,#10404,.T.);
#10404 = LINE('',#10405,#10406);
#10405 = CARTESIAN_POINT('',(18.473601,-58.053836,0.));
#10406 = VECTOR('',#10407,1.);
#10407 = DIRECTION('',(0.,0.,1.));
#10408 = ORIENTED_EDGE('',*,*,#4232,.T.);
#10409 = ORIENTED_EDGE('',*,*,#10369,.F.);
#10410 = ORIENTED_EDGE('',*,*,#1074,.F.);
#10411 = PLANE('',#10412);
#10412 = AXIS2_PLACEMENT_3D('',#10413,#10414,#10415);
#10413 = CARTESIAN_POINT('',(18.473601,-58.053836,0.));
#10414 = DIRECTION('',(-0.991723740513,0.128390118401,0.));
#10415 = DIRECTION('',(0.128390118401,0.991723740513,0.));
#10416 = ADVANCED_FACE('',(#10417),#10428,.T.);
#10417 = FACE_BOUND('',#10418,.T.);
#10418 = EDGE_LOOP('',(#10419,#10420,#10421,#10427));
#10419 = ORIENTED_EDGE('',*,*,#10388,.T.);
#10420 = ORIENTED_EDGE('',*,*,#4993,.T.);
#10421 = ORIENTED_EDGE('',*,*,#10422,.F.);
#10422 = EDGE_CURVE('',#1828,#4986,#10423,.T.);
#10423 = LINE('',#10424,#10425);
#10424 = CARTESIAN_POINT('',(65.356471,-83.060138,0.));
#10425 = VECTOR('',#10426,1.);
#10426 = DIRECTION('',(0.,0.,1.));
#10427 = ORIENTED_EDGE('',*,*,#1835,.F.);
#10428 = PLANE('',#10429);
#10429 = AXIS2_PLACEMENT_3D('',#10430,#10431,#10432);
#10430 = CARTESIAN_POINT('',(66.03463,-83.272277,0.));
#10431 = DIRECTION('',(-0.298549755861,-0.95439407127,0.));
#10432 = DIRECTION('',(-0.95439407127,0.298549755861,0.));
#10433 = ADVANCED_FACE('',(#10434),#10445,.T.);
#10434 = FACE_BOUND('',#10435,.T.);
#10435 = EDGE_LOOP('',(#10436,#10442,#10443,#10444));
#10436 = ORIENTED_EDGE('',*,*,#10437,.T.);
#10437 = EDGE_CURVE('',#1083,#4241,#10438,.T.);
#10438 = LINE('',#10439,#10440);
#10439 = CARTESIAN_POINT('',(18.376577,-58.725249,0.));
#10440 = VECTOR('',#10441,1.);
#10441 = DIRECTION('',(0.,0.,1.));
#10442 = ORIENTED_EDGE('',*,*,#4240,.T.);
#10443 = ORIENTED_EDGE('',*,*,#10403,.F.);
#10444 = ORIENTED_EDGE('',*,*,#1082,.F.);
#10445 = PLANE('',#10446);
#10446 = AXIS2_PLACEMENT_3D('',#10447,#10448,#10449);
#10447 = CARTESIAN_POINT('',(18.376577,-58.725249,0.));
#10448 = DIRECTION('',(-0.989719569474,0.143021585088,0.));
#10449 = DIRECTION('',(0.143021585088,0.989719569474,0.));
#10450 = ADVANCED_FACE('',(#10451),#10462,.T.);
#10451 = FACE_BOUND('',#10452,.T.);
#10452 = EDGE_LOOP('',(#10453,#10454,#10455,#10461));
#10453 = ORIENTED_EDGE('',*,*,#10422,.T.);
#10454 = ORIENTED_EDGE('',*,*,#4985,.T.);
#10455 = ORIENTED_EDGE('',*,*,#10456,.F.);
#10456 = EDGE_CURVE('',#1820,#4978,#10457,.T.);
#10457 = LINE('',#10458,#10459);
#10458 = CARTESIAN_POINT('',(64.681068,-82.859344,0.));
#10459 = VECTOR('',#10460,1.);
#10460 = DIRECTION('',(0.,0.,1.));
#10461 = ORIENTED_EDGE('',*,*,#1827,.F.);
#10462 = PLANE('',#10463);
#10463 = AXIS2_PLACEMENT_3D('',#10464,#10465,#10466);
#10464 = CARTESIAN_POINT('',(65.356471,-83.060138,0.));
#10465 = DIRECTION('',(-0.284968329769,-0.958536932532,0.));
#10466 = DIRECTION('',(-0.958536932532,0.284968329769,0.));
#10467 = ADVANCED_FACE('',(#10468),#10479,.T.);
#10468 = FACE_BOUND('',#10469,.T.);
#10469 = EDGE_LOOP('',(#10470,#10476,#10477,#10478));
#10470 = ORIENTED_EDGE('',*,*,#10471,.T.);
#10471 = EDGE_CURVE('',#1091,#4249,#10472,.T.);
#10472 = LINE('',#10473,#10474);
#10473 = CARTESIAN_POINT('',(18.269344,-59.397165,0.));
#10474 = VECTOR('',#10475,1.);
#10475 = DIRECTION('',(0.,0.,1.));
#10476 = ORIENTED_EDGE('',*,*,#4248,.T.);
#10477 = ORIENTED_EDGE('',*,*,#10437,.F.);
#10478 = ORIENTED_EDGE('',*,*,#1090,.F.);
#10479 = PLANE('',#10480);
#10480 = AXIS2_PLACEMENT_3D('',#10481,#10482,#10483);
#10481 = CARTESIAN_POINT('',(18.269344,-59.397165,0.));
#10482 = DIRECTION('',(-0.987503275847,0.157598477755,0.));
#10483 = DIRECTION('',(0.157598477755,0.987503275847,0.));
#10484 = ADVANCED_FACE('',(#10485),#10496,.T.);
#10485 = FACE_BOUND('',#10486,.T.);
#10486 = EDGE_LOOP('',(#10487,#10488,#10489,#10495));
#10487 = ORIENTED_EDGE('',*,*,#10456,.T.);
#10488 = ORIENTED_EDGE('',*,*,#4977,.T.);
#10489 = ORIENTED_EDGE('',*,*,#10490,.F.);
#10490 = EDGE_CURVE('',#1812,#4970,#10491,.T.);
#10491 = LINE('',#10492,#10493);
#10492 = CARTESIAN_POINT('',(64.005162,-82.668861,0.));
#10493 = VECTOR('',#10494,1.);
#10494 = DIRECTION('',(0.,0.,1.));
#10495 = ORIENTED_EDGE('',*,*,#1819,.F.);
#10496 = PLANE('',#10497);
#10497 = AXIS2_PLACEMENT_3D('',#10498,#10499,#10500);
#10498 = CARTESIAN_POINT('',(64.681068,-82.859344,0.));
#10499 = DIRECTION('',(-0.271252858785,-0.962508122875,0.));
#10500 = DIRECTION('',(-0.962508122875,0.271252858785,0.));
#10501 = ADVANCED_FACE('',(#10502),#10513,.T.);
#10502 = FACE_BOUND('',#10503,.T.);
#10503 = EDGE_LOOP('',(#10504,#10510,#10511,#10512));
#10504 = ORIENTED_EDGE('',*,*,#10505,.T.);
#10505 = EDGE_CURVE('',#1099,#4257,#10506,.T.);
#10506 = LINE('',#10507,#10508);
#10507 = CARTESIAN_POINT('',(18.152071,-60.068363,0.));
#10508 = VECTOR('',#10509,1.);
#10509 = DIRECTION('',(0.,0.,1.));
#10510 = ORIENTED_EDGE('',*,*,#4256,.T.);
#10511 = ORIENTED_EDGE('',*,*,#10471,.F.);
#10512 = ORIENTED_EDGE('',*,*,#1098,.F.);
#10513 = PLANE('',#10514);
#10514 = AXIS2_PLACEMENT_3D('',#10515,#10516,#10517);
#10515 = CARTESIAN_POINT('',(18.152071,-60.068363,0.));
#10516 = DIRECTION('',(-0.985076945422,0.172114530467,0.));
#10517 = DIRECTION('',(0.172114530467,0.985076945422,0.));
#10518 = ADVANCED_FACE('',(#10519),#10530,.T.);
#10519 = FACE_BOUND('',#10520,.T.);
#10520 = EDGE_LOOP('',(#10521,#10522,#10523,#10529));
#10521 = ORIENTED_EDGE('',*,*,#10490,.T.);
#10522 = ORIENTED_EDGE('',*,*,#4969,.T.);
#10523 = ORIENTED_EDGE('',*,*,#10524,.F.);
#10524 = EDGE_CURVE('',#1804,#4962,#10525,.T.);
#10525 = LINE('',#10526,#10527);
#10526 = CARTESIAN_POINT('',(63.331566,-82.489424,0.));
#10527 = VECTOR('',#10528,1.);
#10528 = DIRECTION('',(0.,0.,1.));
#10529 = ORIENTED_EDGE('',*,*,#1811,.F.);
#10530 = PLANE('',#10531);
#10531 = AXIS2_PLACEMENT_3D('',#10532,#10533,#10534);
#10532 = CARTESIAN_POINT('',(64.005162,-82.668861,0.));
#10533 = DIRECTION('',(-0.257410049134,-0.966302264618,0.));
#10534 = DIRECTION('',(-0.966302264618,0.257410049134,0.));
#10535 = ADVANCED_FACE('',(#10536),#10547,.T.);
#10536 = FACE_BOUND('',#10537,.T.);
#10537 = EDGE_LOOP('',(#10538,#10544,#10545,#10546));
#10538 = ORIENTED_EDGE('',*,*,#10539,.T.);
#10539 = EDGE_CURVE('',#1107,#4265,#10540,.T.);
#10540 = LINE('',#10541,#10542);
#10541 = CARTESIAN_POINT('',(18.024433,-60.740519,0.));
#10542 = VECTOR('',#10543,1.);
#10543 = DIRECTION('',(0.,0.,1.));
#10544 = ORIENTED_EDGE('',*,*,#4264,.T.);
#10545 = ORIENTED_EDGE('',*,*,#10505,.F.);
#10546 = ORIENTED_EDGE('',*,*,#1106,.F.);
#10547 = PLANE('',#10548);
#10548 = AXIS2_PLACEMENT_3D('',#10549,#10550,#10551);
#10549 = CARTESIAN_POINT('',(18.024433,-60.740519,0.));
#10550 = DIRECTION('',(-0.982443648442,0.186559582002,0.));
#10551 = DIRECTION('',(0.186559582002,0.982443648442,0.));
#10552 = ADVANCED_FACE('',(#10553),#10564,.T.);
#10553 = FACE_BOUND('',#10554,.T.);
#10554 = EDGE_LOOP('',(#10555,#10556,#10557,#10563));
#10555 = ORIENTED_EDGE('',*,*,#10524,.T.);
#10556 = ORIENTED_EDGE('',*,*,#4961,.T.);
#10557 = ORIENTED_EDGE('',*,*,#10558,.F.);
#10558 = EDGE_CURVE('',#1796,#4954,#10559,.T.);
#10559 = LINE('',#10560,#10561);
#10560 = CARTESIAN_POINT('',(62.657413,-82.320211,0.));
#10561 = VECTOR('',#10562,1.);
#10562 = DIRECTION('',(0.,0.,1.));
#10563 = ORIENTED_EDGE('',*,*,#1803,.F.);
#10564 = PLANE('',#10565);
#10565 = AXIS2_PLACEMENT_3D('',#10566,#10567,#10568);
#10566 = CARTESIAN_POINT('',(63.331566,-82.489424,0.));
#10567 = DIRECTION('',(-0.243449185773,-0.96991365283,0.));
#10568 = DIRECTION('',(-0.96991365283,0.243449185773,0.));
#10569 = ADVANCED_FACE('',(#10570),#10581,.T.);
#10570 = FACE_BOUND('',#10571,.T.);
#10571 = EDGE_LOOP('',(#10572,#10578,#10579,#10580));
#10572 = ORIENTED_EDGE('',*,*,#10573,.T.);
#10573 = EDGE_CURVE('',#1115,#4273,#10574,.T.);
#10574 = LINE('',#10575,#10576);
#10575 = CARTESIAN_POINT('',(17.886707,-61.412011,0.));
#10576 = VECTOR('',#10577,1.);
#10577 = DIRECTION('',(0.,0.,1.));
#10578 = ORIENTED_EDGE('',*,*,#4272,.T.);
#10579 = ORIENTED_EDGE('',*,*,#10539,.F.);
#10580 = ORIENTED_EDGE('',*,*,#1114,.F.);
#10581 = PLANE('',#10582);
#10582 = AXIS2_PLACEMENT_3D('',#10583,#10584,#10585);
#10583 = CARTESIAN_POINT('',(17.886707,-61.412011,0.));
#10584 = DIRECTION('',(-0.979607280353,0.200921816334,0.));
#10585 = DIRECTION('',(0.200921816334,0.979607280353,0.));
#10586 = ADVANCED_FACE('',(#10587),#10598,.T.);
#10587 = FACE_BOUND('',#10588,.T.);
#10588 = EDGE_LOOP('',(#10589,#10590,#10591,#10597));
#10589 = ORIENTED_EDGE('',*,*,#10558,.T.);
#10590 = ORIENTED_EDGE('',*,*,#4953,.T.);
#10591 = ORIENTED_EDGE('',*,*,#10592,.F.);
#10592 = EDGE_CURVE('',#1788,#4946,#10593,.T.);
#10593 = LINE('',#10594,#10595);
#10594 = CARTESIAN_POINT('',(61.985121,-82.161779,0.));
#10595 = VECTOR('',#10596,1.);
#10596 = DIRECTION('',(0.,0.,1.));
#10597 = ORIENTED_EDGE('',*,*,#1795,.F.);
#10598 = PLANE('',#10599);
#10599 = AXIS2_PLACEMENT_3D('',#10600,#10601,#10602);
#10600 = CARTESIAN_POINT('',(62.657413,-82.320211,0.));
#10601 = DIRECTION('',(-0.229376308614,-0.973337818564,0.));
#10602 = DIRECTION('',(-0.973337818564,0.229376308614,0.));
#10603 = ADVANCED_FACE('',(#10604),#10615,.T.);
#10604 = FACE_BOUND('',#10605,.T.);
#10605 = EDGE_LOOP('',(#10606,#10612,#10613,#10614));
#10606 = ORIENTED_EDGE('',*,*,#10607,.T.);
#10607 = EDGE_CURVE('',#1123,#4281,#10608,.T.);
#10608 = LINE('',#10609,#10610);
#10609 = CARTESIAN_POINT('',(17.738427,-62.084914,0.));
#10610 = VECTOR('',#10611,1.);
#10611 = DIRECTION('',(0.,0.,1.));
#10612 = ORIENTED_EDGE('',*,*,#4280,.T.);
#10613 = ORIENTED_EDGE('',*,*,#10573,.F.);
#10614 = ORIENTED_EDGE('',*,*,#1122,.F.);
#10615 = PLANE('',#10616);
#10616 = AXIS2_PLACEMENT_3D('',#10617,#10618,#10619);
#10617 = CARTESIAN_POINT('',(17.738427,-62.084914,0.));
#10618 = DIRECTION('',(-0.976570911434,0.215195852519,0.));
#10619 = DIRECTION('',(0.215195852519,0.976570911434,0.));
#10620 = ADVANCED_FACE('',(#10621),#10632,.T.);
#10621 = FACE_BOUND('',#10622,.T.);
#10622 = EDGE_LOOP('',(#10623,#10624,#10625,#10631));
#10623 = ORIENTED_EDGE('',*,*,#10592,.T.);
#10624 = ORIENTED_EDGE('',*,*,#4945,.T.);
#10625 = ORIENTED_EDGE('',*,*,#10626,.F.);
#10626 = EDGE_CURVE('',#1780,#4938,#10627,.T.);
#10627 = LINE('',#10628,#10629);
#10628 = CARTESIAN_POINT('',(61.312218,-82.013499,0.));
#10629 = VECTOR('',#10630,1.);
#10630 = DIRECTION('',(0.,0.,1.));
#10631 = ORIENTED_EDGE('',*,*,#1787,.F.);
#10632 = PLANE('',#10633);
#10633 = AXIS2_PLACEMENT_3D('',#10634,#10635,#10636);
#10634 = CARTESIAN_POINT('',(61.985121,-82.161779,0.));
#10635 = DIRECTION('',(-0.215195852519,-0.976570911434,0.));
#10636 = DIRECTION('',(-0.976570911434,0.215195852519,0.));
#10637 = ADVANCED_FACE('',(#10638),#10649,.T.);
#10638 = FACE_BOUND('',#10639,.T.);
#10639 = EDGE_LOOP('',(#10640,#10646,#10647,#10648));
#10640 = ORIENTED_EDGE('',*,*,#10641,.T.);
#10641 = EDGE_CURVE('',#1131,#4289,#10642,.T.);
#10642 = LINE('',#10643,#10644);
#10643 = CARTESIAN_POINT('',(17.579995,-62.757206,0.));
#10644 = VECTOR('',#10645,1.);
#10645 = DIRECTION('',(0.,0.,1.));
#10646 = ORIENTED_EDGE('',*,*,#4288,.T.);
#10647 = ORIENTED_EDGE('',*,*,#10607,.F.);
#10648 = ORIENTED_EDGE('',*,*,#1130,.F.);
#10649 = PLANE('',#10650);
#10650 = AXIS2_PLACEMENT_3D('',#10651,#10652,#10653);
#10651 = CARTESIAN_POINT('',(17.579995,-62.757206,0.));
#10652 = DIRECTION('',(-0.973337818564,0.229376308614,0.));
#10653 = DIRECTION('',(0.229376308614,0.973337818564,0.));
#10654 = ADVANCED_FACE('',(#10655),#10666,.T.);
#10655 = FACE_BOUND('',#10656,.T.);
#10656 = EDGE_LOOP('',(#10657,#10658,#10659,#10665));
#10657 = ORIENTED_EDGE('',*,*,#10626,.T.);
#10658 = ORIENTED_EDGE('',*,*,#4937,.T.);
#10659 = ORIENTED_EDGE('',*,*,#10660,.F.);
#10660 = EDGE_CURVE('',#1772,#4930,#10661,.T.);
#10661 = LINE('',#10662,#10663);
#10662 = CARTESIAN_POINT('',(60.640726,-81.875773,0.));
#10663 = VECTOR('',#10664,1.);
#10664 = DIRECTION('',(0.,0.,1.));
#10665 = ORIENTED_EDGE('',*,*,#1779,.F.);
#10666 = PLANE('',#10667);
#10667 = AXIS2_PLACEMENT_3D('',#10668,#10669,#10670);
#10668 = CARTESIAN_POINT('',(61.312218,-82.013499,0.));
#10669 = DIRECTION('',(-0.200921816334,-0.979607280353,0.));
#10670 = DIRECTION('',(-0.979607280353,0.200921816334,0.));
#10671 = ADVANCED_FACE('',(#10672),#10683,.T.);
#10672 = FACE_BOUND('',#10673,.T.);
#10673 = EDGE_LOOP('',(#10674,#10680,#10681,#10682));
#10674 = ORIENTED_EDGE('',*,*,#10675,.T.);
#10675 = EDGE_CURVE('',#1139,#4297,#10676,.T.);
#10676 = LINE('',#10677,#10678);
#10677 = CARTESIAN_POINT('',(17.410782,-63.431359,0.));
#10678 = VECTOR('',#10679,1.);
#10679 = DIRECTION('',(0.,0.,1.));
#10680 = ORIENTED_EDGE('',*,*,#4296,.T.);
#10681 = ORIENTED_EDGE('',*,*,#10641,.F.);
#10682 = ORIENTED_EDGE('',*,*,#1138,.F.);
#10683 = PLANE('',#10684);
#10684 = AXIS2_PLACEMENT_3D('',#10685,#10686,#10687);
#10685 = CARTESIAN_POINT('',(17.410782,-63.431359,0.));
#10686 = DIRECTION('',(-0.96991365283,0.243449185773,0.));
#10687 = DIRECTION('',(0.243449185773,0.96991365283,0.));
#10688 = ADVANCED_FACE('',(#10689),#10700,.T.);
#10689 = FACE_BOUND('',#10690,.T.);
#10690 = EDGE_LOOP('',(#10691,#10692,#10693,#10699));
#10691 = ORIENTED_EDGE('',*,*,#10660,.T.);
#10692 = ORIENTED_EDGE('',*,*,#4929,.T.);
#10693 = ORIENTED_EDGE('',*,*,#10694,.F.);
#10694 = EDGE_CURVE('',#1764,#4922,#10695,.T.);
#10695 = LINE('',#10696,#10697);
#10696 = CARTESIAN_POINT('',(59.96857,-81.748135,0.));
#10697 = VECTOR('',#10698,1.);
#10698 = DIRECTION('',(0.,0.,1.));
#10699 = ORIENTED_EDGE('',*,*,#1771,.F.);
#10700 = PLANE('',#10701);
#10701 = AXIS2_PLACEMENT_3D('',#10702,#10703,#10704);
#10702 = CARTESIAN_POINT('',(60.640726,-81.875773,0.));
#10703 = DIRECTION('',(-0.186559582001,-0.982443648442,0.));
#10704 = DIRECTION('',(-0.982443648442,0.186559582001,0.));
#10705 = ADVANCED_FACE('',(#10706),#10717,.T.);
#10706 = FACE_BOUND('',#10707,.T.);
#10707 = EDGE_LOOP('',(#10708,#10714,#10715,#10716));
#10708 = ORIENTED_EDGE('',*,*,#10709,.T.);
#10709 = EDGE_CURVE('',#1147,#4305,#10710,.T.);
#10710 = LINE('',#10711,#10712);
#10711 = CARTESIAN_POINT('',(17.231345,-64.104955,0.));
#10712 = VECTOR('',#10713,1.);
#10713 = DIRECTION('',(0.,0.,1.));
#10714 = ORIENTED_EDGE('',*,*,#4304,.T.);
#10715 = ORIENTED_EDGE('',*,*,#10675,.F.);
#10716 = ORIENTED_EDGE('',*,*,#1146,.F.);
#10717 = PLANE('',#10718);
#10718 = AXIS2_PLACEMENT_3D('',#10719,#10720,#10721);
#10719 = CARTESIAN_POINT('',(17.231345,-64.104955,0.));
#10720 = DIRECTION('',(-0.966302264618,0.257410049134,0.));
#10721 = DIRECTION('',(0.257410049134,0.966302264618,0.));
#10722 = ADVANCED_FACE('',(#10723),#10734,.T.);
#10723 = FACE_BOUND('',#10724,.T.);
#10724 = EDGE_LOOP('',(#10725,#10726,#10727,#10733));
#10725 = ORIENTED_EDGE('',*,*,#10694,.T.);
#10726 = ORIENTED_EDGE('',*,*,#4921,.T.);
#10727 = ORIENTED_EDGE('',*,*,#10728,.F.);
#10728 = EDGE_CURVE('',#1756,#4914,#10729,.T.);
#10729 = LINE('',#10730,#10731);
#10730 = CARTESIAN_POINT('',(59.297372,-81.630862,0.));
#10731 = VECTOR('',#10732,1.);
#10732 = DIRECTION('',(0.,0.,1.));
#10733 = ORIENTED_EDGE('',*,*,#1763,.F.);
#10734 = PLANE('',#10735);
#10735 = AXIS2_PLACEMENT_3D('',#10736,#10737,#10738);
#10736 = CARTESIAN_POINT('',(59.96857,-81.748135,0.));
#10737 = DIRECTION('',(-0.172114530467,-0.985076945422,0.));
#10738 = DIRECTION('',(-0.985076945422,0.172114530467,0.));
#10739 = ADVANCED_FACE('',(#10740),#10751,.T.);
#10740 = FACE_BOUND('',#10741,.T.);
#10741 = EDGE_LOOP('',(#10742,#10748,#10749,#10750));
#10742 = ORIENTED_EDGE('',*,*,#10743,.T.);
#10743 = EDGE_CURVE('',#1155,#4313,#10744,.T.);
#10744 = LINE('',#10745,#10746);
#10745 = CARTESIAN_POINT('',(17.040862,-64.780861,0.));
#10746 = VECTOR('',#10747,1.);
#10747 = DIRECTION('',(0.,0.,1.));
#10748 = ORIENTED_EDGE('',*,*,#4312,.T.);
#10749 = ORIENTED_EDGE('',*,*,#10709,.F.);
#10750 = ORIENTED_EDGE('',*,*,#1154,.F.);
#10751 = PLANE('',#10752);
#10752 = AXIS2_PLACEMENT_3D('',#10753,#10754,#10755);
#10753 = CARTESIAN_POINT('',(17.040862,-64.780861,0.));
#10754 = DIRECTION('',(-0.962508122875,0.271252858785,0.));
#10755 = DIRECTION('',(0.271252858785,0.962508122875,0.));
#10756 = ADVANCED_FACE('',(#10757),#10768,.T.);
#10757 = FACE_BOUND('',#10758,.T.);
#10758 = EDGE_LOOP('',(#10759,#10760,#10761,#10767));
#10759 = ORIENTED_EDGE('',*,*,#10728,.T.);
#10760 = ORIENTED_EDGE('',*,*,#4913,.T.);
#10761 = ORIENTED_EDGE('',*,*,#10762,.F.);
#10762 = EDGE_CURVE('',#1748,#4906,#10763,.T.);
#10763 = LINE('',#10764,#10765);
#10764 = CARTESIAN_POINT('',(58.625456,-81.523629,0.));
#10765 = VECTOR('',#10766,1.);
#10766 = DIRECTION('',(0.,0.,1.));
#10767 = ORIENTED_EDGE('',*,*,#1755,.F.);
#10768 = PLANE('',#10769);
#10769 = AXIS2_PLACEMENT_3D('',#10770,#10771,#10772);
#10770 = CARTESIAN_POINT('',(59.297372,-81.630862,0.));
#10771 = DIRECTION('',(-0.157598477755,-0.987503275847,0.));
#10772 = DIRECTION('',(-0.987503275847,0.157598477755,0.));
#10773 = ADVANCED_FACE('',(#10774),#10785,.T.);
#10774 = FACE_BOUND('',#10775,.T.);
#10775 = EDGE_LOOP('',(#10776,#10782,#10783,#10784));
#10776 = ORIENTED_EDGE('',*,*,#10777,.T.);
#10777 = EDGE_CURVE('',#1163,#4321,#10778,.T.);
#10778 = LINE('',#10779,#10780);
#10779 = CARTESIAN_POINT('',(16.840068,-65.456264,0.));
#10780 = VECTOR('',#10781,1.);
#10781 = DIRECTION('',(0.,0.,1.));
#10782 = ORIENTED_EDGE('',*,*,#4320,.T.);
#10783 = ORIENTED_EDGE('',*,*,#10743,.F.);
#10784 = ORIENTED_EDGE('',*,*,#1162,.F.);
#10785 = PLANE('',#10786);
#10786 = AXIS2_PLACEMENT_3D('',#10787,#10788,#10789);
#10787 = CARTESIAN_POINT('',(16.840068,-65.456264,0.));
#10788 = DIRECTION('',(-0.958536932532,0.284968329769,0.));
#10789 = DIRECTION('',(0.284968329769,0.958536932532,0.));
#10790 = ADVANCED_FACE('',(#10791),#10802,.T.);
#10791 = FACE_BOUND('',#10792,.T.);
#10792 = EDGE_LOOP('',(#10793,#10794,#10795,#10801));
#10793 = ORIENTED_EDGE('',*,*,#10762,.T.);
#10794 = ORIENTED_EDGE('',*,*,#4905,.T.);
#10795 = ORIENTED_EDGE('',*,*,#10796,.F.);
#10796 = EDGE_CURVE('',#1740,#4898,#10797,.T.);
#10797 = LINE('',#10798,#10799);
#10798 = CARTESIAN_POINT('',(57.954043,-81.426605,0.));
#10799 = VECTOR('',#10800,1.);
#10800 = DIRECTION('',(0.,0.,1.));
#10801 = ORIENTED_EDGE('',*,*,#1747,.F.);
#10802 = PLANE('',#10803);
#10803 = AXIS2_PLACEMENT_3D('',#10804,#10805,#10806);
#10804 = CARTESIAN_POINT('',(58.625456,-81.523629,0.));
#10805 = DIRECTION('',(-0.143021585088,-0.989719569474,0.));
#10806 = DIRECTION('',(-0.989719569474,0.143021585088,0.));
#10807 = ADVANCED_FACE('',(#10808),#10819,.T.);
#10808 = FACE_BOUND('',#10809,.T.);
#10809 = EDGE_LOOP('',(#10810,#10816,#10817,#10818));
#10810 = ORIENTED_EDGE('',*,*,#10811,.T.);
#10811 = EDGE_CURVE('',#1171,#4329,#10812,.T.);
#10812 = LINE('',#10813,#10814);
#10813 = CARTESIAN_POINT('',(16.627929,-66.134423,0.));
#10814 = VECTOR('',#10815,1.);
#10815 = DIRECTION('',(0.,0.,1.));
#10816 = ORIENTED_EDGE('',*,*,#4328,.T.);
#10817 = ORIENTED_EDGE('',*,*,#10777,.F.);
#10818 = ORIENTED_EDGE('',*,*,#1170,.F.);
#10819 = PLANE('',#10820);
#10820 = AXIS2_PLACEMENT_3D('',#10821,#10822,#10823);
#10821 = CARTESIAN_POINT('',(16.627929,-66.134423,0.));
#10822 = DIRECTION('',(-0.95439407127,0.298549755861,0.));
#10823 = DIRECTION('',(0.298549755861,0.95439407127,0.));
#10824 = ADVANCED_FACE('',(#10825),#10836,.T.);
#10825 = FACE_BOUND('',#10826,.T.);
#10826 = EDGE_LOOP('',(#10827,#10828,#10829,#10835));
#10827 = ORIENTED_EDGE('',*,*,#10796,.T.);
#10828 = ORIENTED_EDGE('',*,*,#4897,.T.);
#10829 = ORIENTED_EDGE('',*,*,#10830,.F.);
#10830 = EDGE_CURVE('',#1732,#4890,#10831,.T.);
#10831 = LINE('',#10832,#10833);
#10832 = CARTESIAN_POINT('',(57.281859,-81.339583,0.));
#10833 = VECTOR('',#10834,1.);
#10834 = DIRECTION('',(0.,0.,1.));
#10835 = ORIENTED_EDGE('',*,*,#1739,.F.);
#10836 = PLANE('',#10837);
#10837 = AXIS2_PLACEMENT_3D('',#10838,#10839,#10840);
#10838 = CARTESIAN_POINT('',(57.954043,-81.426605,0.));
#10839 = DIRECTION('',(-0.1283901184,-0.991723740513,0.));
#10840 = DIRECTION('',(-0.991723740513,0.1283901184,0.));
#10841 = ADVANCED_FACE('',(#10842),#10853,.T.);
#10842 = FACE_BOUND('',#10843,.T.);
#10843 = EDGE_LOOP('',(#10844,#10850,#10851,#10852));
#10844 = ORIENTED_EDGE('',*,*,#10845,.T.);
#10845 = EDGE_CURVE('',#1179,#4337,#10846,.T.);
#10846 = LINE('',#10847,#10848);
#10847 = CARTESIAN_POINT('',(16.40538,-66.812136,0.));
#10848 = VECTOR('',#10849,1.);
#10849 = DIRECTION('',(0.,0.,1.));
#10850 = ORIENTED_EDGE('',*,*,#4336,.T.);
#10851 = ORIENTED_EDGE('',*,*,#10811,.F.);
#10852 = ORIENTED_EDGE('',*,*,#1178,.F.);
#10853 = PLANE('',#10854);
#10854 = AXIS2_PLACEMENT_3D('',#10855,#10856,#10857);
#10855 = CARTESIAN_POINT('',(16.40538,-66.812136,0.));
#10856 = DIRECTION('',(-0.950085003487,0.311991163577,0.));
#10857 = DIRECTION('',(0.311991163577,0.950085003487,0.));
#10858 = ADVANCED_FACE('',(#10859),#10870,.T.);
#10859 = FACE_BOUND('',#10860,.T.);
#10860 = EDGE_LOOP('',(#10861,#10862,#10863,#10869));
#10861 = ORIENTED_EDGE('',*,*,#10830,.T.);
#10862 = ORIENTED_EDGE('',*,*,#4889,.T.);
#10863 = ORIENTED_EDGE('',*,*,#10864,.F.);
#10864 = EDGE_CURVE('',#1724,#4882,#10865,.T.);
#10865 = LINE('',#10866,#10867);
#10866 = CARTESIAN_POINT('',(56.60972,-81.262654,0.));
#10867 = VECTOR('',#10868,1.);
#10868 = DIRECTION('',(0.,0.,1.));
#10869 = ORIENTED_EDGE('',*,*,#1731,.F.);
#10870 = PLANE('',#10871);
#10871 = AXIS2_PLACEMENT_3D('',#10872,#10873,#10874);
#10872 = CARTESIAN_POINT('',(57.281859,-81.339583,0.));
#10873 = DIRECTION('',(-0.11371163239,-0.993513796914,0.));
#10874 = DIRECTION('',(-0.993513796914,0.11371163239,0.));
#10875 = ADVANCED_FACE('',(#10876),#10887,.T.);
#10876 = FACE_BOUND('',#10877,.T.);
#10877 = EDGE_LOOP('',(#10878,#10884,#10885,#10886));
#10878 = ORIENTED_EDGE('',*,*,#10879,.T.);
#10879 = EDGE_CURVE('',#1187,#4345,#10880,.T.);
#10880 = LINE('',#10881,#10882);
#10881 = CARTESIAN_POINT('',(16.171148,-67.49305,0.));
#10882 = VECTOR('',#10883,1.);
#10883 = DIRECTION('',(0.,0.,1.));
#10884 = ORIENTED_EDGE('',*,*,#4344,.T.);
#10885 = ORIENTED_EDGE('',*,*,#10845,.F.);
#10886 = ORIENTED_EDGE('',*,*,#1186,.F.);
#10887 = PLANE('',#10888);
#10888 = AXIS2_PLACEMENT_3D('',#10889,#10890,#10891);
#10889 = CARTESIAN_POINT('',(16.171148,-67.49305,0.));
#10890 = DIRECTION('',(-0.945614931725,0.325288181309,0.));
#10891 = DIRECTION('',(0.325288181309,0.945614931725,0.));
#10892 = ADVANCED_FACE('',(#10893),#10904,.T.);
#10893 = FACE_BOUND('',#10894,.T.);
#10894 = EDGE_LOOP('',(#10895,#10896,#10897,#10903));
#10895 = ORIENTED_EDGE('',*,*,#10864,.T.);
#10896 = ORIENTED_EDGE('',*,*,#4881,.T.);
#10897 = ORIENTED_EDGE('',*,*,#10898,.F.);
#10898 = EDGE_CURVE('',#1716,#4874,#10899,.T.);
#10899 = LINE('',#10900,#10901);
#10900 = CARTESIAN_POINT('',(55.936755,-81.195702,0.));
#10901 = VECTOR('',#10902,1.);
#10902 = DIRECTION('',(0.,0.,1.));
#10903 = ORIENTED_EDGE('',*,*,#1723,.F.);
#10904 = PLANE('',#10905);
#10905 = AXIS2_PLACEMENT_3D('',#10906,#10907,#10908);
#10906 = CARTESIAN_POINT('',(56.60972,-81.262654,0.));
#10907 = DIRECTION('',(-9.899935087422E-02,-0.995087497925,0.));
#10908 = DIRECTION('',(-0.995087497925,9.899935087422E-02,0.));
#10909 = ADVANCED_FACE('',(#10910),#10921,.T.);
#10910 = FACE_BOUND('',#10911,.T.);
#10911 = EDGE_LOOP('',(#10912,#10918,#10919,#10920));
#10912 = ORIENTED_EDGE('',*,*,#10913,.T.);
#10913 = EDGE_CURVE('',#1195,#4353,#10914,.T.);
#10914 = LINE('',#10915,#10916);
#10915 = CARTESIAN_POINT('',(15.926395,-68.173572,0.));
#10916 = VECTOR('',#10917,1.);
#10917 = DIRECTION('',(0.,0.,1.));
#10918 = ORIENTED_EDGE('',*,*,#4352,.T.);
#10919 = ORIENTED_EDGE('',*,*,#10879,.F.);
#10920 = ORIENTED_EDGE('',*,*,#1194,.F.);
#10921 = PLANE('',#10922);
#10922 = AXIS2_PLACEMENT_3D('',#10923,#10924,#10925);
#10923 = CARTESIAN_POINT('',(15.926395,-68.173572,0.));
#10924 = DIRECTION('',(-0.940990891927,0.338431885776,0.));
#10925 = DIRECTION('',(0.338431885776,0.940990891927,0.));
#10926 = ADVANCED_FACE('',(#10927),#10938,.T.);
#10927 = FACE_BOUND('',#10928,.T.);
#10928 = EDGE_LOOP('',(#10929,#10930,#10931,#10937));
#10929 = ORIENTED_EDGE('',*,*,#10898,.T.);
#10930 = ORIENTED_EDGE('',*,*,#4873,.T.);
#10931 = ORIENTED_EDGE('',*,*,#10932,.F.);
#10932 = EDGE_CURVE('',#1708,#4866,#10933,.T.);
#10933 = LINE('',#10934,#10935);
#10934 = CARTESIAN_POINT('',(55.263376,-81.13876,0.));
#10935 = VECTOR('',#10936,1.);
#10936 = DIRECTION('',(0.,0.,1.));
#10937 = ORIENTED_EDGE('',*,*,#1715,.F.);
#10938 = PLANE('',#10939);
#10939 = AXIS2_PLACEMENT_3D('',#10940,#10941,#10942);
#10940 = CARTESIAN_POINT('',(55.936755,-81.195702,0.));
#10941 = DIRECTION('',(-8.42608677258E-02,-0.996443729555,0.));
#10942 = DIRECTION('',(-0.996443729555,8.42608677258E-02,0.));
#10943 = ADVANCED_FACE('',(#10944),#10955,.T.);
#10944 = FACE_BOUND('',#10945,.T.);
#10945 = EDGE_LOOP('',(#10946,#10952,#10953,#10954));
#10946 = ORIENTED_EDGE('',*,*,#10947,.T.);
#10947 = EDGE_CURVE('',#1203,#4361,#10948,.T.);
#10948 = LINE('',#10949,#10950);
#10949 = CARTESIAN_POINT('',(15.669585,-68.857741,0.));
#10950 = VECTOR('',#10951,1.);
#10951 = DIRECTION('',(0.,0.,1.));
#10952 = ORIENTED_EDGE('',*,*,#4360,.T.);
#10953 = ORIENTED_EDGE('',*,*,#10913,.F.);
#10954 = ORIENTED_EDGE('',*,*,#1202,.F.);
#10955 = PLANE('',#10956);
#10956 = AXIS2_PLACEMENT_3D('',#10957,#10958,#10959);
#10957 = CARTESIAN_POINT('',(15.669585,-68.857741,0.));
#10958 = DIRECTION('',(-0.936218177794,0.351419298798,0.));
#10959 = DIRECTION('',(0.351419298798,0.936218177794,0.));
#10960 = ADVANCED_FACE('',(#10961),#10972,.T.);
#10961 = FACE_BOUND('',#10962,.T.);
#10962 = EDGE_LOOP('',(#10963,#10964,#10965,#10971));
#10963 = ORIENTED_EDGE('',*,*,#10932,.T.);
#10964 = ORIENTED_EDGE('',*,*,#4865,.T.);
#10965 = ORIENTED_EDGE('',*,*,#10966,.F.);
#10966 = EDGE_CURVE('',#1700,#4858,#10967,.T.);
#10967 = LINE('',#10968,#10969);
#10968 = CARTESIAN_POINT('',(54.589117,-81.091782,0.));
#10969 = VECTOR('',#10970,1.);
#10970 = DIRECTION('',(0.,0.,1.));
#10971 = ORIENTED_EDGE('',*,*,#1707,.F.);
#10972 = PLANE('',#10973);
#10973 = AXIS2_PLACEMENT_3D('',#10974,#10975,#10976);
#10974 = CARTESIAN_POINT('',(55.263376,-81.13876,0.));
#10975 = DIRECTION('',(-6.950502473467E-02,-0.997581601443,0.));
#10976 = DIRECTION('',(-0.997581601443,6.950502473467E-02,0.));
#10977 = ADVANCED_FACE('',(#10978),#10989,.T.);
#10978 = FACE_BOUND('',#10979,.T.);
#10979 = EDGE_LOOP('',(#10980,#10986,#10987,#10988));
#10980 = ORIENTED_EDGE('',*,*,#10981,.T.);
#10981 = EDGE_CURVE('',#1211,#4369,#10982,.T.);
#10982 = LINE('',#10983,#10984);
#10983 = CARTESIAN_POINT('',(15.40213,-69.541576,0.));
#10984 = VECTOR('',#10985,1.);
#10985 = DIRECTION('',(0.,0.,1.));
#10986 = ORIENTED_EDGE('',*,*,#4368,.T.);
#10987 = ORIENTED_EDGE('',*,*,#10947,.F.);
#10988 = ORIENTED_EDGE('',*,*,#1210,.F.);
#10989 = PLANE('',#10990);
#10990 = AXIS2_PLACEMENT_3D('',#10991,#10992,#10993);
#10991 = CARTESIAN_POINT('',(15.40213,-69.541576,0.));
#10992 = DIRECTION('',(-0.931304051323,0.364242726749,0.));
#10993 = DIRECTION('',(0.364242726749,0.931304051323,0.));
#10994 = ADVANCED_FACE('',(#10995),#11006,.T.);
#10995 = FACE_BOUND('',#10996,.T.);
#10996 = EDGE_LOOP('',(#10997,#10998,#10999,#11005));
#10997 = ORIENTED_EDGE('',*,*,#10966,.T.);
#10998 = ORIENTED_EDGE('',*,*,#4857,.T.);
#10999 = ORIENTED_EDGE('',*,*,#11000,.F.);
#11000 = EDGE_CURVE('',#1692,#4850,#11001,.T.);
#11001 = LINE('',#11002,#11003);
#11002 = CARTESIAN_POINT('',(53.237908,-81.027719,0.));
#11003 = VECTOR('',#11004,1.);
#11004 = DIRECTION('',(0.,0.,1.));
#11005 = ORIENTED_EDGE('',*,*,#1699,.F.);
#11006 = PLANE('',#11007);
#11007 = AXIS2_PLACEMENT_3D('',#11008,#11009,#11010);
#11008 = CARTESIAN_POINT('',(54.589117,-81.091782,0.));
#11009 = DIRECTION('',(-4.73584166449E-02,-0.9988779607,0.));
#11010 = DIRECTION('',(-0.9988779607,4.73584166449E-02,0.));
#11011 = ADVANCED_FACE('',(#11012),#11023,.T.);
#11012 = FACE_BOUND('',#11013,.T.);
#11013 = EDGE_LOOP('',(#11014,#11020,#11021,#11022));
#11014 = ORIENTED_EDGE('',*,*,#11015,.T.);
#11015 = EDGE_CURVE('',#1219,#4377,#11016,.T.);
#11016 = LINE('',#11017,#11018);
#11017 = CARTESIAN_POINT('',(15.122207,-70.229501,0.));
#11018 = VECTOR('',#11019,1.);
#11019 = DIRECTION('',(0.,0.,1.));
#11020 = ORIENTED_EDGE('',*,*,#4376,.T.);
#11021 = ORIENTED_EDGE('',*,*,#10981,.F.);
#11022 = ORIENTED_EDGE('',*,*,#1218,.F.);
#11023 = PLANE('',#11024);
#11024 = AXIS2_PLACEMENT_3D('',#11025,#11026,#11027);
#11025 = CARTESIAN_POINT('',(15.122207,-70.229501,0.));
#11026 = DIRECTION('',(-0.92625352234,0.37690106441,0.));
#11027 = DIRECTION('',(0.37690106441,0.92625352234,0.));
#11028 = ADVANCED_FACE('',(#11029),#11040,.T.);
#11029 = FACE_BOUND('',#11030,.T.);
#11030 = EDGE_LOOP('',(#11031,#11032,#11033,#11039));
#11031 = ORIENTED_EDGE('',*,*,#11000,.T.);
#11032 = ORIENTED_EDGE('',*,*,#4849,.T.);
#11033 = ORIENTED_EDGE('',*,*,#11034,.F.);
#11034 = EDGE_CURVE('',#1684,#4842,#11035,.T.);
#11035 = LINE('',#11036,#11037);
#11036 = CARTESIAN_POINT('',(51.882088,-81.003505,0.));
#11037 = VECTOR('',#11038,1.);
#11038 = DIRECTION('',(0.,0.,1.));
#11039 = ORIENTED_EDGE('',*,*,#1691,.F.);
#11040 = PLANE('',#11041);
#11041 = AXIS2_PLACEMENT_3D('',#11042,#11043,#11044);
#11042 = CARTESIAN_POINT('',(53.237908,-81.027719,0.));
#11043 = DIRECTION('',(-1.785645538418E-02,-0.99984056079,0.));
#11044 = DIRECTION('',(-0.99984056079,1.785645538418E-02,0.));
#11045 = ADVANCED_FACE('',(#11046),#11057,.T.);
#11046 = FACE_BOUND('',#11047,.T.);
#11047 = EDGE_LOOP('',(#11048,#11054,#11055,#11056));
#11048 = ORIENTED_EDGE('',*,*,#11049,.T.);
#11049 = EDGE_CURVE('',#1227,#4385,#11050,.T.);
#11050 = LINE('',#11051,#11052);
#11051 = CARTESIAN_POINT('',(14.831501,-70.91715,0.));
#11052 = VECTOR('',#11053,1.);
#11053 = DIRECTION('',(0.,0.,1.));
#11054 = ORIENTED_EDGE('',*,*,#4384,.T.);
#11055 = ORIENTED_EDGE('',*,*,#11015,.F.);
#11056 = ORIENTED_EDGE('',*,*,#1226,.F.);
#11057 = PLANE('',#11058);
#11058 = AXIS2_PLACEMENT_3D('',#11059,#11060,#11061);
#11059 = CARTESIAN_POINT('',(14.831501,-70.91715,0.));
#11060 = DIRECTION('',(-0.921074125661,0.389387281556,0.));
#11061 = DIRECTION('',(0.389387281556,0.921074125661,0.));
#11062 = ADVANCED_FACE('',(#11063),#11074,.T.);
#11063 = FACE_BOUND('',#11064,.T.);
#11064 = EDGE_LOOP('',(#11065,#11066,#11067,#11073));
#11065 = ORIENTED_EDGE('',*,*,#11034,.T.);
#11066 = ORIENTED_EDGE('',*,*,#4841,.T.);
#11067 = ORIENTED_EDGE('',*,*,#11068,.F.);
#11068 = EDGE_CURVE('',#1676,#4834,#11069,.T.);
#11069 = LINE('',#11070,#11071);
#11070 = CARTESIAN_POINT('',(50.520605,-81.019227,0.));
#11071 = VECTOR('',#11072,1.);
#11072 = DIRECTION('',(0.,0.,1.));
#11073 = ORIENTED_EDGE('',*,*,#1683,.F.);
#11074 = PLANE('',#11075);
#11075 = AXIS2_PLACEMENT_3D('',#11076,#11077,#11078);
#11076 = CARTESIAN_POINT('',(51.882088,-81.003505,0.));
#11077 = DIRECTION('',(1.154693216516E-02,-0.999933331956,0.));
#11078 = DIRECTION('',(-0.999933331956,-1.154693216516E-02,0.));
#11079 = ADVANCED_FACE('',(#11080),#11091,.T.);
#11080 = FACE_BOUND('',#11081,.T.);
#11081 = EDGE_LOOP('',(#11082,#11088,#11089,#11090));
#11082 = ORIENTED_EDGE('',*,*,#11083,.T.);
#11083 = EDGE_CURVE('',#1235,#4393,#11084,.T.);
#11084 = LINE('',#11085,#11086);
#11085 = CARTESIAN_POINT('',(14.527878,-71.609334,0.));
#11086 = VECTOR('',#11087,1.);
#11087 = DIRECTION('',(0.,0.,1.));
#11088 = ORIENTED_EDGE('',*,*,#4392,.T.);
#11089 = ORIENTED_EDGE('',*,*,#11049,.F.);
#11090 = ORIENTED_EDGE('',*,*,#1234,.F.);
#11091 = PLANE('',#11092);
#11092 = AXIS2_PLACEMENT_3D('',#11093,#11094,#11095);
#11093 = CARTESIAN_POINT('',(14.527878,-71.609334,0.));
#11094 = DIRECTION('',(-0.915771892296,0.401698694646,0.));
#11095 = DIRECTION('',(0.401698694646,0.915771892296,0.));
#11096 = ADVANCED_FACE('',(#11097),#11108,.T.);
#11097 = FACE_BOUND('',#11098,.T.);
#11098 = EDGE_LOOP('',(#11099,#11100,#11101,#11107));
#11099 = ORIENTED_EDGE('',*,*,#11068,.T.);
#11100 = ORIENTED_EDGE('',*,*,#4833,.T.);
#11101 = ORIENTED_EDGE('',*,*,#11102,.F.);
#11102 = EDGE_CURVE('',#1668,#4826,#11103,.T.);
#11103 = LINE('',#11104,#11105);
#11104 = CARTESIAN_POINT('',(49.152403,-81.075069,0.));
#11105 = VECTOR('',#11106,1.);
#11106 = DIRECTION('',(0.,0.,1.));
#11107 = ORIENTED_EDGE('',*,*,#1675,.F.);
#11108 = PLANE('',#11109);
#11109 = AXIS2_PLACEMENT_3D('',#11110,#11111,#11112);
#11110 = CARTESIAN_POINT('',(50.520605,-81.019227,0.));
#11111 = DIRECTION('',(4.078019720216E-02,-0.999168141764,0.));
#11112 = DIRECTION('',(-0.999168141764,-4.078019720216E-02,0.));
#11113 = ADVANCED_FACE('',(#11114),#11125,.T.);
#11114 = FACE_BOUND('',#11115,.T.);
#11115 = EDGE_LOOP('',(#11116,#11122,#11123,#11124));
#11116 = ORIENTED_EDGE('',*,*,#11117,.T.);
#11117 = EDGE_CURVE('',#1243,#4401,#11118,.T.);
#11118 = LINE('',#11119,#11120);
#11119 = CARTESIAN_POINT('',(14.213322,-72.301302,0.));
#11120 = VECTOR('',#11121,1.);
#11121 = DIRECTION('',(0.,0.,1.));
#11122 = ORIENTED_EDGE('',*,*,#4400,.T.);
#11123 = ORIENTED_EDGE('',*,*,#11083,.F.);
#11124 = ORIENTED_EDGE('',*,*,#1242,.F.);
#11125 = PLANE('',#11126);
#11126 = AXIS2_PLACEMENT_3D('',#11127,#11128,#11129);
#11127 = CARTESIAN_POINT('',(14.213322,-72.301302,0.));
#11128 = DIRECTION('',(-0.910354041915,0.413830301414,0.));
#11129 = DIRECTION('',(0.413830301414,0.910354041915,0.));
#11130 = ADVANCED_FACE('',(#11131),#11142,.T.);
#11131 = FACE_BOUND('',#11132,.T.);
#11132 = EDGE_LOOP('',(#11133,#11134,#11135,#11141));
#11133 = ORIENTED_EDGE('',*,*,#11102,.T.);
#11134 = ORIENTED_EDGE('',*,*,#4825,.T.);
#11135 = ORIENTED_EDGE('',*,*,#11136,.F.);
#11136 = EDGE_CURVE('',#1660,#4818,#11137,.T.);
#11137 = LINE('',#11138,#11139);
#11138 = CARTESIAN_POINT('',(47.776415,-81.17131,0.));
#11139 = VECTOR('',#11140,1.);
#11140 = DIRECTION('',(0.,0.,1.));
#11141 = ORIENTED_EDGE('',*,*,#1667,.F.);
#11142 = PLANE('',#11143);
#11143 = AXIS2_PLACEMENT_3D('',#11144,#11145,#11146);
#11144 = CARTESIAN_POINT('',(49.152403,-81.075069,0.));
#11145 = DIRECTION('',(6.977273950246E-02,-0.997562912714,0.));
#11146 = DIRECTION('',(-0.997562912714,-6.977273950246E-02,0.));
#11147 = ADVANCED_FACE('',(#11148),#11159,.T.);
#11148 = FACE_BOUND('',#11149,.T.);
#11149 = EDGE_LOOP('',(#11150,#11156,#11157,#11158));
#11150 = ORIENTED_EDGE('',*,*,#11151,.T.);
#11151 = EDGE_CURVE('',#1251,#4409,#11152,.T.);
#11152 = LINE('',#11153,#11154);
#11153 = CARTESIAN_POINT('',(13.885362,-72.99825,0.));
#11154 = VECTOR('',#11155,1.);
#11155 = DIRECTION('',(0.,0.,1.));
#11156 = ORIENTED_EDGE('',*,*,#4408,.T.);
#11157 = ORIENTED_EDGE('',*,*,#11117,.F.);
#11158 = ORIENTED_EDGE('',*,*,#1250,.F.);
#11159 = PLANE('',#11160);
#11160 = AXIS2_PLACEMENT_3D('',#11161,#11162,#11163);
#11161 = CARTESIAN_POINT('',(13.885362,-72.99825,0.));
#11162 = DIRECTION('',(-0.904826469602,0.425780530213,0.));
#11163 = DIRECTION('',(0.425780530213,0.904826469602,0.));
#11164 = ADVANCED_FACE('',(#11165),#11176,.T.);
#11165 = FACE_BOUND('',#11166,.T.);
#11166 = EDGE_LOOP('',(#11167,#11168,#11169,#11175));
#11167 = ORIENTED_EDGE('',*,*,#11136,.T.);
#11168 = ORIENTED_EDGE('',*,*,#4817,.T.);
#11169 = ORIENTED_EDGE('',*,*,#11170,.F.);
#11170 = EDGE_CURVE('',#1652,#4810,#11171,.T.);
#11171 = LINE('',#11172,#11173);
#11172 = CARTESIAN_POINT('',(46.391564,-81.308325,0.));
#11173 = VECTOR('',#11174,1.);
#11174 = DIRECTION('',(0.,0.,1.));
#11175 = ORIENTED_EDGE('',*,*,#1659,.F.);
#11176 = PLANE('',#11177);
#11177 = AXIS2_PLACEMENT_3D('',#11178,#11179,#11180);
#11178 = CARTESIAN_POINT('',(47.776415,-81.17131,0.));
#11179 = DIRECTION('',(9.845772307372E-02,-0.995141234583,0.));
#11180 = DIRECTION('',(-0.995141234583,-9.845772307372E-02,0.));
#11181 = ADVANCED_FACE('',(#11182),#11193,.T.);
#11182 = FACE_BOUND('',#11183,.T.);
#11183 = EDGE_LOOP('',(#11184,#11190,#11191,#11192));
#11184 = ORIENTED_EDGE('',*,*,#11185,.T.);
#11185 = EDGE_CURVE('',#1259,#4417,#11186,.T.);
#11186 = LINE('',#11187,#11188);
#11187 = CARTESIAN_POINT('',(13.546305,-73.695045,0.));
#11188 = VECTOR('',#11189,1.);
#11189 = DIRECTION('',(0.,0.,1.));
#11190 = ORIENTED_EDGE('',*,*,#4416,.T.);
#11191 = ORIENTED_EDGE('',*,*,#11151,.F.);
#11192 = ORIENTED_EDGE('',*,*,#1258,.F.);
#11193 = PLANE('',#11194);
#11194 = AXIS2_PLACEMENT_3D('',#11195,#11196,#11197);
#11195 = CARTESIAN_POINT('',(13.546305,-73.695045,0.));
#11196 = DIRECTION('',(-0.899196682019,0.437544657202,0.));
#11197 = DIRECTION('',(0.437544657202,0.899196682019,0.));
#11198 = ADVANCED_FACE('',(#11199),#11210,.T.);
#11199 = FACE_BOUND('',#11200,.T.);
#11200 = EDGE_LOOP('',(#11201,#11202,#11203,#11209));
#11201 = ORIENTED_EDGE('',*,*,#11170,.T.);
#11202 = ORIENTED_EDGE('',*,*,#4809,.T.);
#11203 = ORIENTED_EDGE('',*,*,#11204,.F.);
#11204 = EDGE_CURVE('',#1644,#4802,#11205,.T.);
#11205 = LINE('',#11206,#11207);
#11206 = CARTESIAN_POINT('',(44.996766,-81.486584,0.));
#11207 = VECTOR('',#11208,1.);
#11208 = DIRECTION('',(0.,0.,1.));
#11209 = ORIENTED_EDGE('',*,*,#1651,.F.);
#11210 = PLANE('',#11211);
#11211 = AXIS2_PLACEMENT_3D('',#11212,#11213,#11214);
#11212 = CARTESIAN_POINT('',(46.391564,-81.308325,0.));
#11213 = DIRECTION('',(0.126771614435,-0.991931932026,0.));
#11214 = DIRECTION('',(-0.991931932026,-0.126771614435,0.));
#11215 = ADVANCED_FACE('',(#11216),#11227,.T.);
#11216 = FACE_BOUND('',#11217,.T.);
#11217 = EDGE_LOOP('',(#11218,#11224,#11225,#11226));
#11218 = ORIENTED_EDGE('',*,*,#11219,.T.);
#11219 = EDGE_CURVE('',#1267,#4425,#11220,.T.);
#11220 = LINE('',#11221,#11222);
#11221 = CARTESIAN_POINT('',(13.19332,-74.397265,0.));
#11222 = VECTOR('',#11223,1.);
#11223 = DIRECTION('',(0.,0.,1.));
#11224 = ORIENTED_EDGE('',*,*,#4424,.T.);
#11225 = ORIENTED_EDGE('',*,*,#11185,.F.);
#11226 = ORIENTED_EDGE('',*,*,#1266,.F.);
#11227 = PLANE('',#11228);
#11228 = AXIS2_PLACEMENT_3D('',#11229,#11230,#11231);
#11229 = CARTESIAN_POINT('',(13.19332,-74.397265,0.));
#11230 = DIRECTION('',(-0.89347089093,0.449121105116,0.));
#11231 = DIRECTION('',(0.449121105116,0.89347089093,0.));
#11232 = ADVANCED_FACE('',(#11233),#11244,.T.);
#11233 = FACE_BOUND('',#11234,.T.);
#11234 = EDGE_LOOP('',(#11235,#11236,#11237,#11243));
#11235 = ORIENTED_EDGE('',*,*,#11204,.T.);
#11236 = ORIENTED_EDGE('',*,*,#4801,.T.);
#11237 = ORIENTED_EDGE('',*,*,#11238,.F.);
#11238 = EDGE_CURVE('',#1636,#4794,#11239,.T.);
#11239 = LINE('',#11240,#11241);
#11240 = CARTESIAN_POINT('',(43.590924,-81.706652,0.));
#11241 = VECTOR('',#11242,1.);
#11242 = DIRECTION('',(0.,0.,1.));
#11243 = ORIENTED_EDGE('',*,*,#1643,.F.);
#11244 = PLANE('',#11245);
#11245 = AXIS2_PLACEMENT_3D('',#11246,#11247,#11248);
#11246 = CARTESIAN_POINT('',(44.996766,-81.486584,0.));
#11247 = DIRECTION('',(0.154654837247,-0.987968562919,0.));
#11248 = DIRECTION('',(-0.987968562919,-0.154654837247,0.));
#11249 = ADVANCED_FACE('',(#11250),#11261,.T.);
#11250 = FACE_BOUND('',#11251,.T.);
#11251 = EDGE_LOOP('',(#11252,#11258,#11259,#11260));
#11252 = ORIENTED_EDGE('',*,*,#11253,.T.);
#11253 = EDGE_CURVE('',#1275,#4433,#11254,.T.);
#11254 = LINE('',#11255,#11256);
#11255 = CARTESIAN_POINT('',(12.82906,-75.099398,0.));
#11256 = VECTOR('',#11257,1.);
#11257 = DIRECTION('',(0.,0.,1.));
#11258 = ORIENTED_EDGE('',*,*,#4432,.T.);
#11259 = ORIENTED_EDGE('',*,*,#11219,.F.);
#11260 = ORIENTED_EDGE('',*,*,#1274,.F.);
#11261 = PLANE('',#11262);
#11262 = AXIS2_PLACEMENT_3D('',#11263,#11264,#11265);
#11263 = CARTESIAN_POINT('',(12.82906,-75.099398,0.));
#11264 = DIRECTION('',(-0.887655816565,0.460507493227,0.));
#11265 = DIRECTION('',(0.460507493227,0.887655816565,0.));
#11266 = ADVANCED_FACE('',(#11267),#11278,.T.);
#11267 = FACE_BOUND('',#11268,.T.);
#11268 = EDGE_LOOP('',(#11269,#11270,#11271,#11277));
#11269 = ORIENTED_EDGE('',*,*,#11238,.T.);
#11270 = ORIENTED_EDGE('',*,*,#4793,.T.);
#11271 = ORIENTED_EDGE('',*,*,#11272,.F.);
#11272 = EDGE_CURVE('',#1628,#4786,#11273,.T.);
#11273 = LINE('',#11274,#11275);
#11274 = CARTESIAN_POINT('',(42.172928,-81.96919,0.));
#11275 = VECTOR('',#11276,1.);
#11276 = DIRECTION('',(0.,0.,1.));
#11277 = ORIENTED_EDGE('',*,*,#1635,.F.);
#11278 = PLANE('',#11279);
#11279 = AXIS2_PLACEMENT_3D('',#11280,#11281,#11282);
#11280 = CARTESIAN_POINT('',(43.590924,-81.706652,0.));
#11281 = DIRECTION('',(0.182053155433,-0.983288690364,0.));
#11282 = DIRECTION('',(-0.983288690364,-0.182053155433,0.));
#11283 = ADVANCED_FACE('',(#11284),#11295,.T.);
#11284 = FACE_BOUND('',#11285,.T.);
#11285 = EDGE_LOOP('',(#11286,#11292,#11293,#11294));
#11286 = ORIENTED_EDGE('',*,*,#11287,.T.);
#11287 = EDGE_CURVE('',#1283,#4441,#11288,.T.);
#11288 = LINE('',#11289,#11290);
#11289 = CARTESIAN_POINT('',(12.450306,-75.807404,0.));
#11290 = VECTOR('',#11291,1.);
#11291 = DIRECTION('',(0.,0.,1.));
#11292 = ORIENTED_EDGE('',*,*,#4440,.T.);
#11293 = ORIENTED_EDGE('',*,*,#11253,.F.);
#11294 = ORIENTED_EDGE('',*,*,#1282,.F.);
#11295 = PLANE('',#11296);
#11296 = AXIS2_PLACEMENT_3D('',#11297,#11298,#11299);
#11297 = CARTESIAN_POINT('',(12.450306,-75.807404,0.));
#11298 = DIRECTION('',(-0.88175712831,0.471703685246,0.));
#11299 = DIRECTION('',(0.471703685246,0.88175712831,0.));
#11300 = ADVANCED_FACE('',(#11301),#11312,.T.);
#11301 = FACE_BOUND('',#11302,.T.);
#11302 = EDGE_LOOP('',(#11303,#11304,#11305,#11311));
#11303 = ORIENTED_EDGE('',*,*,#11272,.T.);
#11304 = ORIENTED_EDGE('',*,*,#4785,.T.);
#11305 = ORIENTED_EDGE('',*,*,#11306,.F.);
#11306 = EDGE_CURVE('',#1620,#4778,#11307,.T.);
#11307 = LINE('',#11308,#11309);
#11308 = CARTESIAN_POINT('',(40.741658,-82.274953,0.));
#11309 = VECTOR('',#11310,1.);
#11310 = DIRECTION('',(0.,0.,1.));
#11311 = ORIENTED_EDGE('',*,*,#1627,.F.);
#11312 = PLANE('',#11313);
#11313 = AXIS2_PLACEMENT_3D('',#11314,#11315,#11316);
#11314 = CARTESIAN_POINT('',(42.172928,-81.96919,0.));
#11315 = DIRECTION('',(0.208916470886,-0.977933488634,0.));
#11316 = DIRECTION('',(-0.977933488634,-0.208916470886,0.));
#11317 = ADVANCED_FACE('',(#11318),#11329,.T.);
#11318 = FACE_BOUND('',#11319,.T.);
#11319 = EDGE_LOOP('',(#11320,#11326,#11327,#11328));
#11320 = ORIENTED_EDGE('',*,*,#11321,.T.);
#11321 = EDGE_CURVE('',#1291,#4449,#11322,.T.);
#11322 = LINE('',#11323,#11324);
#11323 = CARTESIAN_POINT('',(12.060087,-76.51539,0.));
#11324 = VECTOR('',#11325,1.);
#11325 = DIRECTION('',(0.,0.,1.));
#11326 = ORIENTED_EDGE('',*,*,#4448,.T.);
#11327 = ORIENTED_EDGE('',*,*,#11287,.F.);
#11328 = ORIENTED_EDGE('',*,*,#1290,.F.);
#11329 = PLANE('',#11330);
#11330 = AXIS2_PLACEMENT_3D('',#11331,#11332,#11333);
#11331 = CARTESIAN_POINT('',(12.060087,-76.51539,0.));
#11332 = DIRECTION('',(-0.875783734585,0.482703687822,0.));
#11333 = DIRECTION('',(0.482703687822,0.875783734585,0.));
#11334 = ADVANCED_FACE('',(#11335),#11346,.T.);
#11335 = FACE_BOUND('',#11336,.T.);
#11336 = EDGE_LOOP('',(#11337,#11338,#11339,#11345));
#11337 = ORIENTED_EDGE('',*,*,#11306,.T.);
#11338 = ORIENTED_EDGE('',*,*,#4777,.T.);
#11339 = ORIENTED_EDGE('',*,*,#11340,.F.);
#11340 = EDGE_CURVE('',#1612,#4770,#11341,.T.);
#11341 = LINE('',#11342,#11343);
#11342 = CARTESIAN_POINT('',(39.295976,-82.624792,0.));
#11343 = VECTOR('',#11344,1.);
#11344 = DIRECTION('',(0.,0.,1.));
#11345 = ORIENTED_EDGE('',*,*,#1619,.F.);
#11346 = PLANE('',#11347);
#11347 = AXIS2_PLACEMENT_3D('',#11348,#11349,#11350);
#11348 = CARTESIAN_POINT('',(40.741658,-82.274953,0.));
#11349 = DIRECTION('',(0.235200364748,-0.971946906175,0.));
#11350 = DIRECTION('',(-0.971946906175,-0.235200364748,0.));
#11351 = ADVANCED_FACE('',(#11352),#11363,.T.);
#11352 = FACE_BOUND('',#11353,.T.);
#11353 = EDGE_LOOP('',(#11354,#11360,#11361,#11362));
#11354 = ORIENTED_EDGE('',*,*,#11355,.T.);
#11355 = EDGE_CURVE('',#1299,#4457,#11356,.T.);
#11356 = LINE('',#11357,#11358);
#11357 = CARTESIAN_POINT('',(11.65477,-77.229702,0.));
#11358 = VECTOR('',#11359,1.);
#11359 = DIRECTION('',(0.,0.,1.));
#11360 = ORIENTED_EDGE('',*,*,#4456,.T.);
#11361 = ORIENTED_EDGE('',*,*,#11321,.F.);
#11362 = ORIENTED_EDGE('',*,*,#1298,.F.);
#11363 = PLANE('',#11364);
#11364 = AXIS2_PLACEMENT_3D('',#11365,#11366,#11367);
#11365 = CARTESIAN_POINT('',(11.65477,-77.229702,0.));
#11366 = DIRECTION('',(-0.869739916586,0.493510362098,0.));
#11367 = DIRECTION('',(0.493510362098,0.869739916586,0.));
#11368 = ADVANCED_FACE('',(#11369),#11380,.T.);
#11369 = FACE_BOUND('',#11370,.T.);
#11370 = EDGE_LOOP('',(#11371,#11372,#11373,#11379));
#11371 = ORIENTED_EDGE('',*,*,#11340,.T.);
#11372 = ORIENTED_EDGE('',*,*,#4769,.T.);
#11373 = ORIENTED_EDGE('',*,*,#11374,.F.);
#11374 = EDGE_CURVE('',#1604,#4762,#11375,.T.);
#11375 = LINE('',#11376,#11377);
#11376 = CARTESIAN_POINT('',(37.834732,-83.019654,0.));
#11377 = VECTOR('',#11378,1.);
#11378 = DIRECTION('',(0.,0.,1.));
#11379 = ORIENTED_EDGE('',*,*,#1611,.F.);
#11380 = PLANE('',#11381);
#11381 = AXIS2_PLACEMENT_3D('',#11382,#11383,#11384);
#11382 = CARTESIAN_POINT('',(39.295976,-82.624792,0.));
#11383 = DIRECTION('',(0.260866659467,-0.965374842213,0.));
#11384 = DIRECTION('',(-0.965374842213,-0.260866659467,0.));
#11385 = ADVANCED_FACE('',(#11386),#11397,.T.);
#11386 = FACE_BOUND('',#11387,.T.);
#11387 = EDGE_LOOP('',(#11388,#11394,#11395,#11396));
#11388 = ORIENTED_EDGE('',*,*,#11389,.T.);
#11389 = EDGE_CURVE('',#1307,#4465,#11390,.T.);
#11390 = LINE('',#11391,#11392);
#11391 = CARTESIAN_POINT('',(11.237782,-77.944064,0.));
#11392 = VECTOR('',#11393,1.);
#11393 = DIRECTION('',(0.,0.,1.));
#11394 = ORIENTED_EDGE('',*,*,#4464,.T.);
#11395 = ORIENTED_EDGE('',*,*,#11355,.F.);
#11396 = ORIENTED_EDGE('',*,*,#1306,.F.);
#11397 = PLANE('',#11398);
#11398 = AXIS2_PLACEMENT_3D('',#11399,#11400,#11401);
#11399 = CARTESIAN_POINT('',(11.237782,-77.944064,0.));
#11400 = DIRECTION('',(-0.863633201102,0.504120713673,0.));
#11401 = DIRECTION('',(0.504120713673,0.863633201102,0.));
#11402 = ADVANCED_FACE('',(#11403),#11414,.T.);
#11403 = FACE_BOUND('',#11404,.T.);
#11404 = EDGE_LOOP('',(#11405,#11406,#11407,#11413));
#11405 = ORIENTED_EDGE('',*,*,#11374,.T.);
#11406 = ORIENTED_EDGE('',*,*,#4761,.T.);
#11407 = ORIENTED_EDGE('',*,*,#11408,.F.);
#11408 = EDGE_CURVE('',#1596,#4754,#11409,.T.);
#11409 = LINE('',#11410,#11411);
#11410 = CARTESIAN_POINT('',(36.356755,-83.460581,0.));
#11411 = VECTOR('',#11412,1.);
#11412 = DIRECTION('',(0.,0.,1.));
#11413 = ORIENTED_EDGE('',*,*,#1603,.F.);
#11414 = PLANE('',#11415);
#11415 = AXIS2_PLACEMENT_3D('',#11416,#11417,#11418);
#11416 = CARTESIAN_POINT('',(37.834732,-83.019654,0.));
#11417 = DIRECTION('',(0.285880642729,-0.958265233697,0.));
#11418 = DIRECTION('',(-0.958265233697,-0.285880642729,0.));
#11419 = ADVANCED_FACE('',(#11420),#11431,.T.);
#11420 = FACE_BOUND('',#11421,.T.);
#11421 = EDGE_LOOP('',(#11422,#11428,#11429,#11430));
#11422 = ORIENTED_EDGE('',*,*,#11423,.T.);
#11423 = EDGE_CURVE('',#1315,#4473,#11424,.T.);
#11424 = LINE('',#11425,#11426);
#11425 = CARTESIAN_POINT('',(10.805051,-78.665209,0.));
#11426 = VECTOR('',#11427,1.);
#11427 = DIRECTION('',(0.,0.,1.));
#11428 = ORIENTED_EDGE('',*,*,#4472,.T.);
#11429 = ORIENTED_EDGE('',*,*,#11389,.F.);
#11430 = ORIENTED_EDGE('',*,*,#1314,.F.);
#11431 = PLANE('',#11432);
#11432 = AXIS2_PLACEMENT_3D('',#11433,#11434,#11435);
#11433 = CARTESIAN_POINT('',(10.805051,-78.665209,0.));
#11434 = DIRECTION('',(-0.857469843496,0.514534223833,0.));
#11435 = DIRECTION('',(0.514534223833,0.857469843496,0.));
#11436 = ADVANCED_FACE('',(#11437),#11448,.T.);
#11437 = FACE_BOUND('',#11438,.T.);
#11438 = EDGE_LOOP('',(#11439,#11440,#11441,#11447));
#11439 = ORIENTED_EDGE('',*,*,#11408,.T.);
#11440 = ORIENTED_EDGE('',*,*,#4753,.T.);
#11441 = ORIENTED_EDGE('',*,*,#11442,.F.);
#11442 = EDGE_CURVE('',#1588,#4746,#11443,.T.);
#11443 = LINE('',#11444,#11445);
#11444 = CARTESIAN_POINT('',(34.860856,-83.948713,0.));
#11445 = VECTOR('',#11446,1.);
#11446 = DIRECTION('',(0.,0.,1.));
#11447 = ORIENTED_EDGE('',*,*,#1595,.F.);
#11448 = PLANE('',#11449);
#11449 = AXIS2_PLACEMENT_3D('',#11450,#11451,#11452);
#11450 = CARTESIAN_POINT('',(36.356755,-83.460581,0.));
#11451 = DIRECTION('',(0.310215239028,-0.950666348134,0.));
#11452 = DIRECTION('',(-0.950666348134,-0.310215239028,0.));
#11453 = ADVANCED_FACE('',(#11454),#11465,.T.);
#11454 = FACE_BOUND('',#11455,.T.);
#11455 = EDGE_LOOP('',(#11456,#11462,#11463,#11464));
#11456 = ORIENTED_EDGE('',*,*,#11457,.T.);
#11457 = EDGE_CURVE('',#1323,#4481,#11458,.T.);
#11458 = LINE('',#11459,#11460);
#11459 = CARTESIAN_POINT('',(10.360428,-79.386478,0.));
#11460 = VECTOR('',#11461,1.);
#11461 = DIRECTION('',(0.,0.,1.));
#11462 = ORIENTED_EDGE('',*,*,#4480,.T.);
#11463 = ORIENTED_EDGE('',*,*,#11423,.F.);
#11464 = ORIENTED_EDGE('',*,*,#1322,.F.);
#11465 = PLANE('',#11466);
#11466 = AXIS2_PLACEMENT_3D('',#11467,#11468,#11469);
#11467 = CARTESIAN_POINT('',(10.360428,-79.386478,0.));
#11468 = DIRECTION('',(-0.851254987299,0.524752271646,0.));
#11469 = DIRECTION('',(0.524752271646,0.851254987299,0.));
#11470 = ADVANCED_FACE('',(#11471),#11482,.T.);
#11471 = FACE_BOUND('',#11472,.T.);
#11472 = EDGE_LOOP('',(#11473,#11474,#11475,#11481));
#11473 = ORIENTED_EDGE('',*,*,#11442,.T.);
#11474 = ORIENTED_EDGE('',*,*,#4745,.T.);
#11475 = ORIENTED_EDGE('',*,*,#11476,.F.);
#11476 = EDGE_CURVE('',#1580,#4738,#11477,.T.);
#11477 = LINE('',#11478,#11479);
#11478 = CARTESIAN_POINT('',(33.345824,-84.485286,0.));
#11479 = VECTOR('',#11480,1.);
#11480 = DIRECTION('',(0.,0.,1.));
#11481 = ORIENTED_EDGE('',*,*,#1587,.F.);
#11482 = PLANE('',#11483);
#11483 = AXIS2_PLACEMENT_3D('',#11484,#11485,#11486);
#11484 = CARTESIAN_POINT('',(34.860856,-83.948713,0.));
#11485 = DIRECTION('',(0.333846681546,-0.942627388325,0.));
#11486 = DIRECTION('',(-0.942627388325,-0.333846681546,0.));
#11487 = ADVANCED_FACE('',(#11488),#11499,.T.);
#11488 = FACE_BOUND('',#11489,.T.);
#11489 = EDGE_LOOP('',(#11490,#11496,#11497,#11498));
#11490 = ORIENTED_EDGE('',*,*,#11491,.T.);
#11491 = EDGE_CURVE('',#1331,#4489,#11492,.T.);
#11492 = LINE('',#11493,#11494);
#11493 = CARTESIAN_POINT('',(9.899373,-80.114991,0.));
#11494 = VECTOR('',#11495,1.);
#11495 = DIRECTION('',(0.,0.,1.));
#11496 = ORIENTED_EDGE('',*,*,#4488,.T.);
#11497 = ORIENTED_EDGE('',*,*,#11457,.F.);
#11498 = ORIENTED_EDGE('',*,*,#1330,.F.);
#11499 = PLANE('',#11500);
#11500 = AXIS2_PLACEMENT_3D('',#11501,#11502,#11503);
#11501 = CARTESIAN_POINT('',(9.899373,-80.114991,0.));
#11502 = DIRECTION('',(-0.844995490292,0.534773429955,0.));
#11503 = DIRECTION('',(0.534773429955,0.844995490292,0.));
#11504 = ADVANCED_FACE('',(#11505),#11516,.T.);
#11505 = FACE_BOUND('',#11506,.T.);
#11506 = EDGE_LOOP('',(#11507,#11508,#11509,#11515));
#11507 = ORIENTED_EDGE('',*,*,#11476,.T.);
#11508 = ORIENTED_EDGE('',*,*,#4737,.T.);
#11509 = ORIENTED_EDGE('',*,*,#11510,.F.);
#11510 = EDGE_CURVE('',#1572,#4730,#11511,.T.);
#11511 = LINE('',#11512,#11513);
#11512 = CARTESIAN_POINT('',(31.810424,-85.071635,0.));
#11513 = VECTOR('',#11514,1.);
#11514 = DIRECTION('',(0.,0.,1.));
#11515 = ORIENTED_EDGE('',*,*,#1579,.F.);
#11516 = PLANE('',#11517);
#11517 = AXIS2_PLACEMENT_3D('',#11518,#11519,#11520);
#11518 = CARTESIAN_POINT('',(33.345824,-84.485286,0.));
#11519 = DIRECTION('',(0.356757515562,-0.934197021559,0.));
#11520 = DIRECTION('',(-0.934197021559,-0.356757515562,0.));
#11521 = ADVANCED_FACE('',(#11522),#11533,.T.);
#11522 = FACE_BOUND('',#11523,.T.);
#11523 = EDGE_LOOP('',(#11524,#11530,#11531,#11532));
#11524 = ORIENTED_EDGE('',*,*,#11525,.T.);
#11525 = EDGE_CURVE('',#1339,#4497,#11526,.T.);
#11526 = LINE('',#11527,#11528);
#11527 = CARTESIAN_POINT('',(9.426193,-80.843706,0.));
#11528 = VECTOR('',#11529,1.);
#11529 = DIRECTION('',(0.,0.,1.));
#11530 = ORIENTED_EDGE('',*,*,#4496,.T.);
#11531 = ORIENTED_EDGE('',*,*,#11491,.F.);
#11532 = ORIENTED_EDGE('',*,*,#1338,.F.);
#11533 = PLANE('',#11534);
#11534 = AXIS2_PLACEMENT_3D('',#11535,#11536,#11537);
#11535 = CARTESIAN_POINT('',(9.426193,-80.843706,0.));
#11536 = DIRECTION('',(-0.838698458142,0.544596085471,0.));
#11537 = DIRECTION('',(0.544596085471,0.838698458142,0.));
#11538 = ADVANCED_FACE('',(#11539),#11550,.T.);
#11539 = FACE_BOUND('',#11540,.T.);
#11540 = EDGE_LOOP('',(#11541,#11542,#11543,#11549));
#11541 = ORIENTED_EDGE('',*,*,#11510,.T.);
#11542 = ORIENTED_EDGE('',*,*,#4729,.T.);
#11543 = ORIENTED_EDGE('',*,*,#11544,.F.);
#11544 = EDGE_CURVE('',#1564,#4722,#11545,.T.);
#11545 = LINE('',#11546,#11547);
#11546 = CARTESIAN_POINT('',(30.253393,-85.709196,0.));
#11547 = VECTOR('',#11548,1.);
#11548 = DIRECTION('',(0.,0.,1.));
#11549 = ORIENTED_EDGE('',*,*,#1571,.F.);
#11550 = PLANE('',#11551);
#11551 = AXIS2_PLACEMENT_3D('',#11552,#11553,#11554);
#11552 = CARTESIAN_POINT('',(31.810424,-85.071635,0.));
#11553 = DIRECTION('',(0.378935140942,-0.925423232343,0.));
#11554 = DIRECTION('',(-0.925423232343,-0.378935140942,0.));
#11555 = ADVANCED_FACE('',(#11556),#11567,.T.);
#11556 = FACE_BOUND('',#11557,.T.);
#11557 = EDGE_LOOP('',(#11558,#11564,#11565,#11566));
#11558 = ORIENTED_EDGE('',*,*,#11559,.T.);
#11559 = EDGE_CURVE('',#1347,#4505,#11560,.T.);
#11560 = LINE('',#11561,#11562);
#11561 = CARTESIAN_POINT('',(8.93585,-81.580135,0.));
#11562 = VECTOR('',#11563,1.);
#11563 = DIRECTION('',(0.,0.,1.));
#11564 = ORIENTED_EDGE('',*,*,#4504,.T.);
#11565 = ORIENTED_EDGE('',*,*,#11525,.F.);
#11566 = ORIENTED_EDGE('',*,*,#1346,.F.);
#11567 = PLANE('',#11568);
#11568 = AXIS2_PLACEMENT_3D('',#11569,#11570,#11571);
#11569 = CARTESIAN_POINT('',(8.93585,-81.580135,0.));
#11570 = DIRECTION('',(-0.832368199918,0.554223041532,0.));
#11571 = DIRECTION('',(0.554223041532,0.832368199918,0.));
#11572 = ADVANCED_FACE('',(#11573),#11584,.T.);
#11573 = FACE_BOUND('',#11574,.T.);
#11574 = EDGE_LOOP('',(#11575,#11576,#11577,#11583));
#11575 = ORIENTED_EDGE('',*,*,#11544,.T.);
#11576 = ORIENTED_EDGE('',*,*,#4721,.T.);
#11577 = ORIENTED_EDGE('',*,*,#11578,.F.);
#11578 = EDGE_CURVE('',#1556,#4714,#11579,.T.);
#11579 = LINE('',#11580,#11581);
#11580 = CARTESIAN_POINT('',(28.673439,-86.399506,0.));
#11581 = VECTOR('',#11582,1.);
#11582 = DIRECTION('',(0.,0.,1.));
#11583 = ORIENTED_EDGE('',*,*,#1563,.F.);
#11584 = PLANE('',#11585);
#11585 = AXIS2_PLACEMENT_3D('',#11586,#11587,#11588);
#11586 = CARTESIAN_POINT('',(30.253393,-85.709196,0.));
#11587 = DIRECTION('',(0.400370982756,-0.916353139443,0.));
#11588 = DIRECTION('',(-0.916353139443,-0.400370982756,0.));
#11589 = ADVANCED_FACE('',(#11590),#11601,.T.);
#11590 = FACE_BOUND('',#11591,.T.);
#11591 = EDGE_LOOP('',(#11592,#11598,#11599,#11600));
#11592 = ORIENTED_EDGE('',*,*,#11593,.T.);
#11593 = EDGE_CURVE('',#1355,#4513,#11594,.T.);
#11594 = LINE('',#11595,#11596);
#11595 = CARTESIAN_POINT('',(8.433131,-82.316847,0.));
#11596 = VECTOR('',#11597,1.);
#11597 = DIRECTION('',(0.,0.,1.));
#11598 = ORIENTED_EDGE('',*,*,#4512,.T.);
#11599 = ORIENTED_EDGE('',*,*,#11559,.F.);
#11600 = ORIENTED_EDGE('',*,*,#1354,.F.);
#11601 = PLANE('',#11602);
#11602 = AXIS2_PLACEMENT_3D('',#11603,#11604,#11605);
#11603 = CARTESIAN_POINT('',(8.433131,-82.316847,0.));
#11604 = DIRECTION('',(-0.826010519212,0.563654701169,0.));
#11605 = DIRECTION('',(0.563654701169,0.826010519212,0.));
#11606 = ADVANCED_FACE('',(#11607),#11618,.T.);
#11607 = FACE_BOUND('',#11608,.T.);
#11608 = EDGE_LOOP('',(#11609,#11610,#11611,#11617));
#11609 = ORIENTED_EDGE('',*,*,#11578,.T.);
#11610 = ORIENTED_EDGE('',*,*,#4713,.T.);
#11611 = ORIENTED_EDGE('',*,*,#11612,.F.);
#11612 = EDGE_CURVE('',#1548,#4706,#11613,.T.);
#11613 = LINE('',#11614,#11615);
#11614 = CARTESIAN_POINT('',(27.069237,-87.144206,0.));
#11615 = VECTOR('',#11616,1.);
#11616 = DIRECTION('',(0.,0.,1.));
#11617 = ORIENTED_EDGE('',*,*,#1555,.F.);
#11618 = PLANE('',#11619);
#11619 = AXIS2_PLACEMENT_3D('',#11620,#11621,#11622);
#11620 = CARTESIAN_POINT('',(28.673439,-86.399506,0.));
#11621 = DIRECTION('',(0.421061037096,-0.9070323054,0.));
#11622 = DIRECTION('',(-0.9070323054,-0.421061037096,0.));
#11623 = ADVANCED_FACE('',(#11624),#11635,.T.);
#11624 = FACE_BOUND('',#11625,.T.);
#11625 = EDGE_LOOP('',(#11626,#11632,#11633,#11634));
#11626 = ORIENTED_EDGE('',*,*,#11627,.T.);
#11627 = EDGE_CURVE('',#1363,#4521,#11628,.T.);
#11628 = LINE('',#11629,#11630);
#11629 = CARTESIAN_POINT('',(7.912471,-83.06175,0.));
#11630 = VECTOR('',#11631,1.);
#11631 = DIRECTION('',(0.,0.,1.));
#11632 = ORIENTED_EDGE('',*,*,#4520,.T.);
#11633 = ORIENTED_EDGE('',*,*,#11593,.F.);
#11634 = ORIENTED_EDGE('',*,*,#1362,.F.);
#11635 = PLANE('',#11636);
#11636 = AXIS2_PLACEMENT_3D('',#11637,#11638,#11639);
#11637 = CARTESIAN_POINT('',(7.912471,-83.06175,0.));
#11638 = DIRECTION('',(-0.819630842473,0.572892033516,0.));
#11639 = DIRECTION('',(0.572892033516,0.819630842473,0.));
#11640 = ADVANCED_FACE('',(#11641),#11652,.T.);
#11641 = FACE_BOUND('',#11642,.T.);
#11642 = EDGE_LOOP('',(#11643,#11644,#11645,#11651));
#11643 = ORIENTED_EDGE('',*,*,#11612,.T.);
#11644 = ORIENTED_EDGE('',*,*,#4705,.T.);
#11645 = ORIENTED_EDGE('',*,*,#11646,.F.);
#11646 = EDGE_CURVE('',#1540,#4698,#11647,.T.);
#11647 = LINE('',#11648,#11649);
#11648 = CARTESIAN_POINT('',(25.439424,-87.945043,0.));
#11649 = VECTOR('',#11650,1.);
#11650 = DIRECTION('',(0.,0.,1.));
#11651 = ORIENTED_EDGE('',*,*,#1547,.F.);
#11652 = PLANE('',#11653);
#11653 = AXIS2_PLACEMENT_3D('',#11654,#11655,#11656);
#11654 = CARTESIAN_POINT('',(27.069237,-87.144206,0.));
#11655 = DIRECTION('',(0.441004627491,-0.897504829253,0.));
#11656 = DIRECTION('',(-0.897504829253,-0.441004627491,0.));
#11657 = ADVANCED_FACE('',(#11658),#11669,.T.);
#11658 = FACE_BOUND('',#11659,.T.);
#11659 = EDGE_LOOP('',(#11660,#11666,#11667,#11668));
#11660 = ORIENTED_EDGE('',*,*,#11661,.T.);
#11661 = EDGE_CURVE('',#1371,#4529,#11662,.T.);
#11662 = LINE('',#11663,#11664);
#11663 = CARTESIAN_POINT('',(7.379169,-83.807023,0.));
#11664 = VECTOR('',#11665,1.);
#11665 = DIRECTION('',(0.,0.,1.));
#11666 = ORIENTED_EDGE('',*,*,#4528,.T.);
#11667 = ORIENTED_EDGE('',*,*,#11627,.F.);
#11668 = ORIENTED_EDGE('',*,*,#1370,.F.);
#11669 = PLANE('',#11670);
#11670 = AXIS2_PLACEMENT_3D('',#11671,#11672,#11673);
#11671 = CARTESIAN_POINT('',(7.379169,-83.807023,0.));
#11672 = DIRECTION('',(-0.813235574934,0.58193461803,0.));
#11673 = DIRECTION('',(0.58193461803,0.813235574934,0.));
#11674 = ADVANCED_FACE('',(#11675),#11686,.T.);
#11675 = FACE_BOUND('',#11676,.T.);
#11676 = EDGE_LOOP('',(#11677,#11678,#11679,#11685));
#11677 = ORIENTED_EDGE('',*,*,#11646,.T.);
#11678 = ORIENTED_EDGE('',*,*,#4697,.T.);
#11679 = ORIENTED_EDGE('',*,*,#11680,.F.);
#11680 = EDGE_CURVE('',#1532,#4690,#11681,.T.);
#11681 = LINE('',#11682,#11683);
#11682 = CARTESIAN_POINT('',(23.782599,-88.803876,0.));
#11683 = VECTOR('',#11684,1.);
#11684 = DIRECTION('',(0.,0.,1.));
#11685 = ORIENTED_EDGE('',*,*,#1539,.F.);
#11686 = PLANE('',#11687);
#11687 = AXIS2_PLACEMENT_3D('',#11688,#11689,#11690);
#11688 = CARTESIAN_POINT('',(25.439424,-87.945043,0.));
#11689 = DIRECTION('',(0.460206750624,-0.887811774353,0.));
#11690 = DIRECTION('',(-0.887811774353,-0.460206750624,0.));
#11691 = ADVANCED_FACE('',(#11692),#11703,.T.);
#11692 = FACE_BOUND('',#11693,.T.);
#11693 = EDGE_LOOP('',(#11694,#11700,#11701,#11702));
#11694 = ORIENTED_EDGE('',*,*,#11695,.T.);
#11695 = EDGE_CURVE('',#1379,#4537,#11696,.T.);
#11696 = LINE('',#11697,#11698);
#11697 = CARTESIAN_POINT('',(6.827102,-84.560976,0.));
#11698 = VECTOR('',#11699,1.);
#11699 = DIRECTION('',(0.,0.,1.));
#11700 = ORIENTED_EDGE('',*,*,#4536,.T.);
#11701 = ORIENTED_EDGE('',*,*,#11661,.F.);
#11702 = ORIENTED_EDGE('',*,*,#1378,.F.);
#11703 = PLANE('',#11704);
#11704 = AXIS2_PLACEMENT_3D('',#11705,#11706,#11707);
#11705 = CARTESIAN_POINT('',(6.827102,-84.560976,0.));
#11706 = DIRECTION('',(-0.806829308858,0.590784619271,0.));
#11707 = DIRECTION('',(0.590784619271,0.806829308858,0.));
#11708 = ADVANCED_FACE('',(#11709),#11720,.T.);
#11709 = FACE_BOUND('',#11710,.T.);
#11710 = EDGE_LOOP('',(#11711,#11712,#11713,#11719));
#11711 = ORIENTED_EDGE('',*,*,#11680,.T.);
#11712 = ORIENTED_EDGE('',*,*,#4689,.T.);
#11713 = ORIENTED_EDGE('',*,*,#11714,.F.);
#11714 = EDGE_CURVE('',#1524,#4682,#11715,.T.);
#11715 = LINE('',#11716,#11717);
#11716 = CARTESIAN_POINT('',(22.097314,-89.722673,0.));
#11717 = VECTOR('',#11718,1.);
#11718 = DIRECTION('',(0.,0.,1.));
#11719 = ORIENTED_EDGE('',*,*,#1531,.F.);
#11720 = PLANE('',#11721);
#11721 = AXIS2_PLACEMENT_3D('',#11722,#11723,#11724);
#11722 = CARTESIAN_POINT('',(23.782599,-88.803876,0.));
#11723 = DIRECTION('',(0.478671693446,-0.877993969167,0.));
#11724 = DIRECTION('',(-0.877993969167,-0.478671693446,0.));
#11725 = ADVANCED_FACE('',(#11726),#11737,.T.);
#11726 = FACE_BOUND('',#11727,.T.);
#11727 = EDGE_LOOP('',(#11728,#11734,#11735,#11736));
#11728 = ORIENTED_EDGE('',*,*,#11729,.T.);
#11729 = EDGE_CURVE('',#1387,#4545,#11730,.T.);
#11730 = LINE('',#11731,#11732);
#11731 = CARTESIAN_POINT('',(6.262112,-85.315389,0.));
#11732 = VECTOR('',#11733,1.);
#11733 = DIRECTION('',(0.,0.,1.));
#11734 = ORIENTED_EDGE('',*,*,#4544,.T.);
#11735 = ORIENTED_EDGE('',*,*,#11695,.F.);
#11736 = ORIENTED_EDGE('',*,*,#1386,.F.);
#11737 = PLANE('',#11738);
#11738 = AXIS2_PLACEMENT_3D('',#11739,#11740,#11741);
#11739 = CARTESIAN_POINT('',(6.262112,-85.315389,0.));
#11740 = DIRECTION('',(-0.800417280852,0.599443222093,0.));
#11741 = DIRECTION('',(0.599443222093,0.800417280852,0.));
#11742 = ADVANCED_FACE('',(#11743),#11754,.T.);
#11743 = FACE_BOUND('',#11744,.T.);
#11744 = EDGE_LOOP('',(#11745,#11746,#11747,#11753));
#11745 = ORIENTED_EDGE('',*,*,#11714,.T.);
#11746 = ORIENTED_EDGE('',*,*,#4681,.T.);
#11747 = ORIENTED_EDGE('',*,*,#11748,.F.);
#11748 = EDGE_CURVE('',#1516,#4674,#11749,.T.);
#11749 = LINE('',#11750,#11751);
#11750 = CARTESIAN_POINT('',(20.382071,-90.703523,0.));
#11751 = VECTOR('',#11752,1.);
#11752 = DIRECTION('',(0.,0.,1.));
#11753 = ORIENTED_EDGE('',*,*,#1523,.F.);
#11754 = PLANE('',#11755);
#11755 = AXIS2_PLACEMENT_3D('',#11756,#11757,#11758);
#11756 = CARTESIAN_POINT('',(22.097314,-89.722673,0.));
#11757 = DIRECTION('',(0.496410231568,-0.868088061198,0.));
#11758 = DIRECTION('',(-0.868088061198,-0.496410231568,0.));
#11759 = ADVANCED_FACE('',(#11760),#11771,.T.);
#11760 = FACE_BOUND('',#11761,.T.);
#11761 = EDGE_LOOP('',(#11762,#11768,#11769,#11770));
#11762 = ORIENTED_EDGE('',*,*,#11763,.T.);
#11763 = EDGE_CURVE('',#1395,#4553,#11764,.T.);
#11764 = LINE('',#11765,#11766);
#11765 = CARTESIAN_POINT('',(5.677482,-86.078983,0.));
#11766 = VECTOR('',#11767,1.);
#11767 = DIRECTION('',(0.,0.,1.));
#11768 = ORIENTED_EDGE('',*,*,#4552,.T.);
#11769 = ORIENTED_EDGE('',*,*,#11729,.F.);
#11770 = ORIENTED_EDGE('',*,*,#1394,.F.);
#11771 = PLANE('',#11772);
#11772 = AXIS2_PLACEMENT_3D('',#11773,#11774,#11775);
#11773 = CARTESIAN_POINT('',(5.677482,-86.078983,0.));
#11774 = DIRECTION('',(-0.794003876314,0.607912694717,0.));
#11775 = DIRECTION('',(0.607912694717,0.794003876314,0.));
#11776 = ADVANCED_FACE('',(#11777),#11788,.T.);
#11777 = FACE_BOUND('',#11778,.T.);
#11778 = EDGE_LOOP('',(#11779,#11780,#11781,#11787));
#11779 = ORIENTED_EDGE('',*,*,#11748,.T.);
#11780 = ORIENTED_EDGE('',*,*,#4673,.T.);
#11781 = ORIENTED_EDGE('',*,*,#11782,.F.);
#11782 = EDGE_CURVE('',#1508,#4666,#11783,.T.);
#11783 = LINE('',#11784,#11785);
#11784 = CARTESIAN_POINT('',(18.635318,-91.748634,0.));
#11785 = VECTOR('',#11786,1.);
#11786 = DIRECTION('',(0.,0.,1.));
#11787 = ORIENTED_EDGE('',*,*,#1515,.F.);
#11788 = PLANE('',#11789);
#11789 = AXIS2_PLACEMENT_3D('',#11790,#11791,#11792);
#11790 = CARTESIAN_POINT('',(20.382071,-90.703523,0.));
#11791 = DIRECTION('',(0.513433058639,-0.858129648886,0.));
#11792 = DIRECTION('',(-0.858129648886,-0.513433058639,0.));
#11793 = ADVANCED_FACE('',(#11794),#11805,.T.);
#11794 = FACE_BOUND('',#11795,.T.);
#11795 = EDGE_LOOP('',(#11796,#11802,#11803,#11804));
#11796 = ORIENTED_EDGE('',*,*,#11797,.T.);
#11797 = EDGE_CURVE('',#1403,#4561,#11798,.T.);
#11798 = LINE('',#11799,#11800);
#11799 = CARTESIAN_POINT('',(5.079629,-86.843132,0.));
#11800 = VECTOR('',#11801,1.);
#11801 = DIRECTION('',(0.,0.,1.));
#11802 = ORIENTED_EDGE('',*,*,#4560,.T.);
#11803 = ORIENTED_EDGE('',*,*,#11763,.F.);
#11804 = ORIENTED_EDGE('',*,*,#1402,.F.);
#11805 = PLANE('',#11806);
#11806 = AXIS2_PLACEMENT_3D('',#11807,#11808,#11809);
#11807 = CARTESIAN_POINT('',(5.079629,-86.843132,0.));
#11808 = DIRECTION('',(-0.787593360764,0.616195340847,0.));
#11809 = DIRECTION('',(0.616195340847,0.787593360764,0.));
#11810 = ADVANCED_FACE('',(#11811),#11822,.T.);
#11811 = FACE_BOUND('',#11812,.T.);
#11812 = EDGE_LOOP('',(#11813,#11814,#11815,#11821));
#11813 = ORIENTED_EDGE('',*,*,#11782,.T.);
#11814 = ORIENTED_EDGE('',*,*,#4665,.T.);
#11815 = ORIENTED_EDGE('',*,*,#11816,.F.);
#11816 = EDGE_CURVE('',#1500,#4658,#11817,.T.);
#11817 = LINE('',#11818,#11819);
#11818 = CARTESIAN_POINT('',(16.855444,-92.860344,0.));
#11819 = VECTOR('',#11820,1.);
#11820 = DIRECTION('',(0.,0.,1.));
#11821 = ORIENTED_EDGE('',*,*,#1507,.F.);
#11822 = PLANE('',#11823);
#11823 = AXIS2_PLACEMENT_3D('',#11824,#11825,#11826);
#11824 = CARTESIAN_POINT('',(18.635318,-91.748634,0.));
#11825 = DIRECTION('',(0.529755195425,-0.848150595661,0.));
#11826 = DIRECTION('',(-0.848150595661,-0.529755195425,0.));
#11827 = ADVANCED_FACE('',(#11828),#11839,.T.);
#11828 = FACE_BOUND('',#11829,.T.);
#11829 = EDGE_LOOP('',(#11830,#11836,#11837,#11838));
#11830 = ORIENTED_EDGE('',*,*,#11831,.T.);
#11831 = EDGE_CURVE('',#1411,#4569,#11832,.T.);
#11832 = LINE('',#11833,#11834);
#11833 = CARTESIAN_POINT('',(4.46121,-87.616977,0.));
#11834 = VECTOR('',#11835,1.);
#11835 = DIRECTION('',(0.,0.,1.));
#11836 = ORIENTED_EDGE('',*,*,#4568,.T.);
#11837 = ORIENTED_EDGE('',*,*,#11797,.F.);
#11838 = ORIENTED_EDGE('',*,*,#1410,.F.);
#11839 = PLANE('',#11840);
#11840 = AXIS2_PLACEMENT_3D('',#11841,#11842,#11843);
#11841 = CARTESIAN_POINT('',(4.46121,-87.616977,0.));
#11842 = DIRECTION('',(-0.781192235381,0.624290550449,0.));
#11843 = DIRECTION('',(0.624290550449,0.781192235381,0.));
#11844 = ADVANCED_FACE('',(#11845),#11856,.T.);
#11845 = FACE_BOUND('',#11846,.T.);
#11846 = EDGE_LOOP('',(#11847,#11848,#11849,#11855));
#11847 = ORIENTED_EDGE('',*,*,#11816,.T.);
#11848 = ORIENTED_EDGE('',*,*,#4657,.T.);
#11849 = ORIENTED_EDGE('',*,*,#11850,.F.);
#11850 = EDGE_CURVE('',#1492,#4650,#11851,.T.);
#11851 = LINE('',#11852,#11853);
#11852 = CARTESIAN_POINT('',(15.040768,-94.041122,0.));
#11853 = VECTOR('',#11854,1.);
#11854 = DIRECTION('',(0.,0.,1.));
#11855 = ORIENTED_EDGE('',*,*,#1499,.F.);
#11856 = PLANE('',#11857);
#11857 = AXIS2_PLACEMENT_3D('',#11858,#11859,#11860);
#11858 = CARTESIAN_POINT('',(16.855444,-92.860344,0.));
#11859 = DIRECTION('',(0.545390465694,-0.838182104277,0.));
#11860 = DIRECTION('',(-0.838182104277,-0.545390465694,0.));
#11861 = ADVANCED_FACE('',(#11862),#11873,.T.);
#11862 = FACE_BOUND('',#11863,.T.);
#11863 = EDGE_LOOP('',(#11864,#11870,#11871,#11872));
#11864 = ORIENTED_EDGE('',*,*,#11865,.T.);
#11865 = EDGE_CURVE('',#1419,#4577,#11866,.T.);
#11866 = LINE('',#11867,#11868);
#11867 = CARTESIAN_POINT('',(3.829252,-88.391479,0.));
#11868 = VECTOR('',#11869,1.);
#11869 = DIRECTION('',(0.,0.,1.));
#11870 = ORIENTED_EDGE('',*,*,#4576,.T.);
#11871 = ORIENTED_EDGE('',*,*,#11831,.F.);
#11872 = ORIENTED_EDGE('',*,*,#1418,.F.);
#11873 = PLANE('',#11874);
#11874 = AXIS2_PLACEMENT_3D('',#11875,#11876,#11877);
#11875 = CARTESIAN_POINT('',(3.829252,-88.391479,0.));
#11876 = DIRECTION('',(-0.774802580296,0.632203259693,0.));
#11877 = DIRECTION('',(0.632203259693,0.774802580296,0.));
#11878 = ADVANCED_FACE('',(#11879),#11890,.T.);
#11879 = FACE_BOUND('',#11880,.T.);
#11880 = EDGE_LOOP('',(#11881,#11882,#11883,#11889));
#11881 = ORIENTED_EDGE('',*,*,#11850,.T.);
#11882 = ORIENTED_EDGE('',*,*,#4649,.T.);
#11883 = ORIENTED_EDGE('',*,*,#11884,.F.);
#11884 = EDGE_CURVE('',#1484,#4642,#11885,.T.);
#11885 = LINE('',#11886,#11887);
#11886 = CARTESIAN_POINT('',(13.18954,-95.293578,0.));
#11887 = VECTOR('',#11888,1.);
#11888 = DIRECTION('',(0.,0.,1.));
#11889 = ORIENTED_EDGE('',*,*,#1491,.F.);
#11890 = PLANE('',#11891);
#11891 = AXIS2_PLACEMENT_3D('',#11892,#11893,#11894);
#11892 = CARTESIAN_POINT('',(15.040768,-94.041122,0.));
#11893 = DIRECTION('',(0.560356852934,-0.828251288782,0.));
#11894 = DIRECTION('',(-0.828251288782,-0.560356852934,0.));
#11895 = ADVANCED_FACE('',(#11896),#11907,.T.);
#11896 = FACE_BOUND('',#11897,.T.);
#11897 = EDGE_LOOP('',(#11898,#11904,#11905,#11906));
#11898 = ORIENTED_EDGE('',*,*,#11899,.T.);
#11899 = EDGE_CURVE('',#1427,#4585,#11900,.T.);
#11900 = LINE('',#11901,#11902);
#11901 = CARTESIAN_POINT('',(3.175744,-89.176208,0.));
#11902 = VECTOR('',#11903,1.);
#11903 = DIRECTION('',(0.,0.,1.));
#11904 = ORIENTED_EDGE('',*,*,#4584,.T.);
#11905 = ORIENTED_EDGE('',*,*,#11865,.F.);
#11906 = ORIENTED_EDGE('',*,*,#1426,.F.);
#11907 = PLANE('',#11908);
#11908 = AXIS2_PLACEMENT_3D('',#11909,#11910,#11911);
#11909 = CARTESIAN_POINT('',(3.175744,-89.176208,0.));
#11910 = DIRECTION('',(-0.768429686307,0.639934228809,0.));
#11911 = DIRECTION('',(0.639934228809,0.768429686307,0.));
#11912 = ADVANCED_FACE('',(#11913),#11924,.T.);
#11913 = FACE_BOUND('',#11914,.T.);
#11914 = EDGE_LOOP('',(#11915,#11916,#11917,#11923));
#11915 = ORIENTED_EDGE('',*,*,#11884,.T.);
#11916 = ORIENTED_EDGE('',*,*,#4641,.T.);
#11917 = ORIENTED_EDGE('',*,*,#11918,.F.);
#11918 = EDGE_CURVE('',#1476,#4634,#11919,.T.);
#11919 = LINE('',#11920,#11921);
#11920 = CARTESIAN_POINT('',(11.299927,-96.620473,0.));
#11921 = VECTOR('',#11922,1.);
#11922 = DIRECTION('',(0.,0.,1.));
#11923 = ORIENTED_EDGE('',*,*,#1483,.F.);
#11924 = PLANE('',#11925);
#11925 = AXIS2_PLACEMENT_3D('',#11926,#11927,#11928);
#11926 = CARTESIAN_POINT('',(13.18954,-95.293578,0.));
#11927 = DIRECTION('',(0.574672613013,-0.818383399058,0.));
#11928 = DIRECTION('',(-0.818383399058,-0.574672613013,0.));
#11929 = ADVANCED_FACE('',(#11930),#11941,.T.);
#11930 = FACE_BOUND('',#11931,.T.);
#11931 = EDGE_LOOP('',(#11932,#11938,#11939,#11940));
#11932 = ORIENTED_EDGE('',*,*,#11933,.T.);
#11933 = EDGE_CURVE('',#1435,#4593,#11934,.T.);
#11934 = LINE('',#11935,#11936);
#11935 = CARTESIAN_POINT('',(2.508364,-89.961703,0.));
#11936 = VECTOR('',#11937,1.);
#11937 = DIRECTION('',(0.,0.,1.));
#11938 = ORIENTED_EDGE('',*,*,#4592,.T.);
#11939 = ORIENTED_EDGE('',*,*,#11899,.F.);
#11940 = ORIENTED_EDGE('',*,*,#1434,.F.);
#11941 = PLANE('',#11942);
#11942 = AXIS2_PLACEMENT_3D('',#11943,#11944,#11945);
#11943 = CARTESIAN_POINT('',(2.508364,-89.961703,0.));
#11944 = DIRECTION('',(-0.762078499028,0.647484641763,0.));
#11945 = DIRECTION('',(0.647484641763,0.762078499028,0.));
#11946 = ADVANCED_FACE('',(#11947),#11958,.T.);
#11947 = FACE_BOUND('',#11948,.T.);
#11948 = EDGE_LOOP('',(#11949,#11950,#11951,#11957));
#11949 = ORIENTED_EDGE('',*,*,#11918,.T.);
#11950 = ORIENTED_EDGE('',*,*,#4633,.T.);
#11951 = ORIENTED_EDGE('',*,*,#11952,.F.);
#11952 = EDGE_CURVE('',#1468,#4626,#11953,.T.);
#11953 = LINE('',#11954,#11955);
#11954 = CARTESIAN_POINT('',(9.370008,-98.024722,0.));
#11955 = VECTOR('',#11956,1.);
#11956 = DIRECTION('',(0.,0.,1.));
#11957 = ORIENTED_EDGE('',*,*,#1475,.F.);
#11958 = PLANE('',#11959);
#11959 = AXIS2_PLACEMENT_3D('',#11960,#11961,#11962);
#11960 = CARTESIAN_POINT('',(11.299927,-96.620473,0.));
#11961 = DIRECTION('',(0.588355710871,-0.808602224512,0.));
#11962 = DIRECTION('',(-0.808602224512,-0.588355710871,0.));
#11963 = ADVANCED_FACE('',(#11964),#11975,.T.);
#11964 = FACE_BOUND('',#11965,.T.);
#11965 = EDGE_LOOP('',(#11966,#11972,#11973,#11974));
#11966 = ORIENTED_EDGE('',*,*,#11967,.T.);
#11967 = EDGE_CURVE('',#1443,#4601,#11968,.T.);
#11968 = LINE('',#11969,#11970);
#11969 = CARTESIAN_POINT('',(1.818393,-90.757974,0.));
#11970 = VECTOR('',#11971,1.);
#11971 = DIRECTION('',(0.,0.,1.));
#11972 = ORIENTED_EDGE('',*,*,#4600,.T.);
#11973 = ORIENTED_EDGE('',*,*,#11933,.F.);
#11974 = ORIENTED_EDGE('',*,*,#1442,.F.);
#11975 = PLANE('',#11976);
#11976 = AXIS2_PLACEMENT_3D('',#11977,#11978,#11979);
#11977 = CARTESIAN_POINT('',(1.818393,-90.757974,0.));
#11978 = DIRECTION('',(-0.75575039597,0.654859785749,0.));
#11979 = DIRECTION('',(0.654859785749,0.75575039597,0.));
#11980 = ADVANCED_FACE('',(#11981),#11992,.T.);
#11981 = FACE_BOUND('',#11982,.T.);
#11982 = EDGE_LOOP('',(#11983,#11984,#11985,#11991));
#11983 = ORIENTED_EDGE('',*,*,#11952,.T.);
#11984 = ORIENTED_EDGE('',*,*,#4625,.T.);
#11985 = ORIENTED_EDGE('',*,*,#11986,.F.);
#11986 = EDGE_CURVE('',#1459,#4617,#11987,.T.);
#11987 = LINE('',#11988,#11989);
#11988 = CARTESIAN_POINT('',(8.424002,-98.730703,0.));
#11989 = VECTOR('',#11990,1.);
#11990 = DIRECTION('',(0.,0.,1.));
#11991 = ORIENTED_EDGE('',*,*,#1467,.F.);
#11992 = PLANE('',#11993);
#11993 = AXIS2_PLACEMENT_3D('',#11994,#11995,#11996);
#11994 = CARTESIAN_POINT('',(9.370008,-98.024722,0.));
#11995 = DIRECTION('',(0.598087880731,-0.801430525325,0.));
#11996 = DIRECTION('',(-0.801430525325,-0.598087880731,0.));
#11997 = ADVANCED_FACE('',(#11998),#12009,.T.);
#11998 = FACE_BOUND('',#11999,.T.);
#11999 = EDGE_LOOP('',(#12000,#12006,#12007,#12008));
#12000 = ORIENTED_EDGE('',*,*,#12001,.T.);
#12001 = EDGE_CURVE('',#1451,#4609,#12002,.T.);
#12002 = LINE('',#12003,#12004);
#12003 = CARTESIAN_POINT('',(1.114195,-91.555125,0.));
#12004 = VECTOR('',#12005,1.);
#12005 = DIRECTION('',(0.,0.,1.));
#12006 = ORIENTED_EDGE('',*,*,#4608,.T.);
#12007 = ORIENTED_EDGE('',*,*,#11967,.F.);
#12008 = ORIENTED_EDGE('',*,*,#1450,.F.);
#12009 = PLANE('',#12010);
#12010 = AXIS2_PLACEMENT_3D('',#12011,#12012,#12013);
#12011 = CARTESIAN_POINT('',(1.114195,-91.555125,0.));
#12012 = DIRECTION('',(-0.74945084331,0.662059992344,0.));
#12013 = DIRECTION('',(0.662059992344,0.74945084331,0.));
#12014 = ADVANCED_FACE('',(#12015),#12021,.T.);
#12015 = FACE_BOUND('',#12016,.T.);
#12016 = EDGE_LOOP('',(#12017,#12018,#12019,#12020));
#12017 = ORIENTED_EDGE('',*,*,#11986,.T.);
#12018 = ORIENTED_EDGE('',*,*,#4616,.T.);
#12019 = ORIENTED_EDGE('',*,*,#12001,.F.);
#12020 = ORIENTED_EDGE('',*,*,#1458,.F.);
#12021 = CYLINDRICAL_SURFACE('',#12022,5.200210176757);
#12022 = AXIS2_PLACEMENT_3D('',#12023,#12024,#12025);
#12023 = CARTESIAN_POINT('',(5.400206887662,-94.49999986682,0.));
#12024 = DIRECTION('',(0.,0.,-1.));
#12025 = DIRECTION('',(0.581475557633,-0.813563873261,0.));
#12026 = ADVANCED_FACE('',(#12027),#12038,.F.);
#12027 = FACE_BOUND('',#12028,.T.);
#12028 = EDGE_LOOP('',(#12029,#12035,#12036,#12037));
#12029 = ORIENTED_EDGE('',*,*,#12030,.T.);
#12030 = EDGE_CURVE('',#2774,#5932,#12031,.T.);
#12031 = LINE('',#12032,#12033);
#12032 = CARTESIAN_POINT('',(9.300207,-94.5,0.));
#12033 = VECTOR('',#12034,1.);
#12034 = DIRECTION('',(0.,0.,1.));
#12035 = ORIENTED_EDGE('',*,*,#5931,.T.);
#12036 = ORIENTED_EDGE('',*,*,#12030,.F.);
#12037 = ORIENTED_EDGE('',*,*,#2773,.F.);
#12038 = CYLINDRICAL_SURFACE('',#12039,3.9);
#12039 = AXIS2_PLACEMENT_3D('',#12040,#12041,#12042);
#12040 = CARTESIAN_POINT('',(5.400207,-94.5,0.));
#12041 = DIRECTION('',(-0.,-0.,-1.));
#12042 = DIRECTION('',(1.,0.,-0.));
#12043 = ADVANCED_FACE('',(#12044),#12055,.F.);
#12044 = FACE_BOUND('',#12045,.T.);
#12045 = EDGE_LOOP('',(#12046,#12047,#12053,#12054));
#12046 = ORIENTED_EDGE('',*,*,#2784,.T.);
#12047 = ORIENTED_EDGE('',*,*,#12048,.T.);
#12048 = EDGE_CURVE('',#2785,#5943,#12049,.T.);
#12049 = LINE('',#12050,#12051);
#12050 = CARTESIAN_POINT('',(13.475,-90.25,-4.6E-02));
#12051 = VECTOR('',#12052,1.);
#12052 = DIRECTION('',(0.,0.,1.));
#12053 = ORIENTED_EDGE('',*,*,#5942,.F.);
#12054 = ORIENTED_EDGE('',*,*,#12048,.F.);
#12055 = CYLINDRICAL_SURFACE('',#12056,0.5);
#12056 = AXIS2_PLACEMENT_3D('',#12057,#12058,#12059);
#12057 = CARTESIAN_POINT('',(13.475,-89.75,-4.6E-02));
#12058 = DIRECTION('',(-0.,-0.,-1.));
#12059 = DIRECTION('',(-0.,-1.,0.));
#12060 = ADVANCED_FACE('',(#12061),#12072,.F.);
#12061 = FACE_BOUND('',#12062,.T.);
#12062 = EDGE_LOOP('',(#12063,#12064,#12070,#12071));
#12063 = ORIENTED_EDGE('',*,*,#2795,.T.);
#12064 = ORIENTED_EDGE('',*,*,#12065,.T.);
#12065 = EDGE_CURVE('',#2796,#5954,#12066,.T.);
#12066 = LINE('',#12067,#12068);
#12067 = CARTESIAN_POINT('',(16.015,-90.25,-4.6E-02));
#12068 = VECTOR('',#12069,1.);
#12069 = DIRECTION('',(0.,0.,1.));
#12070 = ORIENTED_EDGE('',*,*,#5953,.F.);
#12071 = ORIENTED_EDGE('',*,*,#12065,.F.);
#12072 = CYLINDRICAL_SURFACE('',#12073,0.5);
#12073 = AXIS2_PLACEMENT_3D('',#12074,#12075,#12076);
#12074 = CARTESIAN_POINT('',(16.015,-89.75,-4.6E-02));
#12075 = DIRECTION('',(-0.,-0.,-1.));
#12076 = DIRECTION('',(-0.,-1.,0.));
#12077 = ADVANCED_FACE('',(#12078),#12089,.F.);
#12078 = FACE_BOUND('',#12079,.T.);
#12079 = EDGE_LOOP('',(#12080,#12086,#12087,#12088));
#12080 = ORIENTED_EDGE('',*,*,#12081,.T.);
#12081 = EDGE_CURVE('',#2807,#5965,#12082,.T.);
#12082 = LINE('',#12083,#12084);
#12083 = CARTESIAN_POINT('',(35.5,-77.5,0.));
#12084 = VECTOR('',#12085,1.);
#12085 = DIRECTION('',(0.,0.,1.));
#12086 = ORIENTED_EDGE('',*,*,#5964,.T.);
#12087 = ORIENTED_EDGE('',*,*,#12081,.F.);
#12088 = ORIENTED_EDGE('',*,*,#2806,.F.);
#12089 = CYLINDRICAL_SURFACE('',#12090,3.);
#12090 = AXIS2_PLACEMENT_3D('',#12091,#12092,#12093);
#12091 = CARTESIAN_POINT('',(32.5,-77.5,0.));
#12092 = DIRECTION('',(-0.,-0.,-1.));
#12093 = DIRECTION('',(1.,0.,-0.));
#12094 = ADVANCED_FACE('',(#12095),#12106,.F.);
#12095 = FACE_BOUND('',#12096,.T.);
#12096 = EDGE_LOOP('',(#12097,#12098,#12104,#12105));
#12097 = ORIENTED_EDGE('',*,*,#2817,.T.);
#12098 = ORIENTED_EDGE('',*,*,#12099,.T.);
#12099 = EDGE_CURVE('',#2818,#5976,#12100,.T.);
#12100 = LINE('',#12101,#12102);
#12101 = CARTESIAN_POINT('',(49.25,-79.075,-4.6E-02));
#12102 = VECTOR('',#12103,1.);
#12103 = DIRECTION('',(0.,0.,1.));
#12104 = ORIENTED_EDGE('',*,*,#5975,.F.);
#12105 = ORIENTED_EDGE('',*,*,#12099,.F.);
#12106 = CYLINDRICAL_SURFACE('',#12107,0.375);
#12107 = AXIS2_PLACEMENT_3D('',#12108,#12109,#12110);
#12108 = CARTESIAN_POINT('',(49.25,-78.7,-4.6E-02));
#12109 = DIRECTION('',(-0.,-0.,-1.));
#12110 = DIRECTION('',(-0.,-1.,0.));
#12111 = ADVANCED_FACE('',(#12112),#12128,.T.);
#12112 = FACE_BOUND('',#12113,.T.);
#12113 = EDGE_LOOP('',(#12114,#12120,#12121,#12127));
#12114 = ORIENTED_EDGE('',*,*,#12115,.T.);
#12115 = EDGE_CURVE('',#2829,#5987,#12116,.T.);
#12116 = LINE('',#12117,#12118);
#12117 = CARTESIAN_POINT('',(39.9,-76.3,0.));
#12118 = VECTOR('',#12119,1.);
#12119 = DIRECTION('',(0.,0.,1.));
#12120 = ORIENTED_EDGE('',*,*,#5986,.T.);
#12121 = ORIENTED_EDGE('',*,*,#12122,.F.);
#12122 = EDGE_CURVE('',#2831,#5989,#12123,.T.);
#12123 = LINE('',#12124,#12125);
#12124 = CARTESIAN_POINT('',(41.9,-76.3,0.));
#12125 = VECTOR('',#12126,1.);
#12126 = DIRECTION('',(0.,0.,1.));
#12127 = ORIENTED_EDGE('',*,*,#2828,.F.);
#12128 = PLANE('',#12129);
#12129 = AXIS2_PLACEMENT_3D('',#12130,#12131,#12132);
#12130 = CARTESIAN_POINT('',(39.9,-76.3,0.));
#12131 = DIRECTION('',(0.,1.,0.));
#12132 = DIRECTION('',(1.,0.,0.));
#12133 = ADVANCED_FACE('',(#12134),#12145,.T.);
#12134 = FACE_BOUND('',#12135,.T.);
#12135 = EDGE_LOOP('',(#12136,#12142,#12143,#12144));
#12136 = ORIENTED_EDGE('',*,*,#12137,.T.);
#12137 = EDGE_CURVE('',#2839,#5997,#12138,.T.);
#12138 = LINE('',#12139,#12140);
#12139 = CARTESIAN_POINT('',(39.9,-71.3,0.));
#12140 = VECTOR('',#12141,1.);
#12141 = DIRECTION('',(0.,0.,1.));
#12142 = ORIENTED_EDGE('',*,*,#5996,.T.);
#12143 = ORIENTED_EDGE('',*,*,#12115,.F.);
#12144 = ORIENTED_EDGE('',*,*,#2838,.F.);
#12145 = PLANE('',#12146);
#12146 = AXIS2_PLACEMENT_3D('',#12147,#12148,#12149);
#12147 = CARTESIAN_POINT('',(39.9,-71.3,0.));
#12148 = DIRECTION('',(1.,0.,-0.));
#12149 = DIRECTION('',(0.,-1.,0.));
#12150 = ADVANCED_FACE('',(#12151),#12162,.T.);
#12151 = FACE_BOUND('',#12152,.T.);
#12152 = EDGE_LOOP('',(#12153,#12154,#12155,#12161));
#12153 = ORIENTED_EDGE('',*,*,#12122,.T.);
#12154 = ORIENTED_EDGE('',*,*,#6012,.T.);
#12155 = ORIENTED_EDGE('',*,*,#12156,.F.);
#12156 = EDGE_CURVE('',#2847,#6005,#12157,.T.);
#12157 = LINE('',#12158,#12159);
#12158 = CARTESIAN_POINT('',(41.9,-71.3,0.));
#12159 = VECTOR('',#12160,1.);
#12160 = DIRECTION('',(0.,0.,1.));
#12161 = ORIENTED_EDGE('',*,*,#2854,.F.);
#12162 = PLANE('',#12163);
#12163 = AXIS2_PLACEMENT_3D('',#12164,#12165,#12166);
#12164 = CARTESIAN_POINT('',(41.9,-76.3,0.));
#12165 = DIRECTION('',(-1.,0.,0.));
#12166 = DIRECTION('',(0.,1.,0.));
#12167 = ADVANCED_FACE('',(#12168),#12174,.T.);
#12168 = FACE_BOUND('',#12169,.T.);
#12169 = EDGE_LOOP('',(#12170,#12171,#12172,#12173));
#12170 = ORIENTED_EDGE('',*,*,#12156,.T.);
#12171 = ORIENTED_EDGE('',*,*,#6004,.T.);
#12172 = ORIENTED_EDGE('',*,*,#12137,.F.);
#12173 = ORIENTED_EDGE('',*,*,#2846,.F.);
#12174 = PLANE('',#12175);
#12175 = AXIS2_PLACEMENT_3D('',#12176,#12177,#12178);
#12176 = CARTESIAN_POINT('',(41.9,-71.3,0.));
#12177 = DIRECTION('',(0.,-1.,0.));
#12178 = DIRECTION('',(-1.,0.,0.));
#12179 = ADVANCED_FACE('',(#12180),#12191,.F.);
#12180 = FACE_BOUND('',#12181,.T.);
#12181 = EDGE_LOOP('',(#12182,#12183,#12189,#12190));
#12182 = ORIENTED_EDGE('',*,*,#2862,.T.);
#12183 = ORIENTED_EDGE('',*,*,#12184,.T.);
#12184 = EDGE_CURVE('',#2863,#6021,#12185,.T.);
#12185 = LINE('',#12186,#12187);
#12186 = CARTESIAN_POINT('',(51.25,-79.075,-4.6E-02));
#12187 = VECTOR('',#12188,1.);
#12188 = DIRECTION('',(0.,0.,1.));
#12189 = ORIENTED_EDGE('',*,*,#6020,.F.);
#12190 = ORIENTED_EDGE('',*,*,#12184,.F.);
#12191 = CYLINDRICAL_SURFACE('',#12192,0.375);
#12192 = AXIS2_PLACEMENT_3D('',#12193,#12194,#12195);
#12193 = CARTESIAN_POINT('',(51.25,-78.7,-4.6E-02));
#12194 = DIRECTION('',(-0.,-0.,-1.));
#12195 = DIRECTION('',(-0.,-1.,0.));
#12196 = ADVANCED_FACE('',(#12197),#12208,.F.);
#12197 = FACE_BOUND('',#12198,.T.);
#12198 = EDGE_LOOP('',(#12199,#12205,#12206,#12207));
#12199 = ORIENTED_EDGE('',*,*,#12200,.T.);
#12200 = EDGE_CURVE('',#2874,#6032,#12201,.T.);
#12201 = LINE('',#12202,#12203);
#12202 = CARTESIAN_POINT('',(70.5,-77.5,0.));
#12203 = VECTOR('',#12204,1.);
#12204 = DIRECTION('',(0.,0.,1.));
#12205 = ORIENTED_EDGE('',*,*,#6031,.T.);
#12206 = ORIENTED_EDGE('',*,*,#12200,.F.);
#12207 = ORIENTED_EDGE('',*,*,#2873,.F.);
#12208 = CYLINDRICAL_SURFACE('',#12209,3.);
#12209 = AXIS2_PLACEMENT_3D('',#12210,#12211,#12212);
#12210 = CARTESIAN_POINT('',(67.5,-77.5,0.));
#12211 = DIRECTION('',(-0.,-0.,-1.));
#12212 = DIRECTION('',(1.,0.,-0.));
#12213 = ADVANCED_FACE('',(#12214),#12225,.F.);
#12214 = FACE_BOUND('',#12215,.T.);
#12215 = EDGE_LOOP('',(#12216,#12217,#12223,#12224));
#12216 = ORIENTED_EDGE('',*,*,#2884,.T.);
#12217 = ORIENTED_EDGE('',*,*,#12218,.T.);
#12218 = EDGE_CURVE('',#2885,#6043,#12219,.T.);
#12219 = LINE('',#12220,#12221);
#12220 = CARTESIAN_POINT('',(84.725,-90.,-4.6E-02));
#12221 = VECTOR('',#12222,1.);
#12222 = DIRECTION('',(0.,0.,1.));
#12223 = ORIENTED_EDGE('',*,*,#6042,.F.);
#12224 = ORIENTED_EDGE('',*,*,#12218,.F.);
#12225 = CYLINDRICAL_SURFACE('',#12226,0.5);
#12226 = AXIS2_PLACEMENT_3D('',#12227,#12228,#12229);
#12227 = CARTESIAN_POINT('',(84.725,-89.5,-4.6E-02));
#12228 = DIRECTION('',(-0.,-0.,-1.));
#12229 = DIRECTION('',(-0.,-1.,0.));
#12230 = ADVANCED_FACE('',(#12231),#12242,.F.);
#12231 = FACE_BOUND('',#12232,.T.);
#12232 = EDGE_LOOP('',(#12233,#12239,#12240,#12241));
#12233 = ORIENTED_EDGE('',*,*,#12234,.T.);
#12234 = EDGE_CURVE('',#2896,#6054,#12235,.T.);
#12235 = LINE('',#12236,#12237);
#12236 = CARTESIAN_POINT('',(98.300207,-94.5,0.));
#12237 = VECTOR('',#12238,1.);
#12238 = DIRECTION('',(0.,0.,1.));
#12239 = ORIENTED_EDGE('',*,*,#6053,.T.);
#12240 = ORIENTED_EDGE('',*,*,#12234,.F.);
#12241 = ORIENTED_EDGE('',*,*,#2895,.F.);
#12242 = CYLINDRICAL_SURFACE('',#12243,3.9);
#12243 = AXIS2_PLACEMENT_3D('',#12244,#12245,#12246);
#12244 = CARTESIAN_POINT('',(94.400207,-94.5,0.));
#12245 = DIRECTION('',(-0.,-0.,-1.));
#12246 = DIRECTION('',(1.,0.,-0.));
#12247 = ADVANCED_FACE('',(#12248),#12259,.F.);
#12248 = FACE_BOUND('',#12249,.T.);
#12249 = EDGE_LOOP('',(#12250,#12251,#12257,#12258));
#12250 = ORIENTED_EDGE('',*,*,#2906,.T.);
#12251 = ORIENTED_EDGE('',*,*,#12252,.T.);
#12252 = EDGE_CURVE('',#2907,#6065,#12253,.T.);
#12253 = LINE('',#12254,#12255);
#12254 = CARTESIAN_POINT('',(87.265,-90.,-4.6E-02));
#12255 = VECTOR('',#12256,1.);
#12256 = DIRECTION('',(0.,0.,1.));
#12257 = ORIENTED_EDGE('',*,*,#6064,.F.);
#12258 = ORIENTED_EDGE('',*,*,#12252,.F.);
#12259 = CYLINDRICAL_SURFACE('',#12260,0.5);
#12260 = AXIS2_PLACEMENT_3D('',#12261,#12262,#12263);
#12261 = CARTESIAN_POINT('',(87.265,-89.5,-4.6E-02));
#12262 = DIRECTION('',(-0.,-0.,-1.));
#12263 = DIRECTION('',(-0.,-1.,0.));
#12264 = ADVANCED_FACE('',(#12265),#12281,.T.);
#12265 = FACE_BOUND('',#12266,.T.);
#12266 = EDGE_LOOP('',(#12267,#12273,#12274,#12280));
#12267 = ORIENTED_EDGE('',*,*,#12268,.T.);
#12268 = EDGE_CURVE('',#2918,#6076,#12269,.T.);
#12269 = LINE('',#12270,#12271);
#12270 = CARTESIAN_POINT('',(57.9,-76.3,0.));
#12271 = VECTOR('',#12272,1.);
#12272 = DIRECTION('',(0.,0.,1.));
#12273 = ORIENTED_EDGE('',*,*,#6075,.T.);
#12274 = ORIENTED_EDGE('',*,*,#12275,.F.);
#12275 = EDGE_CURVE('',#2920,#6078,#12276,.T.);
#12276 = LINE('',#12277,#12278);
#12277 = CARTESIAN_POINT('',(59.9,-76.3,0.));
#12278 = VECTOR('',#12279,1.);
#12279 = DIRECTION('',(0.,0.,1.));
#12280 = ORIENTED_EDGE('',*,*,#2917,.F.);
#12281 = PLANE('',#12282);
#12282 = AXIS2_PLACEMENT_3D('',#12283,#12284,#12285);
#12283 = CARTESIAN_POINT('',(57.9,-76.3,0.));
#12284 = DIRECTION('',(0.,1.,0.));
#12285 = DIRECTION('',(1.,0.,0.));
#12286 = ADVANCED_FACE('',(#12287),#12298,.T.);
#12287 = FACE_BOUND('',#12288,.T.);
#12288 = EDGE_LOOP('',(#12289,#12295,#12296,#12297));
#12289 = ORIENTED_EDGE('',*,*,#12290,.T.);
#12290 = EDGE_CURVE('',#2928,#6086,#12291,.T.);
#12291 = LINE('',#12292,#12293);
#12292 = CARTESIAN_POINT('',(57.9,-71.3,0.));
#12293 = VECTOR('',#12294,1.);
#12294 = DIRECTION('',(0.,0.,1.));
#12295 = ORIENTED_EDGE('',*,*,#6085,.T.);
#12296 = ORIENTED_EDGE('',*,*,#12268,.F.);
#12297 = ORIENTED_EDGE('',*,*,#2927,.F.);
#12298 = PLANE('',#12299);
#12299 = AXIS2_PLACEMENT_3D('',#12300,#12301,#12302);
#12300 = CARTESIAN_POINT('',(57.9,-71.3,0.));
#12301 = DIRECTION('',(1.,0.,-0.));
#12302 = DIRECTION('',(0.,-1.,0.));
#12303 = ADVANCED_FACE('',(#12304),#12315,.T.);
#12304 = FACE_BOUND('',#12305,.T.);
#12305 = EDGE_LOOP('',(#12306,#12307,#12308,#12314));
#12306 = ORIENTED_EDGE('',*,*,#12275,.T.);
#12307 = ORIENTED_EDGE('',*,*,#6101,.T.);
#12308 = ORIENTED_EDGE('',*,*,#12309,.F.);
#12309 = EDGE_CURVE('',#2936,#6094,#12310,.T.);
#12310 = LINE('',#12311,#12312);
#12311 = CARTESIAN_POINT('',(59.9,-71.3,0.));
#12312 = VECTOR('',#12313,1.);
#12313 = DIRECTION('',(0.,0.,1.));
#12314 = ORIENTED_EDGE('',*,*,#2943,.F.);
#12315 = PLANE('',#12316);
#12316 = AXIS2_PLACEMENT_3D('',#12317,#12318,#12319);
#12317 = CARTESIAN_POINT('',(59.9,-76.3,0.));
#12318 = DIRECTION('',(-1.,0.,0.));
#12319 = DIRECTION('',(0.,1.,0.));
#12320 = ADVANCED_FACE('',(#12321),#12327,.T.);
#12321 = FACE_BOUND('',#12322,.T.);
#12322 = EDGE_LOOP('',(#12323,#12324,#12325,#12326));
#12323 = ORIENTED_EDGE('',*,*,#12309,.T.);
#12324 = ORIENTED_EDGE('',*,*,#6093,.T.);
#12325 = ORIENTED_EDGE('',*,*,#12290,.F.);
#12326 = ORIENTED_EDGE('',*,*,#2935,.F.);
#12327 = PLANE('',#12328);
#12328 = AXIS2_PLACEMENT_3D('',#12329,#12330,#12331);
#12329 = CARTESIAN_POINT('',(59.9,-71.3,0.));
#12330 = DIRECTION('',(0.,-1.,0.));
#12331 = DIRECTION('',(-1.,0.,0.));
#12332 = ADVANCED_FACE('',(#12333),#12344,.F.);
#12333 = FACE_BOUND('',#12334,.T.);
#12334 = EDGE_LOOP('',(#12335,#12336,#12342,#12343));
#12335 = ORIENTED_EDGE('',*,*,#2951,.T.);
#12336 = ORIENTED_EDGE('',*,*,#12337,.T.);
#12337 = EDGE_CURVE('',#2952,#6110,#12338,.T.);
#12338 = LINE('',#12339,#12340);
#12339 = CARTESIAN_POINT('',(77.9535,-52.7,-4.6E-02));
#12340 = VECTOR('',#12341,1.);
#12341 = DIRECTION('',(0.,0.,1.));
#12342 = ORIENTED_EDGE('',*,*,#6109,.F.);
#12343 = ORIENTED_EDGE('',*,*,#12337,.F.);
#12344 = CYLINDRICAL_SURFACE('',#12345,0.45);
#12345 = AXIS2_PLACEMENT_3D('',#12346,#12347,#12348);
#12346 = CARTESIAN_POINT('',(77.9535,-52.25,-4.6E-02));
#12347 = DIRECTION('',(-0.,0.,-1.));
#12348 = DIRECTION('',(3.157967714489E-14,-1.,-0.));
#12349 = ADVANCED_FACE('',(#12350),#12366,.T.);
#12350 = FACE_BOUND('',#12351,.T.);
#12351 = EDGE_LOOP('',(#12352,#12358,#12359,#12365));
#12352 = ORIENTED_EDGE('',*,*,#12353,.T.);
#12353 = EDGE_CURVE('',#2963,#6121,#12354,.T.);
#12354 = LINE('',#12355,#12356);
#12355 = CARTESIAN_POINT('',(40.,-31.7,0.));
#12356 = VECTOR('',#12357,1.);
#12357 = DIRECTION('',(0.,0.,1.));
#12358 = ORIENTED_EDGE('',*,*,#6120,.T.);
#12359 = ORIENTED_EDGE('',*,*,#12360,.F.);
#12360 = EDGE_CURVE('',#2965,#6123,#12361,.T.);
#12361 = LINE('',#12362,#12363);
#12362 = CARTESIAN_POINT('',(42.,-31.7,0.));
#12363 = VECTOR('',#12364,1.);
#12364 = DIRECTION('',(0.,0.,1.));
#12365 = ORIENTED_EDGE('',*,*,#2962,.F.);
#12366 = PLANE('',#12367);
#12367 = AXIS2_PLACEMENT_3D('',#12368,#12369,#12370);
#12368 = CARTESIAN_POINT('',(40.,-31.7,0.));
#12369 = DIRECTION('',(0.,1.,0.));
#12370 = DIRECTION('',(1.,0.,0.));
#12371 = ADVANCED_FACE('',(#12372),#12383,.T.);
#12372 = FACE_BOUND('',#12373,.T.);
#12373 = EDGE_LOOP('',(#12374,#12380,#12381,#12382));
#12374 = ORIENTED_EDGE('',*,*,#12375,.T.);
#12375 = EDGE_CURVE('',#2973,#6131,#12376,.T.);
#12376 = LINE('',#12377,#12378);
#12377 = CARTESIAN_POINT('',(40.,-26.7,0.));
#12378 = VECTOR('',#12379,1.);
#12379 = DIRECTION('',(0.,0.,1.));
#12380 = ORIENTED_EDGE('',*,*,#6130,.T.);
#12381 = ORIENTED_EDGE('',*,*,#12353,.F.);
#12382 = ORIENTED_EDGE('',*,*,#2972,.F.);
#12383 = PLANE('',#12384);
#12384 = AXIS2_PLACEMENT_3D('',#12385,#12386,#12387);
#12385 = CARTESIAN_POINT('',(40.,-26.7,0.));
#12386 = DIRECTION('',(1.,0.,-0.));
#12387 = DIRECTION('',(0.,-1.,0.));
#12388 = ADVANCED_FACE('',(#12389),#12400,.T.);
#12389 = FACE_BOUND('',#12390,.T.);
#12390 = EDGE_LOOP('',(#12391,#12392,#12393,#12399));
#12391 = ORIENTED_EDGE('',*,*,#12360,.T.);
#12392 = ORIENTED_EDGE('',*,*,#6146,.T.);
#12393 = ORIENTED_EDGE('',*,*,#12394,.F.);
#12394 = EDGE_CURVE('',#2981,#6139,#12395,.T.);
#12395 = LINE('',#12396,#12397);
#12396 = CARTESIAN_POINT('',(42.,-26.7,0.));
#12397 = VECTOR('',#12398,1.);
#12398 = DIRECTION('',(0.,0.,1.));
#12399 = ORIENTED_EDGE('',*,*,#2988,.F.);
#12400 = PLANE('',#12401);
#12401 = AXIS2_PLACEMENT_3D('',#12402,#12403,#12404);
#12402 = CARTESIAN_POINT('',(42.,-31.7,0.));
#12403 = DIRECTION('',(-1.,0.,0.));
#12404 = DIRECTION('',(0.,1.,0.));
#12405 = ADVANCED_FACE('',(#12406),#12412,.T.);
#12406 = FACE_BOUND('',#12407,.T.);
#12407 = EDGE_LOOP('',(#12408,#12409,#12410,#12411));
#12408 = ORIENTED_EDGE('',*,*,#12394,.T.);
#12409 = ORIENTED_EDGE('',*,*,#6138,.T.);
#12410 = ORIENTED_EDGE('',*,*,#12375,.F.);
#12411 = ORIENTED_EDGE('',*,*,#2980,.F.);
#12412 = PLANE('',#12413);
#12413 = AXIS2_PLACEMENT_3D('',#12414,#12415,#12416);
#12414 = CARTESIAN_POINT('',(42.,-26.7,0.));
#12415 = DIRECTION('',(0.,-1.,0.));
#12416 = DIRECTION('',(-1.,0.,0.));
#12417 = ADVANCED_FACE('',(#12418),#12434,.F.);
#12418 = FACE_BOUND('',#12419,.T.);
#12419 = EDGE_LOOP('',(#12420,#12421,#12427,#12428));
#12420 = ORIENTED_EDGE('',*,*,#2996,.T.);
#12421 = ORIENTED_EDGE('',*,*,#12422,.T.);
#12422 = EDGE_CURVE('',#2999,#6157,#12423,.T.);
#12423 = LINE('',#12424,#12425);
#12424 = CARTESIAN_POINT('',(46.319999,-26.340013,-4.6E-02));
#12425 = VECTOR('',#12426,1.);
#12426 = DIRECTION('',(0.,0.,1.));
#12427 = ORIENTED_EDGE('',*,*,#6154,.F.);
#12428 = ORIENTED_EDGE('',*,*,#12429,.F.);
#12429 = EDGE_CURVE('',#2997,#6155,#12430,.T.);
#12430 = LINE('',#12431,#12432);
#12431 = CARTESIAN_POINT('',(45.520001,-26.340013,-4.6E-02));
#12432 = VECTOR('',#12433,1.);
#12433 = DIRECTION('',(0.,0.,1.));
#12434 = CYLINDRICAL_SURFACE('',#12435,0.399999);
#12435 = AXIS2_PLACEMENT_3D('',#12436,#12437,#12438);
#12436 = CARTESIAN_POINT('',(45.92,-26.340013,-4.6E-02));
#12437 = DIRECTION('',(-0.,-0.,-1.));
#12438 = DIRECTION('',(1.,2.664541920455E-14,-0.));
#12439 = ADVANCED_FACE('',(#12440),#12451,.T.);
#12440 = FACE_BOUND('',#12441,.T.);
#12441 = EDGE_LOOP('',(#12442,#12443,#12444,#12445));
#12442 = ORIENTED_EDGE('',*,*,#3024,.T.);
#12443 = ORIENTED_EDGE('',*,*,#12429,.T.);
#12444 = ORIENTED_EDGE('',*,*,#6182,.F.);
#12445 = ORIENTED_EDGE('',*,*,#12446,.F.);
#12446 = EDGE_CURVE('',#3016,#6174,#12447,.T.);
#12447 = LINE('',#12448,#12449);
#12448 = CARTESIAN_POINT('',(45.520001,-27.139987,-4.6E-02));
#12449 = VECTOR('',#12450,1.);
#12450 = DIRECTION('',(0.,0.,1.));
#12451 = PLANE('',#12452);
#12452 = AXIS2_PLACEMENT_3D('',#12453,#12454,#12455);
#12453 = CARTESIAN_POINT('',(45.520001,-26.340013,-4.6E-02));
#12454 = DIRECTION('',(1.,0.,-0.));
#12455 = DIRECTION('',(0.,-1.,0.));
#12456 = ADVANCED_FACE('',(#12457),#12468,.F.);
#12457 = FACE_BOUND('',#12458,.T.);
#12458 = EDGE_LOOP('',(#12459,#12460,#12461,#12462));
#12459 = ORIENTED_EDGE('',*,*,#3015,.T.);
#12460 = ORIENTED_EDGE('',*,*,#12446,.T.);
#12461 = ORIENTED_EDGE('',*,*,#6173,.F.);
#12462 = ORIENTED_EDGE('',*,*,#12463,.F.);
#12463 = EDGE_CURVE('',#3008,#6166,#12464,.T.);
#12464 = LINE('',#12465,#12466);
#12465 = CARTESIAN_POINT('',(46.319999,-27.139987,-4.6E-02));
#12466 = VECTOR('',#12467,1.);
#12467 = DIRECTION('',(0.,0.,1.));
#12468 = CYLINDRICAL_SURFACE('',#12469,0.399999);
#12469 = AXIS2_PLACEMENT_3D('',#12470,#12471,#12472);
#12470 = CARTESIAN_POINT('',(45.92,-27.139987,-4.6E-02));
#12471 = DIRECTION('',(-0.,-0.,-1.));
#12472 = DIRECTION('',(-1.,-1.776361280303E-14,0.));
#12473 = ADVANCED_FACE('',(#12474),#12480,.T.);
#12474 = FACE_BOUND('',#12475,.T.);
#12475 = EDGE_LOOP('',(#12476,#12477,#12478,#12479));
#12476 = ORIENTED_EDGE('',*,*,#3007,.T.);
#12477 = ORIENTED_EDGE('',*,*,#12463,.T.);
#12478 = ORIENTED_EDGE('',*,*,#6165,.F.);
#12479 = ORIENTED_EDGE('',*,*,#12422,.F.);
#12480 = PLANE('',#12481);
#12481 = AXIS2_PLACEMENT_3D('',#12482,#12483,#12484);
#12482 = CARTESIAN_POINT('',(46.319999,-27.139987,-4.6E-02));
#12483 = DIRECTION('',(-1.,0.,0.));
#12484 = DIRECTION('',(0.,1.,0.));
#12485 = ADVANCED_FACE('',(#12486),#12497,.F.);
#12486 = FACE_BOUND('',#12487,.T.);
#12487 = EDGE_LOOP('',(#12488,#12489,#12495,#12496));
#12488 = ORIENTED_EDGE('',*,*,#3032,.T.);
#12489 = ORIENTED_EDGE('',*,*,#12490,.T.);
#12490 = EDGE_CURVE('',#3033,#6191,#12491,.T.);
#12491 = LINE('',#12492,#12493);
#12492 = CARTESIAN_POINT('',(47.35,-26.615,-4.6E-02));
#12493 = VECTOR('',#12494,1.);
#12494 = DIRECTION('',(0.,0.,1.));
#12495 = ORIENTED_EDGE('',*,*,#6190,.F.);
#12496 = ORIENTED_EDGE('',*,*,#12490,.F.);
#12497 = CYLINDRICAL_SURFACE('',#12498,0.375);
#12498 = AXIS2_PLACEMENT_3D('',#12499,#12500,#12501);
#12499 = CARTESIAN_POINT('',(47.35,-26.24,-4.6E-02));
#12500 = DIRECTION('',(-0.,-0.,-1.));
#12501 = DIRECTION('',(-0.,-1.,0.));
#12502 = ADVANCED_FACE('',(#12503),#12514,.F.);
#12503 = FACE_BOUND('',#12504,.T.);
#12504 = EDGE_LOOP('',(#12505,#12506,#12512,#12513));
#12505 = ORIENTED_EDGE('',*,*,#3043,.T.);
#12506 = ORIENTED_EDGE('',*,*,#12507,.T.);
#12507 = EDGE_CURVE('',#3044,#6202,#12508,.T.);
#12508 = LINE('',#12509,#12510);
#12509 = CARTESIAN_POINT('',(12.235,-11.,-4.6E-02));
#12510 = VECTOR('',#12511,1.);
#12511 = DIRECTION('',(0.,0.,1.));
#12512 = ORIENTED_EDGE('',*,*,#6201,.F.);
#12513 = ORIENTED_EDGE('',*,*,#12507,.F.);
#12514 = CYLINDRICAL_SURFACE('',#12515,0.5);
#12515 = AXIS2_PLACEMENT_3D('',#12516,#12517,#12518);
#12516 = CARTESIAN_POINT('',(12.235,-10.5,-4.6E-02));
#12517 = DIRECTION('',(-0.,-0.,-1.));
#12518 = DIRECTION('',(-0.,-1.,0.));
#12519 = ADVANCED_FACE('',(#12520),#12531,.F.);
#12520 = FACE_BOUND('',#12521,.T.);
#12521 = EDGE_LOOP('',(#12522,#12528,#12529,#12530));
#12522 = ORIENTED_EDGE('',*,*,#12523,.T.);
#12523 = EDGE_CURVE('',#3055,#6213,#12524,.T.);
#12524 = LINE('',#12525,#12526);
#12525 = CARTESIAN_POINT('',(9.300207,-5.5,0.));
#12526 = VECTOR('',#12527,1.);
#12527 = DIRECTION('',(0.,0.,1.));
#12528 = ORIENTED_EDGE('',*,*,#6212,.T.);
#12529 = ORIENTED_EDGE('',*,*,#12523,.F.);
#12530 = ORIENTED_EDGE('',*,*,#3054,.F.);
#12531 = CYLINDRICAL_SURFACE('',#12532,3.9);
#12532 = AXIS2_PLACEMENT_3D('',#12533,#12534,#12535);
#12533 = CARTESIAN_POINT('',(5.400207,-5.5,0.));
#12534 = DIRECTION('',(-0.,-0.,-1.));
#12535 = DIRECTION('',(1.,0.,-0.));
#12536 = ADVANCED_FACE('',(#12537),#12548,.F.);
#12537 = FACE_BOUND('',#12538,.T.);
#12538 = EDGE_LOOP('',(#12539,#12540,#12546,#12547));
#12539 = ORIENTED_EDGE('',*,*,#3065,.T.);
#12540 = ORIENTED_EDGE('',*,*,#12541,.T.);
#12541 = EDGE_CURVE('',#3066,#6224,#12542,.T.);
#12542 = LINE('',#12543,#12544);
#12543 = CARTESIAN_POINT('',(14.775,-11.,-4.6E-02));
#12544 = VECTOR('',#12545,1.);
#12545 = DIRECTION('',(0.,0.,1.));
#12546 = ORIENTED_EDGE('',*,*,#6223,.F.);
#12547 = ORIENTED_EDGE('',*,*,#12541,.F.);
#12548 = CYLINDRICAL_SURFACE('',#12549,0.5);
#12549 = AXIS2_PLACEMENT_3D('',#12550,#12551,#12552);
#12550 = CARTESIAN_POINT('',(14.775,-10.5,-4.6E-02));
#12551 = DIRECTION('',(-0.,-0.,-1.));
#12552 = DIRECTION('',(-0.,-1.,0.));
#12553 = ADVANCED_FACE('',(#12554),#12565,.F.);
#12554 = FACE_BOUND('',#12555,.T.);
#12555 = EDGE_LOOP('',(#12556,#12562,#12563,#12564));
#12556 = ORIENTED_EDGE('',*,*,#12557,.T.);
#12557 = EDGE_CURVE('',#3077,#6235,#12558,.T.);
#12558 = LINE('',#12559,#12560);
#12559 = CARTESIAN_POINT('',(35.5,-22.5,0.));
#12560 = VECTOR('',#12561,1.);
#12561 = DIRECTION('',(0.,0.,1.));
#12562 = ORIENTED_EDGE('',*,*,#6234,.T.);
#12563 = ORIENTED_EDGE('',*,*,#12557,.F.);
#12564 = ORIENTED_EDGE('',*,*,#3076,.F.);
#12565 = CYLINDRICAL_SURFACE('',#12566,3.);
#12566 = AXIS2_PLACEMENT_3D('',#12567,#12568,#12569);
#12567 = CARTESIAN_POINT('',(32.5,-22.5,0.));
#12568 = DIRECTION('',(-0.,-0.,-1.));
#12569 = DIRECTION('',(1.,0.,-0.));
#12570 = ADVANCED_FACE('',(#12571),#12587,.F.);
#12571 = FACE_BOUND('',#12572,.T.);
#12572 = EDGE_LOOP('',(#12573,#12574,#12580,#12581));
#12573 = ORIENTED_EDGE('',*,*,#3087,.T.);
#12574 = ORIENTED_EDGE('',*,*,#12575,.T.);
#12575 = EDGE_CURVE('',#3090,#6248,#12576,.T.);
#12576 = LINE('',#12577,#12578);
#12577 = CARTESIAN_POINT('',(46.319999,-22.26,-4.6E-02));
#12578 = VECTOR('',#12579,1.);
#12579 = DIRECTION('',(0.,0.,1.));
#12580 = ORIENTED_EDGE('',*,*,#6245,.F.);
#12581 = ORIENTED_EDGE('',*,*,#12582,.F.);
#12582 = EDGE_CURVE('',#3088,#6246,#12583,.T.);
#12583 = LINE('',#12584,#12585);
#12584 = CARTESIAN_POINT('',(45.520001,-22.26,-4.6E-02));
#12585 = VECTOR('',#12586,1.);
#12586 = DIRECTION('',(0.,0.,1.));
#12587 = CYLINDRICAL_SURFACE('',#12588,0.399999);
#12588 = AXIS2_PLACEMENT_3D('',#12589,#12590,#12591);
#12589 = CARTESIAN_POINT('',(45.92,-22.26,-4.6E-02));
#12590 = DIRECTION('',(-0.,-0.,-1.));
#12591 = DIRECTION('',(1.,8.881806401517E-15,-0.));
#12592 = ADVANCED_FACE('',(#12593),#12604,.T.);
#12593 = FACE_BOUND('',#12594,.T.);
#12594 = EDGE_LOOP('',(#12595,#12596,#12597,#12598));
#12595 = ORIENTED_EDGE('',*,*,#3115,.T.);
#12596 = ORIENTED_EDGE('',*,*,#12582,.T.);
#12597 = ORIENTED_EDGE('',*,*,#6273,.F.);
#12598 = ORIENTED_EDGE('',*,*,#12599,.F.);
#12599 = EDGE_CURVE('',#3107,#6265,#12600,.T.);
#12600 = LINE('',#12601,#12602);
#12601 = CARTESIAN_POINT('',(45.520001,-22.86,-4.6E-02));
#12602 = VECTOR('',#12603,1.);
#12603 = DIRECTION('',(0.,0.,1.));
#12604 = PLANE('',#12605);
#12605 = AXIS2_PLACEMENT_3D('',#12606,#12607,#12608);
#12606 = CARTESIAN_POINT('',(45.520001,-22.26,-4.6E-02));
#12607 = DIRECTION('',(1.,0.,-0.));
#12608 = DIRECTION('',(0.,-1.,0.));
#12609 = ADVANCED_FACE('',(#12610),#12621,.F.);
#12610 = FACE_BOUND('',#12611,.T.);
#12611 = EDGE_LOOP('',(#12612,#12613,#12614,#12615));
#12612 = ORIENTED_EDGE('',*,*,#3106,.T.);
#12613 = ORIENTED_EDGE('',*,*,#12599,.T.);
#12614 = ORIENTED_EDGE('',*,*,#6264,.F.);
#12615 = ORIENTED_EDGE('',*,*,#12616,.F.);
#12616 = EDGE_CURVE('',#3099,#6257,#12617,.T.);
#12617 = LINE('',#12618,#12619);
#12618 = CARTESIAN_POINT('',(46.319999,-22.86,-4.6E-02));
#12619 = VECTOR('',#12620,1.);
#12620 = DIRECTION('',(0.,0.,1.));
#12621 = CYLINDRICAL_SURFACE('',#12622,0.399999);
#12622 = AXIS2_PLACEMENT_3D('',#12623,#12624,#12625);
#12623 = CARTESIAN_POINT('',(45.92,-22.86,-4.6E-02));
#12624 = DIRECTION('',(-0.,-0.,-1.));
#12625 = DIRECTION('',(-1.,-8.881806401517E-15,0.));
#12626 = ADVANCED_FACE('',(#12627),#12633,.T.);
#12627 = FACE_BOUND('',#12628,.T.);
#12628 = EDGE_LOOP('',(#12629,#12630,#12631,#12632));
#12629 = ORIENTED_EDGE('',*,*,#3098,.T.);
#12630 = ORIENTED_EDGE('',*,*,#12616,.T.);
#12631 = ORIENTED_EDGE('',*,*,#6256,.F.);
#12632 = ORIENTED_EDGE('',*,*,#12575,.F.);
#12633 = PLANE('',#12634);
#12634 = AXIS2_PLACEMENT_3D('',#12635,#12636,#12637);
#12635 = CARTESIAN_POINT('',(46.319999,-22.86,-4.6E-02));
#12636 = DIRECTION('',(-1.,0.,0.));
#12637 = DIRECTION('',(0.,1.,0.));
#12638 = ADVANCED_FACE('',(#12639),#12650,.F.);
#12639 = FACE_BOUND('',#12640,.T.);
#12640 = EDGE_LOOP('',(#12641,#12642,#12648,#12649));
#12641 = ORIENTED_EDGE('',*,*,#3123,.T.);
#12642 = ORIENTED_EDGE('',*,*,#12643,.T.);
#12643 = EDGE_CURVE('',#3124,#6282,#12644,.T.);
#12644 = LINE('',#12645,#12646);
#12645 = CARTESIAN_POINT('',(53.15,-26.615,-4.6E-02));
#12646 = VECTOR('',#12647,1.);
#12647 = DIRECTION('',(0.,0.,1.));
#12648 = ORIENTED_EDGE('',*,*,#6281,.F.);
#12649 = ORIENTED_EDGE('',*,*,#12643,.F.);
#12650 = CYLINDRICAL_SURFACE('',#12651,0.375);
#12651 = AXIS2_PLACEMENT_3D('',#12652,#12653,#12654);
#12652 = CARTESIAN_POINT('',(53.15,-26.24,-4.6E-02));
#12653 = DIRECTION('',(-0.,-0.,-1.));
#12654 = DIRECTION('',(-0.,-1.,0.));
#12655 = ADVANCED_FACE('',(#12656),#12672,.F.);
#12656 = FACE_BOUND('',#12657,.T.);
#12657 = EDGE_LOOP('',(#12658,#12659,#12665,#12666));
#12658 = ORIENTED_EDGE('',*,*,#3134,.T.);
#12659 = ORIENTED_EDGE('',*,*,#12660,.T.);
#12660 = EDGE_CURVE('',#3137,#6295,#12661,.T.);
#12661 = LINE('',#12662,#12663);
#12662 = CARTESIAN_POINT('',(54.979999,-26.339988,-4.6E-02));
#12663 = VECTOR('',#12664,1.);
#12664 = DIRECTION('',(0.,0.,1.));
#12665 = ORIENTED_EDGE('',*,*,#6292,.F.);
#12666 = ORIENTED_EDGE('',*,*,#12667,.F.);
#12667 = EDGE_CURVE('',#3135,#6293,#12668,.T.);
#12668 = LINE('',#12669,#12670);
#12669 = CARTESIAN_POINT('',(54.180001,-26.339988,-4.6E-02));
#12670 = VECTOR('',#12671,1.);
#12671 = DIRECTION('',(0.,0.,1.));
#12672 = CYLINDRICAL_SURFACE('',#12673,0.399999);
#12673 = AXIS2_PLACEMENT_3D('',#12674,#12675,#12676);
#12674 = CARTESIAN_POINT('',(54.58,-26.339988,-4.6E-02));
#12675 = DIRECTION('',(-0.,-0.,-1.));
#12676 = DIRECTION('',(1.,8.881806401517E-15,-0.));
#12677 = ADVANCED_FACE('',(#12678),#12689,.T.);
#12678 = FACE_BOUND('',#12679,.T.);
#12679 = EDGE_LOOP('',(#12680,#12681,#12682,#12683));
#12680 = ORIENTED_EDGE('',*,*,#3162,.T.);
#12681 = ORIENTED_EDGE('',*,*,#12667,.T.);
#12682 = ORIENTED_EDGE('',*,*,#6320,.F.);
#12683 = ORIENTED_EDGE('',*,*,#12684,.F.);
#12684 = EDGE_CURVE('',#3154,#6312,#12685,.T.);
#12685 = LINE('',#12686,#12687);
#12686 = CARTESIAN_POINT('',(54.180001,-27.140012,-4.6E-02));
#12687 = VECTOR('',#12688,1.);
#12688 = DIRECTION('',(0.,0.,1.));
#12689 = PLANE('',#12690);
#12690 = AXIS2_PLACEMENT_3D('',#12691,#12692,#12693);
#12691 = CARTESIAN_POINT('',(54.180001,-26.339988,-4.6E-02));
#12692 = DIRECTION('',(1.,0.,-0.));
#12693 = DIRECTION('',(0.,-1.,0.));
#12694 = ADVANCED_FACE('',(#12695),#12706,.F.);
#12695 = FACE_BOUND('',#12696,.T.);
#12696 = EDGE_LOOP('',(#12697,#12698,#12699,#12700));
#12697 = ORIENTED_EDGE('',*,*,#3153,.T.);
#12698 = ORIENTED_EDGE('',*,*,#12684,.T.);
#12699 = ORIENTED_EDGE('',*,*,#6311,.F.);
#12700 = ORIENTED_EDGE('',*,*,#12701,.F.);
#12701 = EDGE_CURVE('',#3146,#6304,#12702,.T.);
#12702 = LINE('',#12703,#12704);
#12703 = CARTESIAN_POINT('',(54.979999,-27.140012,-4.6E-02));
#12704 = VECTOR('',#12705,1.);
#12705 = DIRECTION('',(0.,0.,1.));
#12706 = CYLINDRICAL_SURFACE('',#12707,0.399999);
#12707 = AXIS2_PLACEMENT_3D('',#12708,#12709,#12710);
#12708 = CARTESIAN_POINT('',(54.58,-27.140012,-4.6E-02));
#12709 = DIRECTION('',(-0.,-0.,-1.));
#12710 = DIRECTION('',(-1.,-8.881806401517E-15,0.));
#12711 = ADVANCED_FACE('',(#12712),#12718,.T.);
#12712 = FACE_BOUND('',#12713,.T.);
#12713 = EDGE_LOOP('',(#12714,#12715,#12716,#12717));
#12714 = ORIENTED_EDGE('',*,*,#3145,.T.);
#12715 = ORIENTED_EDGE('',*,*,#12701,.T.);
#12716 = ORIENTED_EDGE('',*,*,#6303,.F.);
#12717 = ORIENTED_EDGE('',*,*,#12660,.F.);
#12718 = PLANE('',#12719);
#12719 = AXIS2_PLACEMENT_3D('',#12720,#12721,#12722);
#12720 = CARTESIAN_POINT('',(54.979999,-27.140012,-4.6E-02));
#12721 = DIRECTION('',(-1.,0.,0.));
#12722 = DIRECTION('',(0.,1.,0.));
#12723 = ADVANCED_FACE('',(#12724),#12740,.T.);
#12724 = FACE_BOUND('',#12725,.T.);
#12725 = EDGE_LOOP('',(#12726,#12732,#12733,#12739));
#12726 = ORIENTED_EDGE('',*,*,#12727,.T.);
#12727 = EDGE_CURVE('',#3171,#6329,#12728,.T.);
#12728 = LINE('',#12729,#12730);
#12729 = CARTESIAN_POINT('',(58.,-31.7,0.));
#12730 = VECTOR('',#12731,1.);
#12731 = DIRECTION('',(0.,0.,1.));
#12732 = ORIENTED_EDGE('',*,*,#6328,.T.);
#12733 = ORIENTED_EDGE('',*,*,#12734,.F.);
#12734 = EDGE_CURVE('',#3173,#6331,#12735,.T.);
#12735 = LINE('',#12736,#12737);
#12736 = CARTESIAN_POINT('',(60.,-31.7,0.));
#12737 = VECTOR('',#12738,1.);
#12738 = DIRECTION('',(0.,0.,1.));
#12739 = ORIENTED_EDGE('',*,*,#3170,.F.);
#12740 = PLANE('',#12741);
#12741 = AXIS2_PLACEMENT_3D('',#12742,#12743,#12744);
#12742 = CARTESIAN_POINT('',(58.,-31.7,0.));
#12743 = DIRECTION('',(0.,1.,0.));
#12744 = DIRECTION('',(1.,0.,0.));
#12745 = ADVANCED_FACE('',(#12746),#12757,.T.);
#12746 = FACE_BOUND('',#12747,.T.);
#12747 = EDGE_LOOP('',(#12748,#12754,#12755,#12756));
#12748 = ORIENTED_EDGE('',*,*,#12749,.T.);
#12749 = EDGE_CURVE('',#3181,#6339,#12750,.T.);
#12750 = LINE('',#12751,#12752);
#12751 = CARTESIAN_POINT('',(58.,-26.7,0.));
#12752 = VECTOR('',#12753,1.);
#12753 = DIRECTION('',(0.,0.,1.));
#12754 = ORIENTED_EDGE('',*,*,#6338,.T.);
#12755 = ORIENTED_EDGE('',*,*,#12727,.F.);
#12756 = ORIENTED_EDGE('',*,*,#3180,.F.);
#12757 = PLANE('',#12758);
#12758 = AXIS2_PLACEMENT_3D('',#12759,#12760,#12761);
#12759 = CARTESIAN_POINT('',(58.,-26.7,0.));
#12760 = DIRECTION('',(1.,0.,-0.));
#12761 = DIRECTION('',(0.,-1.,0.));
#12762 = ADVANCED_FACE('',(#12763),#12774,.T.);
#12763 = FACE_BOUND('',#12764,.T.);
#12764 = EDGE_LOOP('',(#12765,#12766,#12767,#12773));
#12765 = ORIENTED_EDGE('',*,*,#12734,.T.);
#12766 = ORIENTED_EDGE('',*,*,#6354,.T.);
#12767 = ORIENTED_EDGE('',*,*,#12768,.F.);
#12768 = EDGE_CURVE('',#3189,#6347,#12769,.T.);
#12769 = LINE('',#12770,#12771);
#12770 = CARTESIAN_POINT('',(60.,-26.7,0.));
#12771 = VECTOR('',#12772,1.);
#12772 = DIRECTION('',(0.,0.,1.));
#12773 = ORIENTED_EDGE('',*,*,#3196,.F.);
#12774 = PLANE('',#12775);
#12775 = AXIS2_PLACEMENT_3D('',#12776,#12777,#12778);
#12776 = CARTESIAN_POINT('',(60.,-31.7,0.));
#12777 = DIRECTION('',(-1.,0.,0.));
#12778 = DIRECTION('',(0.,1.,0.));
#12779 = ADVANCED_FACE('',(#12780),#12786,.T.);
#12780 = FACE_BOUND('',#12781,.T.);
#12781 = EDGE_LOOP('',(#12782,#12783,#12784,#12785));
#12782 = ORIENTED_EDGE('',*,*,#12768,.T.);
#12783 = ORIENTED_EDGE('',*,*,#6346,.T.);
#12784 = ORIENTED_EDGE('',*,*,#12749,.F.);
#12785 = ORIENTED_EDGE('',*,*,#3188,.F.);
#12786 = PLANE('',#12787);
#12787 = AXIS2_PLACEMENT_3D('',#12788,#12789,#12790);
#12788 = CARTESIAN_POINT('',(60.,-26.7,0.));
#12789 = DIRECTION('',(0.,-1.,0.));
#12790 = DIRECTION('',(-1.,0.,0.));
#12791 = ADVANCED_FACE('',(#12792),#12803,.F.);
#12792 = FACE_BOUND('',#12793,.T.);
#12793 = EDGE_LOOP('',(#12794,#12795,#12801,#12802));
#12794 = ORIENTED_EDGE('',*,*,#3204,.T.);
#12795 = ORIENTED_EDGE('',*,*,#12796,.T.);
#12796 = EDGE_CURVE('',#3205,#6363,#12797,.T.);
#12797 = LINE('',#12798,#12799);
#12798 = CARTESIAN_POINT('',(77.9535,-49.7,-4.6E-02));
#12799 = VECTOR('',#12800,1.);
#12800 = DIRECTION('',(0.,0.,1.));
#12801 = ORIENTED_EDGE('',*,*,#6362,.F.);
#12802 = ORIENTED_EDGE('',*,*,#12796,.F.);
#12803 = CYLINDRICAL_SURFACE('',#12804,0.45);
#12804 = AXIS2_PLACEMENT_3D('',#12805,#12806,#12807);
#12805 = CARTESIAN_POINT('',(77.9535,-49.25,-4.6E-02));
#12806 = DIRECTION('',(-0.,0.,-1.));
#12807 = DIRECTION('',(3.157967714489E-14,-1.,-0.));
#12808 = ADVANCED_FACE('',(#12809),#12825,.F.);
#12809 = FACE_BOUND('',#12810,.T.);
#12810 = EDGE_LOOP('',(#12811,#12812,#12818,#12819));
#12811 = ORIENTED_EDGE('',*,*,#3215,.T.);
#12812 = ORIENTED_EDGE('',*,*,#12813,.T.);
#12813 = EDGE_CURVE('',#3218,#6376,#12814,.T.);
#12814 = LINE('',#12815,#12816);
#12815 = CARTESIAN_POINT('',(54.979999,-22.26,-4.6E-02));
#12816 = VECTOR('',#12817,1.);
#12817 = DIRECTION('',(0.,0.,1.));
#12818 = ORIENTED_EDGE('',*,*,#6373,.F.);
#12819 = ORIENTED_EDGE('',*,*,#12820,.F.);
#12820 = EDGE_CURVE('',#3216,#6374,#12821,.T.);
#12821 = LINE('',#12822,#12823);
#12822 = CARTESIAN_POINT('',(54.180001,-22.26,-4.6E-02));
#12823 = VECTOR('',#12824,1.);
#12824 = DIRECTION('',(0.,0.,1.));
#12825 = CYLINDRICAL_SURFACE('',#12826,0.399999);
#12826 = AXIS2_PLACEMENT_3D('',#12827,#12828,#12829);
#12827 = CARTESIAN_POINT('',(54.58,-22.26,-4.6E-02));
#12828 = DIRECTION('',(-0.,-0.,-1.));
#12829 = DIRECTION('',(1.,8.881806401517E-15,-0.));
#12830 = ADVANCED_FACE('',(#12831),#12842,.T.);
#12831 = FACE_BOUND('',#12832,.T.);
#12832 = EDGE_LOOP('',(#12833,#12834,#12835,#12836));
#12833 = ORIENTED_EDGE('',*,*,#3243,.T.);
#12834 = ORIENTED_EDGE('',*,*,#12820,.T.);
#12835 = ORIENTED_EDGE('',*,*,#6401,.F.);
#12836 = ORIENTED_EDGE('',*,*,#12837,.F.);
#12837 = EDGE_CURVE('',#3235,#6393,#12838,.T.);
#12838 = LINE('',#12839,#12840);
#12839 = CARTESIAN_POINT('',(54.180001,-22.86,-4.6E-02));
#12840 = VECTOR('',#12841,1.);
#12841 = DIRECTION('',(0.,0.,1.));
#12842 = PLANE('',#12843);
#12843 = AXIS2_PLACEMENT_3D('',#12844,#12845,#12846);
#12844 = CARTESIAN_POINT('',(54.180001,-22.26,-4.6E-02));
#12845 = DIRECTION('',(1.,0.,-0.));
#12846 = DIRECTION('',(0.,-1.,0.));
#12847 = ADVANCED_FACE('',(#12848),#12859,.F.);
#12848 = FACE_BOUND('',#12849,.T.);
#12849 = EDGE_LOOP('',(#12850,#12851,#12852,#12853));
#12850 = ORIENTED_EDGE('',*,*,#3234,.T.);
#12851 = ORIENTED_EDGE('',*,*,#12837,.T.);
#12852 = ORIENTED_EDGE('',*,*,#6392,.F.);
#12853 = ORIENTED_EDGE('',*,*,#12854,.F.);
#12854 = EDGE_CURVE('',#3227,#6385,#12855,.T.);
#12855 = LINE('',#12856,#12857);
#12856 = CARTESIAN_POINT('',(54.979999,-22.86,-4.6E-02));
#12857 = VECTOR('',#12858,1.);
#12858 = DIRECTION('',(0.,0.,1.));
#12859 = CYLINDRICAL_SURFACE('',#12860,0.399999);
#12860 = AXIS2_PLACEMENT_3D('',#12861,#12862,#12863);
#12861 = CARTESIAN_POINT('',(54.58,-22.86,-4.6E-02));
#12862 = DIRECTION('',(-0.,-0.,-1.));
#12863 = DIRECTION('',(-1.,-8.881806401517E-15,0.));
#12864 = ADVANCED_FACE('',(#12865),#12871,.T.);
#12865 = FACE_BOUND('',#12866,.T.);
#12866 = EDGE_LOOP('',(#12867,#12868,#12869,#12870));
#12867 = ORIENTED_EDGE('',*,*,#3226,.T.);
#12868 = ORIENTED_EDGE('',*,*,#12854,.T.);
#12869 = ORIENTED_EDGE('',*,*,#6384,.F.);
#12870 = ORIENTED_EDGE('',*,*,#12813,.F.);
#12871 = PLANE('',#12872);
#12872 = AXIS2_PLACEMENT_3D('',#12873,#12874,#12875);
#12873 = CARTESIAN_POINT('',(54.979999,-22.86,-4.6E-02));
#12874 = DIRECTION('',(-1.,0.,0.));
#12875 = DIRECTION('',(0.,1.,0.));
#12876 = ADVANCED_FACE('',(#12877),#12888,.F.);
#12877 = FACE_BOUND('',#12878,.T.);
#12878 = EDGE_LOOP('',(#12879,#12885,#12886,#12887));
#12879 = ORIENTED_EDGE('',*,*,#12880,.T.);
#12880 = EDGE_CURVE('',#3252,#6410,#12881,.T.);
#12881 = LINE('',#12882,#12883);
#12882 = CARTESIAN_POINT('',(70.5,-22.5,0.));
#12883 = VECTOR('',#12884,1.);
#12884 = DIRECTION('',(0.,0.,1.));
#12885 = ORIENTED_EDGE('',*,*,#6409,.T.);
#12886 = ORIENTED_EDGE('',*,*,#12880,.F.);
#12887 = ORIENTED_EDGE('',*,*,#3251,.F.);
#12888 = CYLINDRICAL_SURFACE('',#12889,3.);
#12889 = AXIS2_PLACEMENT_3D('',#12890,#12891,#12892);
#12890 = CARTESIAN_POINT('',(67.5,-22.5,0.));
#12891 = DIRECTION('',(-0.,-0.,-1.));
#12892 = DIRECTION('',(1.,0.,-0.));
#12893 = ADVANCED_FACE('',(#12894),#12905,.F.);
#12894 = FACE_BOUND('',#12895,.T.);
#12895 = EDGE_LOOP('',(#12896,#12897,#12903,#12904));
#12896 = ORIENTED_EDGE('',*,*,#3262,.T.);
#12897 = ORIENTED_EDGE('',*,*,#12898,.T.);
#12898 = EDGE_CURVE('',#3263,#6421,#12899,.T.);
#12899 = LINE('',#12900,#12901);
#12900 = CARTESIAN_POINT('',(84.477208,-11.,-4.6E-02));
#12901 = VECTOR('',#12902,1.);
#12902 = DIRECTION('',(0.,0.,1.));
#12903 = ORIENTED_EDGE('',*,*,#6420,.F.);
#12904 = ORIENTED_EDGE('',*,*,#12898,.F.);
#12905 = CYLINDRICAL_SURFACE('',#12906,0.5);
#12906 = AXIS2_PLACEMENT_3D('',#12907,#12908,#12909);
#12907 = CARTESIAN_POINT('',(84.477208,-10.5,-4.6E-02));
#12908 = DIRECTION('',(-0.,-0.,-1.));
#12909 = DIRECTION('',(-0.,-1.,0.));
#12910 = ADVANCED_FACE('',(#12911),#12922,.F.);
#12911 = FACE_BOUND('',#12912,.T.);
#12912 = EDGE_LOOP('',(#12913,#12914,#12920,#12921));
#12913 = ORIENTED_EDGE('',*,*,#3273,.T.);
#12914 = ORIENTED_EDGE('',*,*,#12915,.T.);
#12915 = EDGE_CURVE('',#3274,#6432,#12916,.T.);
#12916 = LINE('',#12917,#12918);
#12917 = CARTESIAN_POINT('',(87.017208,-11.,-4.6E-02));
#12918 = VECTOR('',#12919,1.);
#12919 = DIRECTION('',(0.,0.,1.));
#12920 = ORIENTED_EDGE('',*,*,#6431,.F.);
#12921 = ORIENTED_EDGE('',*,*,#12915,.F.);
#12922 = CYLINDRICAL_SURFACE('',#12923,0.5);
#12923 = AXIS2_PLACEMENT_3D('',#12924,#12925,#12926);
#12924 = CARTESIAN_POINT('',(87.017208,-10.5,-4.6E-02));
#12925 = DIRECTION('',(-0.,-0.,-1.));
#12926 = DIRECTION('',(-0.,-1.,0.));
#12927 = ADVANCED_FACE('',(#12928),#12939,.F.);
#12928 = FACE_BOUND('',#12929,.T.);
#12929 = EDGE_LOOP('',(#12930,#12936,#12937,#12938));
#12930 = ORIENTED_EDGE('',*,*,#12931,.T.);
#12931 = EDGE_CURVE('',#3285,#6443,#12932,.T.);
#12932 = LINE('',#12933,#12934);
#12933 = CARTESIAN_POINT('',(98.300207,-5.5,0.));
#12934 = VECTOR('',#12935,1.);
#12935 = DIRECTION('',(0.,0.,1.));
#12936 = ORIENTED_EDGE('',*,*,#6442,.T.);
#12937 = ORIENTED_EDGE('',*,*,#12931,.F.);
#12938 = ORIENTED_EDGE('',*,*,#3284,.F.);
#12939 = CYLINDRICAL_SURFACE('',#12940,3.9);
#12940 = AXIS2_PLACEMENT_3D('',#12941,#12942,#12943);
#12941 = CARTESIAN_POINT('',(94.400207,-5.5,0.));
#12942 = DIRECTION('',(-0.,-0.,-1.));
#12943 = DIRECTION('',(1.,0.,-0.));
#12944 = ( GEOMETRIC_REPRESENTATION_CONTEXT(3) 
GLOBAL_UNCERTAINTY_ASSIGNED_CONTEXT((#12948)) 
GLOBAL_UNIT_ASSIGNED_CONTEXT((#12945,#12946,#12947)) 
REPRESENTATION_CONTEXT('Context #1',
  '3D Context with UNIT and UNCERTAINTY') );
#12945 = ( LENGTH_UNIT() NAMED_UNIT(*) SI_UNIT(.MILLI.,.METRE.) );
#12946 = ( NAMED_UNIT(*) PLANE_ANGLE_UNIT() SI_UNIT($,.RADIAN.) );
#12947 = ( NAMED_UNIT(*) SI_UNIT($,.STERADIAN.) SOLID_ANGLE_UNIT() );
#12948 = UNCERTAINTY_MEASURE_WITH_UNIT(LENGTH_MEASURE(1.E-07),#12945,
  'distance_accuracy_value','confusion accuracy');
#12949 = CONTEXT_DEPENDENT_SHAPE_REPRESENTATION(#12950,#12952);
#12950 = ( REPRESENTATION_RELATIONSHIP('','',#32,#10) 
REPRESENTATION_RELATIONSHIP_WITH_TRANSFORMATION(#12951) 
SHAPE_REPRESENTATION_RELATIONSHIP() );
#12951 = ITEM_DEFINED_TRANSFORMATION('','',#11,#15);
#12952 = PRODUCT_DEFINITION_SHAPE('Placement','Placement of an item',
  #12953);
#12953 = NEXT_ASSEMBLY_USAGE_OCCURRENCE('1','=>[0:1:1:2]','',#5,#27,$);
#12954 = PRODUCT_RELATED_PRODUCT_CATEGORY('part',$,(#29));
#12955 = MECHANICAL_DESIGN_GEOMETRIC_PRESENTATION_REPRESENTATION('',(
    #12956),#12944);
#12956 = STYLED_ITEM('color',(#12957),#33);
#12957 = PRESENTATION_STYLE_ASSIGNMENT((#12958));
#12958 = SURFACE_STYLE_USAGE(.BOTH.,#12959);
#12959 = SURFACE_SIDE_STYLE('',(#12960));
#12960 = SURFACE_STYLE_FILL_AREA(#12961);
#12961 = FILL_AREA_STYLE('',(#12962));
#12962 = FILL_AREA_STYLE_COLOUR('',#12963);
#12963 = COLOUR_RGB('',0.313304153717,0.484529207832,0.410020903123);
ENDSEC;
END-ISO-10303-21;
